kode_kec,nama_kec,kode_kab,nama_kab,kode_prov,nama_prov
110101,Bakongan,1101,KABUPATEN ACEH SELATAN,11,ACEH
110102,Kluet Utara,1101,KABUPATEN ACEH SELATAN,11,ACEH
110103,Kluet Selatan,1101,KABUPATEN ACEH SELATAN,11,ACEH
110104,Labuhan Haji,1101,KABUPATEN ACEH SELATAN,11,ACEH
110105,Meukek,1101,KABUPATEN ACEH SELATAN,11,ACEH
110106,Samadua,1101,KABUPATEN ACEH SELATAN,11,ACEH
110107,Sawang,1101,KABUPATEN ACEH SELATAN,11,ACEH
110108,Tapaktuan,1101,KABUPATEN ACEH SELATAN,11,ACEH
110109,Trumon,1101,KABUPATEN ACEH SELATAN,11,ACEH
110110,Pasi Raja,1101,KABUPATEN ACEH SELATAN,11,ACEH
110111,Labuhan Haji Timur,1101,KABUPATEN ACEH SELATAN,11,ACEH
110112,Labuhan Haji Barat,1101,KABUPATEN ACEH SELATAN,11,ACEH
110113,Kluet Tengah,1101,KABUPATEN ACEH SELATAN,11,ACEH
110114,Kluet Timur,1101,KABUPATEN ACEH SELATAN,11,ACEH
110115,Bakongan Timur,1101,KABUPATEN ACEH SELATAN,11,ACEH
110116,Trumon Timur,1101,KABUPATEN ACEH SELATAN,11,ACEH
110117,Kota Bahagia,1101,KABUPATEN ACEH SELATAN,11,ACEH
110118,Trumon Tengah,1101,KABUPATEN ACEH SELATAN,11,ACEH
110201,Lawe Alas,1102,KABUPATEN ACEH TENGGARA,11,ACEH
110202,Lawe Sigala-Gala,1102,KABUPATEN ACEH TENGGARA,11,ACEH
110203,Bambel,1102,KABUPATEN ACEH TENGGARA,11,ACEH
110204,Babussalam,1102,KABUPATEN ACEH TENGGARA,11,ACEH
110205,Badar,1102,KABUPATEN ACEH TENGGARA,11,ACEH
110206,Babul Makmur,1102,KABUPATEN ACEH TENGGARA,11,ACEH
110207,Darul Hasanah,1102,KABUPATEN ACEH TENGGARA,11,ACEH
110208,Lawe Bulan,1102,KABUPATEN ACEH TENGGARA,11,ACEH
110209,Bukit Tusam,1102,KABUPATEN ACEH TENGGARA,11,ACEH
110210,Semadam,1102,KABUPATEN ACEH TENGGARA,11,ACEH
110211,Babul Rahmah,1102,KABUPATEN ACEH TENGGARA,11,ACEH
110212,Ketambe,1102,KABUPATEN ACEH TENGGARA,11,ACEH
110213,Deleng Pokhkisen,1102,KABUPATEN ACEH TENGGARA,11,ACEH
110214,Lawe Sumur,1102,KABUPATEN ACEH TENGGARA,11,ACEH
110215,Tanoh Alas,1102,KABUPATEN ACEH TENGGARA,11,ACEH
110216,Leuser,1102,KABUPATEN ACEH TENGGARA,11,ACEH
110301,Darul Aman,1103,KABUPATEN ACEH TIMUR,11,ACEH
110302,Julok,1103,KABUPATEN ACEH TIMUR,11,ACEH
110303,Idi Rayeuk,1103,KABUPATEN ACEH TIMUR,11,ACEH
110304,Birem Bayeun,1103,KABUPATEN ACEH TIMUR,11,ACEH
110305,Serbajadi,1103,KABUPATEN ACEH TIMUR,11,ACEH
110306,Nurussalam,1103,KABUPATEN ACEH TIMUR,11,ACEH
110307,Peureulak,1103,KABUPATEN ACEH TIMUR,11,ACEH
110308,Rantau Selamat,1103,KABUPATEN ACEH TIMUR,11,ACEH
110309,Simpang Ulim,1103,KABUPATEN ACEH TIMUR,11,ACEH
110310,Rantau Peureulak,1103,KABUPATEN ACEH TIMUR,11,ACEH
110311,Pante Bidari,1103,KABUPATEN ACEH TIMUR,11,ACEH
110312,Madat,1103,KABUPATEN ACEH TIMUR,11,ACEH
110313,Indra Makmu,1103,KABUPATEN ACEH TIMUR,11,ACEH
110314,Idi Tunong,1103,KABUPATEN ACEH TIMUR,11,ACEH
110315,Banda Alam,1103,KABUPATEN ACEH TIMUR,11,ACEH
110316,Peudawa,1103,KABUPATEN ACEH TIMUR,11,ACEH
110317,Peureulak Timur,1103,KABUPATEN ACEH TIMUR,11,ACEH
110318,Peureulak Barat,1103,KABUPATEN ACEH TIMUR,11,ACEH
110319,Sungai Raya,1103,KABUPATEN ACEH TIMUR,11,ACEH
110320,Simpang Jernih,1103,KABUPATEN ACEH TIMUR,11,ACEH
110321,Darul Ihsan,1103,KABUPATEN ACEH TIMUR,11,ACEH
110322,Darul Falah,1103,KABUPATEN ACEH TIMUR,11,ACEH
110323,Idi Timur,1103,KABUPATEN ACEH TIMUR,11,ACEH
110324,Peunaron,1103,KABUPATEN ACEH TIMUR,11,ACEH
110401,Linge,1104,KABUPATEN ACEH TENGAH,11,ACEH
110402,Silih Nara,1104,KABUPATEN ACEH TENGAH,11,ACEH
110403,Bebesen,1104,KABUPATEN ACEH TENGAH,11,ACEH
110407,Pegasing,1104,KABUPATEN ACEH TENGAH,11,ACEH
110408,Bintang,1104,KABUPATEN ACEH TENGAH,11,ACEH
110410,Ketol,1104,KABUPATEN ACEH TENGAH,11,ACEH
110411,Kebayakan,1104,KABUPATEN ACEH TENGAH,11,ACEH
110412,Kute Panang,1104,KABUPATEN ACEH TENGAH,11,ACEH
110413,Celala,1104,KABUPATEN ACEH TENGAH,11,ACEH
110417,Laut Tawar,1104,KABUPATEN ACEH TENGAH,11,ACEH
110418,Atu Lintang,1104,KABUPATEN ACEH TENGAH,11,ACEH
110419,Jagong Jeget,1104,KABUPATEN ACEH TENGAH,11,ACEH
110420,Bies,1104,KABUPATEN ACEH TENGAH,11,ACEH
110421,Rusip Antara,1104,KABUPATEN ACEH TENGAH,11,ACEH
110501,Johan Pahwalan,1105,KABUPATEN ACEH BARAT,11,ACEH
110502,Kaway XVI,1105,KABUPATEN ACEH BARAT,11,ACEH
110503,Sungai Mas,1105,KABUPATEN ACEH BARAT,11,ACEH
110504,Woyla,1105,KABUPATEN ACEH BARAT,11,ACEH
110505,Samatiga,1105,KABUPATEN ACEH BARAT,11,ACEH
110506,Bubon,1105,KABUPATEN ACEH BARAT,11,ACEH
110507,Arongan Lambalek,1105,KABUPATEN ACEH BARAT,11,ACEH
110508,Pante Ceureumen,1105,KABUPATEN ACEH BARAT,11,ACEH
110509,Meureubo,1105,KABUPATEN ACEH BARAT,11,ACEH
110510,Woyla Barat,1105,KABUPATEN ACEH BARAT,11,ACEH
110511,Woyla Timur,1105,KABUPATEN ACEH BARAT,11,ACEH
110512,Panton Reu,1105,KABUPATEN ACEH BARAT,11,ACEH
110601,Lhoong,1106,KABUPATEN ACEH BESAR,11,ACEH
110602,Lhoknga,1106,KABUPATEN ACEH BESAR,11,ACEH
110603,Indrapuri,1106,KABUPATEN ACEH BESAR,11,ACEH
110604,Seulimeum,1106,KABUPATEN ACEH BESAR,11,ACEH
110605,Montasik,1106,KABUPATEN ACEH BESAR,11,ACEH
110606,Sukamakmur,1106,KABUPATEN ACEH BESAR,11,ACEH
110607,Darul Imarah,1106,KABUPATEN ACEH BESAR,11,ACEH
110608,Peukan Bada,1106,KABUPATEN ACEH BESAR,11,ACEH
110609,Mesjid Raya,1106,KABUPATEN ACEH BESAR,11,ACEH
110610,Ingin Jaya,1106,KABUPATEN ACEH BESAR,11,ACEH
110611,Kuta Baro,1106,KABUPATEN ACEH BESAR,11,ACEH
110612,Darussalam,1106,KABUPATEN ACEH BESAR,11,ACEH
110613,Pulo Aceh,1106,KABUPATEN ACEH BESAR,11,ACEH
110614,Lembah Seulawah,1106,KABUPATEN ACEH BESAR,11,ACEH
110615,Kota Jantho,1106,KABUPATEN ACEH BESAR,11,ACEH
110616,Kota Cot Glie,1106,KABUPATEN ACEH BESAR,11,ACEH
110617,Kuta Malaka,1106,KABUPATEN ACEH BESAR,11,ACEH
110618,Simpang Tiga,1106,KABUPATEN ACEH BESAR,11,ACEH
110619,Darul Kamal,1106,KABUPATEN ACEH BESAR,11,ACEH
110620,Baitussalam,1106,KABUPATEN ACEH BESAR,11,ACEH
110621,Krueng Barona Jaya,1106,KABUPATEN ACEH BESAR,11,ACEH
110622,Leupung,1106,KABUPATEN ACEH BESAR,11,ACEH
110623,Blang Bintang,1106,KABUPATEN ACEH BESAR,11,ACEH
110703,Batee,1107,KABUPATEN PIDIE,11,ACEH
110704,Delima,1107,KABUPATEN PIDIE,11,ACEH
110705,Geumpang,1107,KABUPATEN PIDIE,11,ACEH
110706,Geulumpang Tiga,1107,KABUPATEN PIDIE,11,ACEH
110707,Indra Jaya,1107,KABUPATEN PIDIE,11,ACEH
110708,Kembang Tanjong,1107,KABUPATEN PIDIE,11,ACEH
110709,Kota Sigli,1107,KABUPATEN PIDIE,11,ACEH
110711,Mila,1107,KABUPATEN PIDIE,11,ACEH
110712,Muara Tiga,1107,KABUPATEN PIDIE,11,ACEH
110713,Mutiara,1107,KABUPATEN PIDIE,11,ACEH
110714,Padang Tiji,1107,KABUPATEN PIDIE,11,ACEH
110715,Peukan Baro,1107,KABUPATEN PIDIE,11,ACEH
110716,Pidie,1107,KABUPATEN PIDIE,11,ACEH
110717,Sakti,1107,KABUPATEN PIDIE,11,ACEH
110718,Simpang Tiga,1107,KABUPATEN PIDIE,11,ACEH
110719,Tangse,1107,KABUPATEN PIDIE,11,ACEH
110721,Tiro/Truseb,1107,KABUPATEN PIDIE,11,ACEH
110722,Keumala,1107,KABUPATEN PIDIE,11,ACEH
110724,Mutiara Timur,1107,KABUPATEN PIDIE,11,ACEH
110725,Grong-grong,1107,KABUPATEN PIDIE,11,ACEH
110727,Mane,1107,KABUPATEN PIDIE,11,ACEH
110729,Glumpang Baro,1107,KABUPATEN PIDIE,11,ACEH
110731,Titeue,1107,KABUPATEN PIDIE,11,ACEH
110801,Baktiya,1108,KABUPATEN ACEH UTARA,11,ACEH
110802,Dewantara,1108,KABUPATEN ACEH UTARA,11,ACEH
110803,Kuta Makmur,1108,KABUPATEN ACEH UTARA,11,ACEH
110804,Lhoksukon,1108,KABUPATEN ACEH UTARA,11,ACEH
110805,Matangkuli,1108,KABUPATEN ACEH UTARA,11,ACEH
110806,Muara Batu,1108,KABUPATEN ACEH UTARA,11,ACEH
110807,Meurah Mulia,1108,KABUPATEN ACEH UTARA,11,ACEH
110808,Samudera,1108,KABUPATEN ACEH UTARA,11,ACEH
110809,Seunuddon,1108,KABUPATEN ACEH UTARA,11,ACEH
110810,Syamtalira Aron,1108,KABUPATEN ACEH UTARA,11,ACEH
110811,Syamtalira Bayu,1108,KABUPATEN ACEH UTARA,11,ACEH
110812,Tanah Luas,1108,KABUPATEN ACEH UTARA,11,ACEH
110813,Tanah Pasir,1108,KABUPATEN ACEH UTARA,11,ACEH
110814,T. Jambo Aye,1108,KABUPATEN ACEH UTARA,11,ACEH
110815,Sawang,1108,KABUPATEN ACEH UTARA,11,ACEH
110816,Nisam,1108,KABUPATEN ACEH UTARA,11,ACEH
110817,Cot Girek,1108,KABUPATEN ACEH UTARA,11,ACEH
110818,Langkahan,1108,KABUPATEN ACEH UTARA,11,ACEH
110819,Baktiya Barat,1108,KABUPATEN ACEH UTARA,11,ACEH
110820,Paya Bakong,1108,KABUPATEN ACEH UTARA,11,ACEH
110821,Nibong,1108,KABUPATEN ACEH UTARA,11,ACEH
110822,Simpang Kramat,1108,KABUPATEN ACEH UTARA,11,ACEH
110823,Lapang,1108,KABUPATEN ACEH UTARA,11,ACEH
110824,Pirak Timur,1108,KABUPATEN ACEH UTARA,11,ACEH
110825,Geuredong Pase,1108,KABUPATEN ACEH UTARA,11,ACEH
110826,Banda Baro,1108,KABUPATEN ACEH UTARA,11,ACEH
110827,Nisam Antara,1108,KABUPATEN ACEH UTARA,11,ACEH
110901,Simeulue Tengah,1109,KABUPATEN SIMEULUE,11,ACEH
110902,Salang,1109,KABUPATEN SIMEULUE,11,ACEH
110903,Teupah Barat,1109,KABUPATEN SIMEULUE,11,ACEH
110904,Simeulue Timur,1109,KABUPATEN SIMEULUE,11,ACEH
110905,Teluk Dalam,1109,KABUPATEN SIMEULUE,11,ACEH
110906,Simeulue Barat,1109,KABUPATEN SIMEULUE,11,ACEH
110907,Teupah Selatan,1109,KABUPATEN SIMEULUE,11,ACEH
110908,Alapan,1109,KABUPATEN SIMEULUE,11,ACEH
110909,Teupah Tengah,1109,KABUPATEN SIMEULUE,11,ACEH
110910,Simeulue Cut,1109,KABUPATEN SIMEULUE,11,ACEH
111001,Pulau Banyak,1110,KABUPATEN ACEH SINGKIL,11,ACEH
111002,Simpang Kanan,1110,KABUPATEN ACEH SINGKIL,11,ACEH
111004,Singkil,1110,KABUPATEN ACEH SINGKIL,11,ACEH
111006,Gunung Meriah,1110,KABUPATEN ACEH SINGKIL,11,ACEH
111009,Kota Baharu,1110,KABUPATEN ACEH SINGKIL,11,ACEH
111010,Singkil Utara,1110,KABUPATEN ACEH SINGKIL,11,ACEH
111011,Danau Paris,1110,KABUPATEN ACEH SINGKIL,11,ACEH
111012,Suro Makmur,1110,KABUPATEN ACEH SINGKIL,11,ACEH
111013,Singkohor,1110,KABUPATEN ACEH SINGKIL,11,ACEH
111014,Kuala Baru,1110,KABUPATEN ACEH SINGKIL,11,ACEH
111016,Pulau Banyak Barat,1110,KABUPATEN ACEH SINGKIL,11,ACEH
111101,Samalanga,1111,KABUPATEN BIREUEN,11,ACEH
111102,Jeunieb,1111,KABUPATEN BIREUEN,11,ACEH
111103,Peudada,1111,KABUPATEN BIREUEN,11,ACEH
111104,Jeumpa,1111,KABUPATEN BIREUEN,11,ACEH
111105,Peusangan,1111,KABUPATEN BIREUEN,11,ACEH
111106,Makmur,1111,KABUPATEN BIREUEN,11,ACEH
111107,Gandapura,1111,KABUPATEN BIREUEN,11,ACEH
111108,Pandrah,1111,KABUPATEN BIREUEN,11,ACEH
111109,Juli,1111,KABUPATEN BIREUEN,11,ACEH
111110,Jangka,1111,KABUPATEN BIREUEN,11,ACEH
111111,Simpang Mamplam,1111,KABUPATEN BIREUEN,11,ACEH
111112,Peulimbang,1111,KABUPATEN BIREUEN,11,ACEH
111113,Kota Juang,1111,KABUPATEN BIREUEN,11,ACEH
111114,Kuala,1111,KABUPATEN BIREUEN,11,ACEH
111115,Peusangan Siblah Krueng,1111,KABUPATEN BIREUEN,11,ACEH
111116,Peusangan Selatan,1111,KABUPATEN BIREUEN,11,ACEH
111117,Kuta Blang,1111,KABUPATEN BIREUEN,11,ACEH
111201,Blang Pidie,1112,KABUPATEN ACEH BARAT DAYA,11,ACEH
111202,Tangan-Tangan,1112,KABUPATEN ACEH BARAT DAYA,11,ACEH
111203,Manggeng,1112,KABUPATEN ACEH BARAT DAYA,11,ACEH
111204,Susoh,1112,KABUPATEN ACEH BARAT DAYA,11,ACEH
111205,Kuala Batee,1112,KABUPATEN ACEH BARAT DAYA,11,ACEH
111206,Babah Rot,1112,KABUPATEN ACEH BARAT DAYA,11,ACEH
111207,Setia,1112,KABUPATEN ACEH BARAT DAYA,11,ACEH
111208,Jeumpa,1112,KABUPATEN ACEH BARAT DAYA,11,ACEH
111209,Lembah Sabil,1112,KABUPATEN ACEH BARAT DAYA,11,ACEH
111301,Blangkejeren,1113,KABUPATEN GAYO LUES,11,ACEH
111302,Kutapanjang,1113,KABUPATEN GAYO LUES,11,ACEH
111303,Rikit Gaib,1113,KABUPATEN GAYO LUES,11,ACEH
111304,Terangun,1113,KABUPATEN GAYO LUES,11,ACEH
111305,Pining,1113,KABUPATEN GAYO LUES,11,ACEH
111306,Blangpegayon,1113,KABUPATEN GAYO LUES,11,ACEH
111307,Puteri Betung,1113,KABUPATEN GAYO LUES,11,ACEH
111308,Dabun Gelang,1113,KABUPATEN GAYO LUES,11,ACEH
111309,Blangjerango,1113,KABUPATEN GAYO LUES,11,ACEH
111310,Teripe Jaya,1113,KABUPATEN GAYO LUES,11,ACEH
111311,Pantan Cuaca,1113,KABUPATEN GAYO LUES,11,ACEH
111401,Teunom,1114,KABUPATEN ACEH JAYA,11,ACEH
111402,Krueng Sabee,1114,KABUPATEN ACEH JAYA,11,ACEH
111403,Setia Bhakti,1114,KABUPATEN ACEH JAYA,11,ACEH
111404,Sampoiniet,1114,KABUPATEN ACEH JAYA,11,ACEH
111405,Jaya,1114,KABUPATEN ACEH JAYA,11,ACEH
111406,Panga,1114,KABUPATEN ACEH JAYA,11,ACEH
111407,Indra Jaya,1114,KABUPATEN ACEH JAYA,11,ACEH
111408,Darul Hikmah,1114,KABUPATEN ACEH JAYA,11,ACEH
111409,Pasie Raya,1114,KABUPATEN ACEH JAYA,11,ACEH
111501,Kuala,1115,KABUPATEN NAGAN RAYA,11,ACEH
111502,Seunagan,1115,KABUPATEN NAGAN RAYA,11,ACEH
111503,Seunagan Timur,1115,KABUPATEN NAGAN RAYA,11,ACEH
111504,Beutong,1115,KABUPATEN NAGAN RAYA,11,ACEH
111505,Darul Makmur,1115,KABUPATEN NAGAN RAYA,11,ACEH
111506,Suka Makmue,1115,KABUPATEN NAGAN RAYA,11,ACEH
111507,Kuala Pesisir,1115,KABUPATEN NAGAN RAYA,11,ACEH
111508,Tadu Raya,1115,KABUPATEN NAGAN RAYA,11,ACEH
111509,Tripa Makmur,1115,KABUPATEN NAGAN RAYA,11,ACEH
111510,Beutong Ateuh Banggalang,1115,KABUPATEN NAGAN RAYA,11,ACEH
111601,Manyak Payed,1116,KABUPATEN ACEH TAMIANG,11,ACEH
111602,Bendahara,1116,KABUPATEN ACEH TAMIANG,11,ACEH
111603,Karang Baru,1116,KABUPATEN ACEH TAMIANG,11,ACEH
111604,Seruway,1116,KABUPATEN ACEH TAMIANG,11,ACEH
111605,Kota Kualasinpang,1116,KABUPATEN ACEH TAMIANG,11,ACEH
111606,Kejuruan Muda,1116,KABUPATEN ACEH TAMIANG,11,ACEH
111607,Tamiang Hulu,1116,KABUPATEN ACEH TAMIANG,11,ACEH
111608,Rantau,1116,KABUPATEN ACEH TAMIANG,11,ACEH
111609,Banda Mulia,1116,KABUPATEN ACEH TAMIANG,11,ACEH
111610,Bandar Pusaka,1116,KABUPATEN ACEH TAMIANG,11,ACEH
111611,Tenggulun,1116,KABUPATEN ACEH TAMIANG,11,ACEH
111612,Sekerak,1116,KABUPATEN ACEH TAMIANG,11,ACEH
111701,Pintu Rime Gayo,1117,KABUPATEN BENER MERIAH,11,ACEH
111702,Permata,1117,KABUPATEN BENER MERIAH,11,ACEH
111703,Syiah Utama,1117,KABUPATEN BENER MERIAH,11,ACEH
111704,Bandar,1117,KABUPATEN BENER MERIAH,11,ACEH
111705,Bukit,1117,KABUPATEN BENER MERIAH,11,ACEH
111706,Wih Pesam,1117,KABUPATEN BENER MERIAH,11,ACEH
111707,Timang gajah,1117,KABUPATEN BENER MERIAH,11,ACEH
111708,Bener Kelipah,1117,KABUPATEN BENER MERIAH,11,ACEH
111709,Mesidah,1117,KABUPATEN BENER MERIAH,11,ACEH
111710,Gajah Putih,1117,KABUPATEN BENER MERIAH,11,ACEH
111801,Meureudu,1118,KABUPATEN PIDIE JAYA,11,ACEH
111802,Ulim,1118,KABUPATEN PIDIE JAYA,11,ACEH
111803,Jangka Buaya,1118,KABUPATEN PIDIE JAYA,11,ACEH
111804,Bandar Dua,1118,KABUPATEN PIDIE JAYA,11,ACEH
111805,Meurah Dua,1118,KABUPATEN PIDIE JAYA,11,ACEH
111806,Bandar Baru,1118,KABUPATEN PIDIE JAYA,11,ACEH
111807,Panteraja,1118,KABUPATEN PIDIE JAYA,11,ACEH
111808,Trienggadeng,1118,KABUPATEN PIDIE JAYA,11,ACEH
117101,Baiturrahman,1171,KOTA BANDA ACEH,11,ACEH
117102,Kuta Alam,1171,KOTA BANDA ACEH,11,ACEH
117103,Meuraxa,1171,KOTA BANDA ACEH,11,ACEH
117104,Syiah Kuala,1171,KOTA BANDA ACEH,11,ACEH
117105,Lueng Bata,1171,KOTA BANDA ACEH,11,ACEH
117106,Kuta Raja,1171,KOTA BANDA ACEH,11,ACEH
117107,Banda Raya,1171,KOTA BANDA ACEH,11,ACEH
117108,Jaya Baru,1171,KOTA BANDA ACEH,11,ACEH
117109,Ulee Kareng,1171,KOTA BANDA ACEH,11,ACEH
117201,Sukakarya,1172,KOTA SABANG,11,ACEH
117202,Sukajaya,1172,KOTA SABANG,11,ACEH
117203,Sukamakmue,1172,KOTA SABANG,11,ACEH
117301,Muara Dua,1173,KOTA LHOKSEUMAWE,11,ACEH
117302,Banda Sakti,1173,KOTA LHOKSEUMAWE,11,ACEH
117303,Blang Mangat,1173,KOTA LHOKSEUMAWE,11,ACEH
117304,Muara Satu,1173,KOTA LHOKSEUMAWE,11,ACEH
117401,Langsa Timur,1174,KOTA LANGSA,11,ACEH
117402,Langsa Barat,1174,KOTA LANGSA,11,ACEH
117403,Langsa Kota,1174,KOTA LANGSA,11,ACEH
117404,Langsa Lama,1174,KOTA LANGSA,11,ACEH
117405,Langsa Baro,1174,KOTA LANGSA,11,ACEH
117501,Simpang Kiri,1175,KOTA SUBULUSSALAM,11,ACEH
117502,Penanggalan,1175,KOTA SUBULUSSALAM,11,ACEH
117503,Rundeng,1175,KOTA SUBULUSSALAM,11,ACEH
117504,Sultan Daulat,1175,KOTA SUBULUSSALAM,11,ACEH
117505,Longkib,1175,KOTA SUBULUSSALAM,11,ACEH
120101,Barus,1201,KABUPATEN TAPANULI TENGAH,12,SUMATERA UTARA
120102,Sorkam,1201,KABUPATEN TAPANULI TENGAH,12,SUMATERA UTARA
120103,Pandan,1201,KABUPATEN TAPANULI TENGAH,12,SUMATERA UTARA
120104,Pinangsori,1201,KABUPATEN TAPANULI TENGAH,12,SUMATERA UTARA
120105,Manduamas,1201,KABUPATEN TAPANULI TENGAH,12,SUMATERA UTARA
120106,Kolang,1201,KABUPATEN TAPANULI TENGAH,12,SUMATERA UTARA
120107,Tapian Nauli,1201,KABUPATEN TAPANULI TENGAH,12,SUMATERA UTARA
120108,Sibabangun,1201,KABUPATEN TAPANULI TENGAH,12,SUMATERA UTARA
120109,Sosorgadong,1201,KABUPATEN TAPANULI TENGAH,12,SUMATERA UTARA
120110,Sorkam Barat,1201,KABUPATEN TAPANULI TENGAH,12,SUMATERA UTARA
120111,Sirandorung,1201,KABUPATEN TAPANULI TENGAH,12,SUMATERA UTARA
120112,Andam Dewi,1201,KABUPATEN TAPANULI TENGAH,12,SUMATERA UTARA
120113,Sitahuis,1201,KABUPATEN TAPANULI TENGAH,12,SUMATERA UTARA
120114,Tukka,1201,KABUPATEN TAPANULI TENGAH,12,SUMATERA UTARA
120115,Badiri,1201,KABUPATEN TAPANULI TENGAH,12,SUMATERA UTARA
120116,Pasaribu Tobing,1201,KABUPATEN TAPANULI TENGAH,12,SUMATERA UTARA
120117,Barus Utara,1201,KABUPATEN TAPANULI TENGAH,12,SUMATERA UTARA
120118,Suka Bangun,1201,KABUPATEN TAPANULI TENGAH,12,SUMATERA UTARA
120119,Lumut,1201,KABUPATEN TAPANULI TENGAH,12,SUMATERA UTARA
120120,Sarudik,1201,KABUPATEN TAPANULI TENGAH,12,SUMATERA UTARA
120201,Tarutung,1202,KABUPATEN TAPANULI UTARA,12,SUMATERA UTARA
120202,Siatas Barita,1202,KABUPATEN TAPANULI UTARA,12,SUMATERA UTARA
120203,Adian Koting,1202,KABUPATEN TAPANULI UTARA,12,SUMATERA UTARA
120204,Sipoholon,1202,KABUPATEN TAPANULI UTARA,12,SUMATERA UTARA
120205,Pahae Julu,1202,KABUPATEN TAPANULI UTARA,12,SUMATERA UTARA
120206,Pahae Jae,1202,KABUPATEN TAPANULI UTARA,12,SUMATERA UTARA
120207,Simangumban,1202,KABUPATEN TAPANULI UTARA,12,SUMATERA UTARA
120208,Purba Tua,1202,KABUPATEN TAPANULI UTARA,12,SUMATERA UTARA
120209,Siborong-Borong,1202,KABUPATEN TAPANULI UTARA,12,SUMATERA UTARA
120210,Pagaran,1202,KABUPATEN TAPANULI UTARA,12,SUMATERA UTARA
120211,Parmonangan,1202,KABUPATEN TAPANULI UTARA,12,SUMATERA UTARA
120212,Sipahutar,1202,KABUPATEN TAPANULI UTARA,12,SUMATERA UTARA
120213,Pangaribuan,1202,KABUPATEN TAPANULI UTARA,12,SUMATERA UTARA
120214,Garoga,1202,KABUPATEN TAPANULI UTARA,12,SUMATERA UTARA
120215,Muara,1202,KABUPATEN TAPANULI UTARA,12,SUMATERA UTARA
120301,Angkola Barat,1203,KABUPATEN TAPANULI SELATAN,12,SUMATERA UTARA
120302,Batang Toru,1203,KABUPATEN TAPANULI SELATAN,12,SUMATERA UTARA
120303,Angkola Timur,1203,KABUPATEN TAPANULI SELATAN,12,SUMATERA UTARA
120304,Sipirok,1203,KABUPATEN TAPANULI SELATAN,12,SUMATERA UTARA
120305,Saipar Dolok Hole,1203,KABUPATEN TAPANULI SELATAN,12,SUMATERA UTARA
120306,Angkola Selatan,1203,KABUPATEN TAPANULI SELATAN,12,SUMATERA UTARA
120307,Batang Angkola,1203,KABUPATEN TAPANULI SELATAN,12,SUMATERA UTARA
120314,Arse,1203,KABUPATEN TAPANULI SELATAN,12,SUMATERA UTARA
120320,Marancar,1203,KABUPATEN TAPANULI SELATAN,12,SUMATERA UTARA
120321,Sayur Matinggi,1203,KABUPATEN TAPANULI SELATAN,12,SUMATERA UTARA
120322,Aek Bilah,1203,KABUPATEN TAPANULI SELATAN,12,SUMATERA UTARA
120329,Muara Batang Toru,1203,KABUPATEN TAPANULI SELATAN,12,SUMATERA UTARA
120330,Tano Tombangan Angkola,1203,KABUPATEN TAPANULI SELATAN,12,SUMATERA UTARA
120331,Angkola Sangkunur,1203,KABUPATEN TAPANULI SELATAN,12,SUMATERA UTARA
120332,Angkola Muara Tais,1203,KABUPATEN TAPANULI SELATAN,12,SUMATERA UTARA
120405,Hiliduho,1204,KABUPATEN NIAS,12,SUMATERA UTARA
120406,Gido,1204,KABUPATEN NIAS,12,SUMATERA UTARA
120410,Idanogawo,1204,KABUPATEN NIAS,12,SUMATERA UTARA
120411,Bawolato,1204,KABUPATEN NIAS,12,SUMATERA UTARA
120420,Hiliserangkai,1204,KABUPATEN NIAS,12,SUMATERA UTARA
120421,Botomuzoi,1204,KABUPATEN NIAS,12,SUMATERA UTARA
120427,Ulugawo,1204,KABUPATEN NIAS,12,SUMATERA UTARA
120428,Ma'u,1204,KABUPATEN NIAS,12,SUMATERA UTARA
120429,Somolo-molo,1204,KABUPATEN NIAS,12,SUMATERA UTARA
120435,Sogae'adu,1204,KABUPATEN NIAS,12,SUMATERA UTARA
120501,Bahorok,1205,KABUPATEN LANGKAT,12,SUMATERA UTARA
120502,Salapian,1205,KABUPATEN LANGKAT,12,SUMATERA UTARA
120503,Kuala,1205,KABUPATEN LANGKAT,12,SUMATERA UTARA
120504,Sei Bingei,1205,KABUPATEN LANGKAT,12,SUMATERA UTARA
120505,Binjai,1205,KABUPATEN LANGKAT,12,SUMATERA UTARA
120506,Selesai,1205,KABUPATEN LANGKAT,12,SUMATERA UTARA
120507,Stabat,1205,KABUPATEN LANGKAT,12,SUMATERA UTARA
120508,Wampu,1205,KABUPATEN LANGKAT,12,SUMATERA UTARA
120509,Secanggang,1205,KABUPATEN LANGKAT,12,SUMATERA UTARA
120510,Hinai,1205,KABUPATEN LANGKAT,12,SUMATERA UTARA
120511,Tanjung Pura,1205,KABUPATEN LANGKAT,12,SUMATERA UTARA
120512,Padang Tualang,1205,KABUPATEN LANGKAT,12,SUMATERA UTARA
120513,Gebang,1205,KABUPATEN LANGKAT,12,SUMATERA UTARA
120514,Babalan,1205,KABUPATEN LANGKAT,12,SUMATERA UTARA
120515,Pangkalan Susu,1205,KABUPATEN LANGKAT,12,SUMATERA UTARA
120516,Besitang,1205,KABUPATEN LANGKAT,12,SUMATERA UTARA
120517,Sei Lepan,1205,KABUPATEN LANGKAT,12,SUMATERA UTARA
120518,Berandan Barat,1205,KABUPATEN LANGKAT,12,SUMATERA UTARA
120519,Batang Serangan,1205,KABUPATEN LANGKAT,12,SUMATERA UTARA
120520,Sawit Seberang,1205,KABUPATEN LANGKAT,12,SUMATERA UTARA
120521,Sirapit,1205,KABUPATEN LANGKAT,12,SUMATERA UTARA
120522,Kutambaru,1205,KABUPATEN LANGKAT,12,SUMATERA UTARA
120523,Pematang Jaya,1205,KABUPATEN LANGKAT,12,SUMATERA UTARA
120601,Kabanjahe,1206,KABUPATEN KARO,12,SUMATERA UTARA
120602,Berastagi,1206,KABUPATEN KARO,12,SUMATERA UTARA
120603,Barusjahe,1206,KABUPATEN KARO,12,SUMATERA UTARA
120604,Tigapanah,1206,KABUPATEN KARO,12,SUMATERA UTARA
120605,Merek,1206,KABUPATEN KARO,12,SUMATERA UTARA
120606,Munte,1206,KABUPATEN KARO,12,SUMATERA UTARA
120607,Juhar,1206,KABUPATEN KARO,12,SUMATERA UTARA
120608,Tigabinanga,1206,KABUPATEN KARO,12,SUMATERA UTARA
120609,Laubaleng,1206,KABUPATEN KARO,12,SUMATERA UTARA
120610,Mardingding,1206,KABUPATEN KARO,12,SUMATERA UTARA
120611,Payung,1206,KABUPATEN KARO,12,SUMATERA UTARA
120612,Simpang Empat,1206,KABUPATEN KARO,12,SUMATERA UTARA
120613,Kutabuluh,1206,KABUPATEN KARO,12,SUMATERA UTARA
120614,Dolat Rayat,1206,KABUPATEN KARO,12,SUMATERA UTARA
120615,Merdeka,1206,KABUPATEN KARO,12,SUMATERA UTARA
120616,Naman Teran,1206,KABUPATEN KARO,12,SUMATERA UTARA
120617,Tiganderket,1206,KABUPATEN KARO,12,SUMATERA UTARA
120701,Gunung Meriah,1207,KABUPATEN DELI SERDANG,12,SUMATERA UTARA
120702,Tanjung Morawa,1207,KABUPATEN DELI SERDANG,12,SUMATERA UTARA
120703,Sibolangit,1207,KABUPATEN DELI SERDANG,12,SUMATERA UTARA
120704,Kutalimbaru,1207,KABUPATEN DELI SERDANG,12,SUMATERA UTARA
120705,Pancur Batu,1207,KABUPATEN DELI SERDANG,12,SUMATERA UTARA
120706,Namorambe,1207,KABUPATEN DELI SERDANG,12,SUMATERA UTARA
120707,Sibiru-biru,1207,KABUPATEN DELI SERDANG,12,SUMATERA UTARA
120708,STM Hilir,1207,KABUPATEN DELI SERDANG,12,SUMATERA UTARA
120709,Bangun Purba,1207,KABUPATEN DELI SERDANG,12,SUMATERA UTARA
120719,Galang,1207,KABUPATEN DELI SERDANG,12,SUMATERA UTARA
120720,STM Hulu,1207,KABUPATEN DELI SERDANG,12,SUMATERA UTARA
120721,Patumbak,1207,KABUPATEN DELI SERDANG,12,SUMATERA UTARA
120722,Deli Tua,1207,KABUPATEN DELI SERDANG,12,SUMATERA UTARA
120723,Sunggal,1207,KABUPATEN DELI SERDANG,12,SUMATERA UTARA
120724,Hamparan Perak,1207,KABUPATEN DELI SERDANG,12,SUMATERA UTARA
120725,Labuhan Deli,1207,KABUPATEN DELI SERDANG,12,SUMATERA UTARA
120726,Percut Sei Tuan,1207,KABUPATEN DELI SERDANG,12,SUMATERA UTARA
120727,Batang Kuis,1207,KABUPATEN DELI SERDANG,12,SUMATERA UTARA
120728,Lubuk Pakam,1207,KABUPATEN DELI SERDANG,12,SUMATERA UTARA
120731,Pagar Merbau,1207,KABUPATEN DELI SERDANG,12,SUMATERA UTARA
120732,Pantai Labu,1207,KABUPATEN DELI SERDANG,12,SUMATERA UTARA
120733,Beringin,1207,KABUPATEN DELI SERDANG,12,SUMATERA UTARA
120801,Siantar,1208,KABUPATEN SIMALUNGUN,12,SUMATERA UTARA
120802,Gunung Malela,1208,KABUPATEN SIMALUNGUN,12,SUMATERA UTARA
120803,Gunung Maligas,1208,KABUPATEN SIMALUNGUN,12,SUMATERA UTARA
120804,Panei,1208,KABUPATEN SIMALUNGUN,12,SUMATERA UTARA
120805,Panombeian Pane,1208,KABUPATEN SIMALUNGUN,12,SUMATERA UTARA
120806,Jorlang Hataran,1208,KABUPATEN SIMALUNGUN,12,SUMATERA UTARA
120807,Raya Kahean,1208,KABUPATEN SIMALUNGUN,12,SUMATERA UTARA
120808,Bosar Maligas,1208,KABUPATEN SIMALUNGUN,12,SUMATERA UTARA
120809,Sidamanik,1208,KABUPATEN SIMALUNGUN,12,SUMATERA UTARA
120810,Pematang Sidamanik,1208,KABUPATEN SIMALUNGUN,12,SUMATERA UTARA
120811,Tanah Jawa,1208,KABUPATEN SIMALUNGUN,12,SUMATERA UTARA
120812,Hatonduhan,1208,KABUPATEN SIMALUNGUN,12,SUMATERA UTARA
120813,Dolok Panribuan,1208,KABUPATEN SIMALUNGUN,12,SUMATERA UTARA
120814,Purba,1208,KABUPATEN SIMALUNGUN,12,SUMATERA UTARA
120815,Haranggaol Horison,1208,KABUPATEN SIMALUNGUN,12,SUMATERA UTARA
120816,Girsang Sipangan Bolon,1208,KABUPATEN SIMALUNGUN,12,SUMATERA UTARA
120817,Dolok Batu Nanggar,1208,KABUPATEN SIMALUNGUN,12,SUMATERA UTARA
120818,Huta Bayu Raja,1208,KABUPATEN SIMALUNGUN,12,SUMATERA UTARA
120819,Jawa Maraja Bah Jambi,1208,KABUPATEN SIMALUNGUN,12,SUMATERA UTARA
120820,Dolok Pardamean,1208,KABUPATEN SIMALUNGUN,12,SUMATERA UTARA
120821,Pematang Bandar,1208,KABUPATEN SIMALUNGUN,12,SUMATERA UTARA
120822,Bandar Huluan,1208,KABUPATEN SIMALUNGUN,12,SUMATERA UTARA
120823,Bandar,1208,KABUPATEN SIMALUNGUN,12,SUMATERA UTARA
120824,Bandar Masilam,1208,KABUPATEN SIMALUNGUN,12,SUMATERA UTARA
120825,Silimakuta,1208,KABUPATEN SIMALUNGUN,12,SUMATERA UTARA
120826,Dolok Silau,1208,KABUPATEN SIMALUNGUN,12,SUMATERA UTARA
120827,Silou Kahean,1208,KABUPATEN SIMALUNGUN,12,SUMATERA UTARA
120828,Tapian Dolok,1208,KABUPATEN SIMALUNGUN,12,SUMATERA UTARA
120829,Raya,1208,KABUPATEN SIMALUNGUN,12,SUMATERA UTARA
120830,Ujung Padang,1208,KABUPATEN SIMALUNGUN,12,SUMATERA UTARA
120831,Pamatang Silima Huta,1208,KABUPATEN SIMALUNGUN,12,SUMATERA UTARA
120832,Dolog Masagal,1208,KABUPATEN SIMALUNGUN,12,SUMATERA UTARA
120908,Meranti,1209,KABUPATEN ASAHAN,12,SUMATERA UTARA
120909,Air Joman,1209,KABUPATEN ASAHAN,12,SUMATERA UTARA
120910,Tanjung Balai,1209,KABUPATEN ASAHAN,12,SUMATERA UTARA
120911,Sei Kepayang,1209,KABUPATEN ASAHAN,12,SUMATERA UTARA
120912,Simpang Empat,1209,KABUPATEN ASAHAN,12,SUMATERA UTARA
120913,Air Batu,1209,KABUPATEN ASAHAN,12,SUMATERA UTARA
120914,Pulau Rakyat,1209,KABUPATEN ASAHAN,12,SUMATERA UTARA
120915,Bandar Pulau,1209,KABUPATEN ASAHAN,12,SUMATERA UTARA
120916,Buntu Pane,1209,KABUPATEN ASAHAN,12,SUMATERA UTARA
120917,Bandar Pasir Mandoge,1209,KABUPATEN ASAHAN,12,SUMATERA UTARA
120918,Aek Kuasan,1209,KABUPATEN ASAHAN,12,SUMATERA UTARA
120919,Kota Kisaran Barat,1209,KABUPATEN ASAHAN,12,SUMATERA UTARA
120920,Kota Kisaran Timur,1209,KABUPATEN ASAHAN,12,SUMATERA UTARA
120921,Aek Songsongan,1209,KABUPATEN ASAHAN,12,SUMATERA UTARA
120922,Rahunig,1209,KABUPATEN ASAHAN,12,SUMATERA UTARA
120923,Sei Dadap,1209,KABUPATEN ASAHAN,12,SUMATERA UTARA
120924,Sei Kepayang Barat,1209,KABUPATEN ASAHAN,12,SUMATERA UTARA
120925,Sei Kepayang Timur,1209,KABUPATEN ASAHAN,12,SUMATERA UTARA
120926,Tinggi Raja,1209,KABUPATEN ASAHAN,12,SUMATERA UTARA
120927,Setia Janji,1209,KABUPATEN ASAHAN,12,SUMATERA UTARA
120928,Silau Laut,1209,KABUPATEN ASAHAN,12,SUMATERA UTARA
120929,Rawang Panca Arga,1209,KABUPATEN ASAHAN,12,SUMATERA UTARA
120930,Pulo Bandring,1209,KABUPATEN ASAHAN,12,SUMATERA UTARA
120931,Teluk Dalam,1209,KABUPATEN ASAHAN,12,SUMATERA UTARA
120932,Aek Ledong,1209,KABUPATEN ASAHAN,12,SUMATERA UTARA
121001,Rantau Utara,1210,KABUPATEN LABUHANBATU,12,SUMATERA UTARA
121002,Rantau Selatan,1210,KABUPATEN LABUHANBATU,12,SUMATERA UTARA
121007,Bilah Barat,1210,KABUPATEN LABUHANBATU,12,SUMATERA UTARA
121008,Bilah Hilir,1210,KABUPATEN LABUHANBATU,12,SUMATERA UTARA
121009,Bilah Hulu,1210,KABUPATEN LABUHANBATU,12,SUMATERA UTARA
121014,Pangkatan,1210,KABUPATEN LABUHANBATU,12,SUMATERA UTARA
121018,Panai Tengah,1210,KABUPATEN LABUHANBATU,12,SUMATERA UTARA
121019,Panai Hilir,1210,KABUPATEN LABUHANBATU,12,SUMATERA UTARA
121020,Panai Hulu,1210,KABUPATEN LABUHANBATU,12,SUMATERA UTARA
121101,Sidikalang,1211,KABUPATEN DAIRI,12,SUMATERA UTARA
121102,Sumbul,1211,KABUPATEN DAIRI,12,SUMATERA UTARA
121103,Tigalingga,1211,KABUPATEN DAIRI,12,SUMATERA UTARA
121104,Siempat Nempu,1211,KABUPATEN DAIRI,12,SUMATERA UTARA
121105,Silima Pungga Pungga,1211,KABUPATEN DAIRI,12,SUMATERA UTARA
121106,Tanah Pinem,1211,KABUPATEN DAIRI,12,SUMATERA UTARA
121107,Siempat Nempu Hulu,1211,KABUPATEN DAIRI,12,SUMATERA UTARA
121108,Siempat Nempu Hilir,1211,KABUPATEN DAIRI,12,SUMATERA UTARA
121109,Pegagan Hilir,1211,KABUPATEN DAIRI,12,SUMATERA UTARA
121110,Parbuluan,1211,KABUPATEN DAIRI,12,SUMATERA UTARA
121111,Lae Parira,1211,KABUPATEN DAIRI,12,SUMATERA UTARA
121112,Gunung Sitember,1211,KABUPATEN DAIRI,12,SUMATERA UTARA
121113,Berampu,1211,KABUPATEN DAIRI,12,SUMATERA UTARA
121114,Silahisabungan,1211,KABUPATEN DAIRI,12,SUMATERA UTARA
121115,Sitinjo,1211,KABUPATEN DAIRI,12,SUMATERA UTARA
121201,Balige,1212,KABUPATEN TOBA,12,SUMATERA UTARA
121202,Laguboti,1212,KABUPATEN TOBA,12,SUMATERA UTARA
121203,Silaen,1212,KABUPATEN TOBA,12,SUMATERA UTARA
121204,Habinsaran,1212,KABUPATEN TOBA,12,SUMATERA UTARA
121205,Pintu Pohan Meranti,1212,KABUPATEN TOBA,12,SUMATERA UTARA
121206,Borbor,1212,KABUPATEN TOBA,12,SUMATERA UTARA
121207,Porsea,1212,KABUPATEN TOBA,12,SUMATERA UTARA
121208,Ajibata,1212,KABUPATEN TOBA,12,SUMATERA UTARA
121209,Lumban Julu,1212,KABUPATEN TOBA,12,SUMATERA UTARA
121210,Uluan,1212,KABUPATEN TOBA,12,SUMATERA UTARA
121219,Sigumpar,1212,KABUPATEN TOBA,12,SUMATERA UTARA
121220,Siantar Narumonda,1212,KABUPATEN TOBA,12,SUMATERA UTARA
121221,Nassau,1212,KABUPATEN TOBA,12,SUMATERA UTARA
121222,Tampahan,1212,KABUPATEN TOBA,12,SUMATERA UTARA
121223,Bonatua Lunasi,1212,KABUPATEN TOBA,12,SUMATERA UTARA
121224,Parmaksian,1212,KABUPATEN TOBA,12,SUMATERA UTARA
121301,Panyabungan,1213,KABUPATEN MANDAILING NATAL,12,SUMATERA UTARA
121302,Panyabungan Utara,1213,KABUPATEN MANDAILING NATAL,12,SUMATERA UTARA
121303,Panyabungan Timur,1213,KABUPATEN MANDAILING NATAL,12,SUMATERA UTARA
121304,Panyabungan Selatan,1213,KABUPATEN MANDAILING NATAL,12,SUMATERA UTARA
121305,Panyabungan Barat,1213,KABUPATEN MANDAILING NATAL,12,SUMATERA UTARA
121306,Siabu,1213,KABUPATEN MANDAILING NATAL,12,SUMATERA UTARA
121307,Bukit Malintang,1213,KABUPATEN MANDAILING NATAL,12,SUMATERA UTARA
121308,Kotanopan,1213,KABUPATEN MANDAILING NATAL,12,SUMATERA UTARA
121309,Lembah Sorik Marapi,1213,KABUPATEN MANDAILING NATAL,12,SUMATERA UTARA
121310,Tambangan,1213,KABUPATEN MANDAILING NATAL,12,SUMATERA UTARA
121311,Ulu Pungkut,1213,KABUPATEN MANDAILING NATAL,12,SUMATERA UTARA
121312,Muara Sipongi,1213,KABUPATEN MANDAILING NATAL,12,SUMATERA UTARA
121313,Batang Natal,1213,KABUPATEN MANDAILING NATAL,12,SUMATERA UTARA
121314,Lingga Bayu,1213,KABUPATEN MANDAILING NATAL,12,SUMATERA UTARA
121315,Batahan,1213,KABUPATEN MANDAILING NATAL,12,SUMATERA UTARA
121316,Natal,1213,KABUPATEN MANDAILING NATAL,12,SUMATERA UTARA
121317,Muara Batang Gadis,1213,KABUPATEN MANDAILING NATAL,12,SUMATERA UTARA
121318,Ranto Baek,1213,KABUPATEN MANDAILING NATAL,12,SUMATERA UTARA
121319,Huta Bargot,1213,KABUPATEN MANDAILING NATAL,12,SUMATERA UTARA
121320,Puncak Sorik Marapi,1213,KABUPATEN MANDAILING NATAL,12,SUMATERA UTARA
121321,Pakantan,1213,KABUPATEN MANDAILING NATAL,12,SUMATERA UTARA
121322,Sinunukan,1213,KABUPATEN MANDAILING NATAL,12,SUMATERA UTARA
121323,Naga Juang,1213,KABUPATEN MANDAILING NATAL,12,SUMATERA UTARA
121401,Lolomatua,1214,KABUPATEN NIAS SELATAN,12,SUMATERA UTARA
121402,Gomo,1214,KABUPATEN NIAS SELATAN,12,SUMATERA UTARA
121403,Lahusa,1214,KABUPATEN NIAS SELATAN,12,SUMATERA UTARA
121404,Hibala,1214,KABUPATEN NIAS SELATAN,12,SUMATERA UTARA
121405,Pulau-Pulau Batu,1214,KABUPATEN NIAS SELATAN,12,SUMATERA UTARA
121406,Teluk Dalam,1214,KABUPATEN NIAS SELATAN,12,SUMATERA UTARA
121407,Amandraya,1214,KABUPATEN NIAS SELATAN,12,SUMATERA UTARA
121408,Lolowau,1214,KABUPATEN NIAS SELATAN,12,SUMATERA UTARA
121409,Susua,1214,KABUPATEN NIAS SELATAN,12,SUMATERA UTARA
121410,Maniamolo,1214,KABUPATEN NIAS SELATAN,12,SUMATERA UTARA
121411,Hilimegai,1214,KABUPATEN NIAS SELATAN,12,SUMATERA UTARA
121412,Toma,1214,KABUPATEN NIAS SELATAN,12,SUMATERA UTARA
121413,Mazino,1214,KABUPATEN NIAS SELATAN,12,SUMATERA UTARA
121414,Umbunasi,1214,KABUPATEN NIAS SELATAN,12,SUMATERA UTARA
121415,Aramo,1214,KABUPATEN NIAS SELATAN,12,SUMATERA UTARA
121416,Pulau-Pulau Batu Timur,1214,KABUPATEN NIAS SELATAN,12,SUMATERA UTARA
121417,Mazo,1214,KABUPATEN NIAS SELATAN,12,SUMATERA UTARA
121418,Fanayama,1214,KABUPATEN NIAS SELATAN,12,SUMATERA UTARA
121419,Ulunoyo,1214,KABUPATEN NIAS SELATAN,12,SUMATERA UTARA
121420,Huruna,1214,KABUPATEN NIAS SELATAN,12,SUMATERA UTARA
121421,O'o'u,1214,KABUPATEN NIAS SELATAN,12,SUMATERA UTARA
121422,Onohazumba,1214,KABUPATEN NIAS SELATAN,12,SUMATERA UTARA
121423,Hilisalawa'ahe,1214,KABUPATEN NIAS SELATAN,12,SUMATERA UTARA
121424,Ulususua,1214,KABUPATEN NIAS SELATAN,12,SUMATERA UTARA
121425,Sidua'ori,1214,KABUPATEN NIAS SELATAN,12,SUMATERA UTARA
121426,Somambawa,1214,KABUPATEN NIAS SELATAN,12,SUMATERA UTARA
121427,Boronadu,1214,KABUPATEN NIAS SELATAN,12,SUMATERA UTARA
121428,Simuk,1214,KABUPATEN NIAS SELATAN,12,SUMATERA UTARA
121429,Pulau-Pulau Batu Barat,1214,KABUPATEN NIAS SELATAN,12,SUMATERA UTARA
121430,Pulau-Pulau Batu Utara,1214,KABUPATEN NIAS SELATAN,12,SUMATERA UTARA
121431,Tanah Masa,1214,KABUPATEN NIAS SELATAN,12,SUMATERA UTARA
121432,Luahagundre Maniamolo,1214,KABUPATEN NIAS SELATAN,12,SUMATERA UTARA
121433,Onolalu,1214,KABUPATEN NIAS SELATAN,12,SUMATERA UTARA
121434,Ulu Idanotae,1214,KABUPATEN NIAS SELATAN,12,SUMATERA UTARA
121435,Idanotae,1214,KABUPATEN NIAS SELATAN,12,SUMATERA UTARA
121501,Sitelu Tali Urang Jehe,1215,KABUPATEN PAKPAK BHARAT,12,SUMATERA UTARA
121502,Kerajaan,1215,KABUPATEN PAKPAK BHARAT,12,SUMATERA UTARA
121503,Salak,1215,KABUPATEN PAKPAK BHARAT,12,SUMATERA UTARA
121504,Sitelu Tali Urang Julu,1215,KABUPATEN PAKPAK BHARAT,12,SUMATERA UTARA
121505,Pergetteng Getteng Sengkut,1215,KABUPATEN PAKPAK BHARAT,12,SUMATERA UTARA
121506,Pagindar,1215,KABUPATEN PAKPAK BHARAT,12,SUMATERA UTARA
121507,Tinada,1215,KABUPATEN PAKPAK BHARAT,12,SUMATERA UTARA
121508,Siempat Rube,1215,KABUPATEN PAKPAK BHARAT,12,SUMATERA UTARA
121601,Parlilitan,1216,KABUPATEN HUMBANG HASUNDUTAN,12,SUMATERA UTARA
121602,Pollung,1216,KABUPATEN HUMBANG HASUNDUTAN,12,SUMATERA UTARA
121603,Baktiraja,1216,KABUPATEN HUMBANG HASUNDUTAN,12,SUMATERA UTARA
121604,Paranginan,1216,KABUPATEN HUMBANG HASUNDUTAN,12,SUMATERA UTARA
121605,Lintong Nihuta,1216,KABUPATEN HUMBANG HASUNDUTAN,12,SUMATERA UTARA
121606,Dolok Sanggul,1216,KABUPATEN HUMBANG HASUNDUTAN,12,SUMATERA UTARA
121607,Sijamapolang,1216,KABUPATEN HUMBANG HASUNDUTAN,12,SUMATERA UTARA
121608,Onan Ganjang,1216,KABUPATEN HUMBANG HASUNDUTAN,12,SUMATERA UTARA
121609,Pakkat,1216,KABUPATEN HUMBANG HASUNDUTAN,12,SUMATERA UTARA
121610,Tarabintang,1216,KABUPATEN HUMBANG HASUNDUTAN,12,SUMATERA UTARA
121701,Simanindo,1217,KABUPATEN SAMOSIR,12,SUMATERA UTARA
121702,Onan Runggu,1217,KABUPATEN SAMOSIR,12,SUMATERA UTARA
121703,Nainggolan,1217,KABUPATEN SAMOSIR,12,SUMATERA UTARA
121704,Palipi,1217,KABUPATEN SAMOSIR,12,SUMATERA UTARA
121705,Harian,1217,KABUPATEN SAMOSIR,12,SUMATERA UTARA
121706,Sianjar Mula Mula,1217,KABUPATEN SAMOSIR,12,SUMATERA UTARA
121707,Ronggur Nihuta,1217,KABUPATEN SAMOSIR,12,SUMATERA UTARA
121708,Pangururan,1217,KABUPATEN SAMOSIR,12,SUMATERA UTARA
121709,Sitio-tio,1217,KABUPATEN SAMOSIR,12,SUMATERA UTARA
121801,Pantai Cermin,1218,KABUPATEN SERDANG BEDAGAI,12,SUMATERA UTARA
121802,Perbaungan,1218,KABUPATEN SERDANG BEDAGAI,12,SUMATERA UTARA
121803,Teluk Mengkudu,1218,KABUPATEN SERDANG BEDAGAI,12,SUMATERA UTARA
121804,Sei Rampah,1218,KABUPATEN SERDANG BEDAGAI,12,SUMATERA UTARA
121805,Tanjung Beringin,1218,KABUPATEN SERDANG BEDAGAI,12,SUMATERA UTARA
121806,Bandar Khalipah,1218,KABUPATEN SERDANG BEDAGAI,12,SUMATERA UTARA
121807,Dolok Merawan,1218,KABUPATEN SERDANG BEDAGAI,12,SUMATERA UTARA
121808,Sipispis,1218,KABUPATEN SERDANG BEDAGAI,12,SUMATERA UTARA
121809,Dolok Masihul,1218,KABUPATEN SERDANG BEDAGAI,12,SUMATERA UTARA
121810,Kotarih,1218,KABUPATEN SERDANG BEDAGAI,12,SUMATERA UTARA
121811,Silinda,1218,KABUPATEN SERDANG BEDAGAI,12,SUMATERA UTARA
121812,Serba Jadi,1218,KABUPATEN SERDANG BEDAGAI,12,SUMATERA UTARA
121813,Tebing Tinggi,1218,KABUPATEN SERDANG BEDAGAI,12,SUMATERA UTARA
121814,Pegajahan,1218,KABUPATEN SERDANG BEDAGAI,12,SUMATERA UTARA
121815,Sei Bamban,1218,KABUPATEN SERDANG BEDAGAI,12,SUMATERA UTARA
121816,Tebing Syahbandar,1218,KABUPATEN SERDANG BEDAGAI,12,SUMATERA UTARA
121817,Bintang Bayu,1218,KABUPATEN SERDANG BEDAGAI,12,SUMATERA UTARA
121901,Medang Deras,1219,KABUPATEN BATU BARA,12,SUMATERA UTARA
121902,Sei Suka,1219,KABUPATEN BATU BARA,12,SUMATERA UTARA
121903,Air Putih,1219,KABUPATEN BATU BARA,12,SUMATERA UTARA
121904,Lima Puluh,1219,KABUPATEN BATU BARA,12,SUMATERA UTARA
121905,Talawi,1219,KABUPATEN BATU BARA,12,SUMATERA UTARA
121906,Tanjung Tiram,1219,KABUPATEN BATU BARA,12,SUMATERA UTARA
121907,Sei Balai,1219,KABUPATEN BATU BARA,12,SUMATERA UTARA
121908,Laut Tador,1219,KABUPATEN BATU BARA,12,SUMATERA UTARA
121909,Lima Puluh Pesisir,1219,KABUPATEN BATU BARA,12,SUMATERA UTARA
121910,Datuk Lima Puluh,1219,KABUPATEN BATU BARA,12,SUMATERA UTARA
121911,Datuk Tanah Datar,1219,KABUPATEN BATU BARA,12,SUMATERA UTARA
121912,Nibung Hangus,1219,KABUPATEN BATU BARA,12,SUMATERA UTARA
122001,Dolok Sigompulon,1220,KABUPATEN PADANG LAWAS UTARA,12,SUMATERA UTARA
122002,Dolok,1220,KABUPATEN PADANG LAWAS UTARA,12,SUMATERA UTARA
122003,Halongonan,1220,KABUPATEN PADANG LAWAS UTARA,12,SUMATERA UTARA
122004,Padang Bolak,1220,KABUPATEN PADANG LAWAS UTARA,12,SUMATERA UTARA
122005,Padang Bolak Julu,1220,KABUPATEN PADANG LAWAS UTARA,12,SUMATERA UTARA
122006,Portibi,1220,KABUPATEN PADANG LAWAS UTARA,12,SUMATERA UTARA
122007,Batang Onang,1220,KABUPATEN PADANG LAWAS UTARA,12,SUMATERA UTARA
122008,Simangambat,1220,KABUPATEN PADANG LAWAS UTARA,12,SUMATERA UTARA
122009,Hulu Sihapas,1220,KABUPATEN PADANG LAWAS UTARA,12,SUMATERA UTARA
122010,Padang Bolak Tenggara,1220,KABUPATEN PADANG LAWAS UTARA,12,SUMATERA UTARA
122011,Halongonan Timur,1220,KABUPATEN PADANG LAWAS UTARA,12,SUMATERA UTARA
122012,Ujung Batu,1220,KABUPATEN PADANG LAWAS UTARA,12,SUMATERA UTARA
122101,Sosopan,1221,KABUPATEN PADANG LAWAS,12,SUMATERA UTARA
122102,Barumun Tengah,1221,KABUPATEN PADANG LAWAS,12,SUMATERA UTARA
122103,Huristak,1221,KABUPATEN PADANG LAWAS,12,SUMATERA UTARA
122104,Lubuk Barumun,1221,KABUPATEN PADANG LAWAS,12,SUMATERA UTARA
122105,Huta Raja Tinggi,1221,KABUPATEN PADANG LAWAS,12,SUMATERA UTARA
122106,Ulu Barumun,1221,KABUPATEN PADANG LAWAS,12,SUMATERA UTARA
122107,Barumun,1221,KABUPATEN PADANG LAWAS,12,SUMATERA UTARA
122108,Sosa,1221,KABUPATEN PADANG LAWAS,12,SUMATERA UTARA
122109,Batang Lubu Sutam,1221,KABUPATEN PADANG LAWAS,12,SUMATERA UTARA
122110,Barumun Selatan,1221,KABUPATEN PADANG LAWAS,12,SUMATERA UTARA
122111,Aek Nabara Barumun,1221,KABUPATEN PADANG LAWAS,12,SUMATERA UTARA
122112,Sihapas Barumun,1221,KABUPATEN PADANG LAWAS,12,SUMATERA UTARA
122113,Barumun Baru,1221,KABUPATEN PADANG LAWAS,12,SUMATERA UTARA
122114,Ulu Sosa,1221,KABUPATEN PADANG LAWAS,12,SUMATERA UTARA
122115,Sosa Julu,1221,KABUPATEN PADANG LAWAS,12,SUMATERA UTARA
122116,Barumun Barat,1221,KABUPATEN PADANG LAWAS,12,SUMATERA UTARA
122117,Sosa Timur,1221,KABUPATEN PADANG LAWAS,12,SUMATERA UTARA
122201,Kotapinang,1222,KABUPATEN LABUHANBATU SELATAN,12,SUMATERA UTARA
122202,Kampung Rakyat,1222,KABUPATEN LABUHANBATU SELATAN,12,SUMATERA UTARA
122203,Torgamba,1222,KABUPATEN LABUHANBATU SELATAN,12,SUMATERA UTARA
122204,Sungai Kanan,1222,KABUPATEN LABUHANBATU SELATAN,12,SUMATERA UTARA
122205,Silangkitang,1222,KABUPATEN LABUHANBATU SELATAN,12,SUMATERA UTARA
122301,Kualuh Hulu,1223,KABUPATEN LABUHANBATU UTARA,12,SUMATERA UTARA
122302,Kualuh Leidong,1223,KABUPATEN LABUHANBATU UTARA,12,SUMATERA UTARA
122303,Kualuh Hilir,1223,KABUPATEN LABUHANBATU UTARA,12,SUMATERA UTARA
122304,Aek Kuo,1223,KABUPATEN LABUHANBATU UTARA,12,SUMATERA UTARA
122305,Marbau,1223,KABUPATEN LABUHANBATU UTARA,12,SUMATERA UTARA
122306,Na IX - X,1223,KABUPATEN LABUHANBATU UTARA,12,SUMATERA UTARA
122307,Aek Natas,1223,KABUPATEN LABUHANBATU UTARA,12,SUMATERA UTARA
122308,Kualuh Selatan,1223,KABUPATEN LABUHANBATU UTARA,12,SUMATERA UTARA
122401,Lotu,1224,KABUPATEN NIAS UTARA,12,SUMATERA UTARA
122402,Sawo,1224,KABUPATEN NIAS UTARA,12,SUMATERA UTARA
122403,Tuhemberua,1224,KABUPATEN NIAS UTARA,12,SUMATERA UTARA
122404,Sitolu Ori,1224,KABUPATEN NIAS UTARA,12,SUMATERA UTARA
122405,Namohalu Esiwa,1224,KABUPATEN NIAS UTARA,12,SUMATERA UTARA
122406,Alasa Talumuzoi,1224,KABUPATEN NIAS UTARA,12,SUMATERA UTARA
122407,Alasa,1224,KABUPATEN NIAS UTARA,12,SUMATERA UTARA
122408,Tugala Oyo,1224,KABUPATEN NIAS UTARA,12,SUMATERA UTARA
122409,Afulu,1224,KABUPATEN NIAS UTARA,12,SUMATERA UTARA
122410,Lahewa,1224,KABUPATEN NIAS UTARA,12,SUMATERA UTARA
122411,Lahewa Timur,1224,KABUPATEN NIAS UTARA,12,SUMATERA UTARA
122501,Lahomi,1225,KABUPATEN NIAS BARAT,12,SUMATERA UTARA
122502,Sirombu,1225,KABUPATEN NIAS BARAT,12,SUMATERA UTARA
122503,Mandrehe Barat,1225,KABUPATEN NIAS BARAT,12,SUMATERA UTARA
122504,Moro'o,1225,KABUPATEN NIAS BARAT,12,SUMATERA UTARA
122505,Mandrehe,1225,KABUPATEN NIAS BARAT,12,SUMATERA UTARA
122506,Mandrehe Utara,1225,KABUPATEN NIAS BARAT,12,SUMATERA UTARA
122507,Lolofitu Moi,1225,KABUPATEN NIAS BARAT,12,SUMATERA UTARA
122508,Ulu Moro'o,1225,KABUPATEN NIAS BARAT,12,SUMATERA UTARA
127101,Medan Kota,1271,KOTA MEDAN,12,SUMATERA UTARA
127102,Medan Sunggal,1271,KOTA MEDAN,12,SUMATERA UTARA
127103,Medan Helvetia,1271,KOTA MEDAN,12,SUMATERA UTARA
127104,Medan Denai,1271,KOTA MEDAN,12,SUMATERA UTARA
127105,Medan Barat,1271,KOTA MEDAN,12,SUMATERA UTARA
127106,Medan Deli,1271,KOTA MEDAN,12,SUMATERA UTARA
127107,Medan Tuntungan,1271,KOTA MEDAN,12,SUMATERA UTARA
127108,Medan Belawan,1271,KOTA MEDAN,12,SUMATERA UTARA
127109,Medan Amplas,1271,KOTA MEDAN,12,SUMATERA UTARA
127110,Medan Area,1271,KOTA MEDAN,12,SUMATERA UTARA
127111,Medan Johor,1271,KOTA MEDAN,12,SUMATERA UTARA
127112,Medan Marelan,1271,KOTA MEDAN,12,SUMATERA UTARA
127113,Medan Labuhan,1271,KOTA MEDAN,12,SUMATERA UTARA
127114,Medan Tembung,1271,KOTA MEDAN,12,SUMATERA UTARA
127115,Medan Maimun,1271,KOTA MEDAN,12,SUMATERA UTARA
127116,Medan Polonia,1271,KOTA MEDAN,12,SUMATERA UTARA
127117,Medan Baru,1271,KOTA MEDAN,12,SUMATERA UTARA
127118,Medan Perjuangan,1271,KOTA MEDAN,12,SUMATERA UTARA
127119,Medan Petisah,1271,KOTA MEDAN,12,SUMATERA UTARA
127120,Medan Timur,1271,KOTA MEDAN,12,SUMATERA UTARA
127121,Medan Selayang,1271,KOTA MEDAN,12,SUMATERA UTARA
127201,Siantar Timur,1272,KOTA PEMATANGSIANTAR,12,SUMATERA UTARA
127202,Siantar Barat,1272,KOTA PEMATANGSIANTAR,12,SUMATERA UTARA
127203,Siantar Utara,1272,KOTA PEMATANGSIANTAR,12,SUMATERA UTARA
127204,Siantar Selatan,1272,KOTA PEMATANGSIANTAR,12,SUMATERA UTARA
127205,Siantar Marihat,1272,KOTA PEMATANGSIANTAR,12,SUMATERA UTARA
127206,Siantar Martoba,1272,KOTA PEMATANGSIANTAR,12,SUMATERA UTARA
127207,Siantar Sitalasari,1272,KOTA PEMATANGSIANTAR,12,SUMATERA UTARA
127208,Siantar Marimbun,1272,KOTA PEMATANGSIANTAR,12,SUMATERA UTARA
127301,Sibolga Utara,1273,KOTA SIBOLGA,12,SUMATERA UTARA
127302,Sibolga Kota,1273,KOTA SIBOLGA,12,SUMATERA UTARA
127303,Sibolga Selatan,1273,KOTA SIBOLGA,12,SUMATERA UTARA
127304,Sibolga Sambas,1273,KOTA SIBOLGA,12,SUMATERA UTARA
127401,Tanjung Balai Selatan,1274,KOTA TANJUNG BALAI,12,SUMATERA UTARA
127402,Tanjung Balai Utara,1274,KOTA TANJUNG BALAI,12,SUMATERA UTARA
127403,Sei Tualang Raso,1274,KOTA TANJUNG BALAI,12,SUMATERA UTARA
127404,Teluk Nibung,1274,KOTA TANJUNG BALAI,12,SUMATERA UTARA
127405,Datuk Bandar,1274,KOTA TANJUNG BALAI,12,SUMATERA UTARA
127406,Datuk Bandar Timur,1274,KOTA TANJUNG BALAI,12,SUMATERA UTARA
127501,Binjai Utara,1275,KOTA BINJAI,12,SUMATERA UTARA
127502,Binjai Kota,1275,KOTA BINJAI,12,SUMATERA UTARA
127503,Binjai Barat,1275,KOTA BINJAI,12,SUMATERA UTARA
127504,Binjai Timur,1275,KOTA BINJAI,12,SUMATERA UTARA
127505,Binjai Selatan,1275,KOTA BINJAI,12,SUMATERA UTARA
127601,Padang Hulu,1276,KOTA TEBING TINGGI,12,SUMATERA UTARA
127602,Rambutan,1276,KOTA TEBING TINGGI,12,SUMATERA UTARA
127603,Padang Hilir,1276,KOTA TEBING TINGGI,12,SUMATERA UTARA
127604,Bajenis,1276,KOTA TEBING TINGGI,12,SUMATERA UTARA
127605,Tebing Tinggi Kota,1276,KOTA TEBING TINGGI,12,SUMATERA UTARA
127701,Padangsidimpuan Utara,1277,KOTA PADANGSIDIMPUAN,12,SUMATERA UTARA
127702,Padangsidimpuan Selatan,1277,KOTA PADANGSIDIMPUAN,12,SUMATERA UTARA
127703,Padangsidimpuan Batunadua,1277,KOTA PADANGSIDIMPUAN,12,SUMATERA UTARA
127704,Padangsidimpuan Hutaimbaru,1277,KOTA PADANGSIDIMPUAN,12,SUMATERA UTARA
127705,Padangsidimpuan Tenggara,1277,KOTA PADANGSIDIMPUAN,12,SUMATERA UTARA
127706,Padangsidimpuan Angkola Julu,1277,KOTA PADANGSIDIMPUAN,12,SUMATERA UTARA
127801,Gunungsitoli,1278,KOTA GUNUNGSITOLI,12,SUMATERA UTARA
127802,Gunungsitoli Selatan,1278,KOTA GUNUNGSITOLI,12,SUMATERA UTARA
127803,Gunungsitoli Utara,1278,KOTA GUNUNGSITOLI,12,SUMATERA UTARA
127804,Gunungsitoli Idanoi,1278,KOTA GUNUNGSITOLI,12,SUMATERA UTARA
127805,Gunungsitoli Alo'oa,1278,KOTA GUNUNGSITOLI,12,SUMATERA UTARA
127806,Gunungsitoli Barat,1278,KOTA GUNUNGSITOLI,12,SUMATERA UTARA
130101,Pancung Soal,1301,KABUPATEN PESISIR SELATAN,13,SUMATERA BARAT
130102,Ranah Pesisir,1301,KABUPATEN PESISIR SELATAN,13,SUMATERA BARAT
130103,Lengayang,1301,KABUPATEN PESISIR SELATAN,13,SUMATERA BARAT
130104,Batang Kapas,1301,KABUPATEN PESISIR SELATAN,13,SUMATERA BARAT
130105,IV Jurai,1301,KABUPATEN PESISIR SELATAN,13,SUMATERA BARAT
130106,Bayang,1301,KABUPATEN PESISIR SELATAN,13,SUMATERA BARAT
130107,Koto XI Tarusan,1301,KABUPATEN PESISIR SELATAN,13,SUMATERA BARAT
130108,Sutera,1301,KABUPATEN PESISIR SELATAN,13,SUMATERA BARAT
130109,Linggo Sari Baganti,1301,KABUPATEN PESISIR SELATAN,13,SUMATERA BARAT
130110,Lunang,1301,KABUPATEN PESISIR SELATAN,13,SUMATERA BARAT
130111,Basa Ampek Balai Tapan,1301,KABUPATEN PESISIR SELATAN,13,SUMATERA BARAT
130112,IV Nagari Bayang Utara,1301,KABUPATEN PESISIR SELATAN,13,SUMATERA BARAT
130113,Airpura,1301,KABUPATEN PESISIR SELATAN,13,SUMATERA BARAT
130114,Ranah Ampek Hulu Tapan,1301,KABUPATEN PESISIR SELATAN,13,SUMATERA BARAT
130115,Silaut,1301,KABUPATEN PESISIR SELATAN,13,SUMATERA BARAT
130203,Pantai Cermin,1302,KABUPATEN SOLOK,13,SUMATERA BARAT
130204,Lembah Gumanti,1302,KABUPATEN SOLOK,13,SUMATERA BARAT
130205,Payung Sekaki,1302,KABUPATEN SOLOK,13,SUMATERA BARAT
130206,Lembang Jaya,1302,KABUPATEN SOLOK,13,SUMATERA BARAT
130207,Gunung Talang,1302,KABUPATEN SOLOK,13,SUMATERA BARAT
130208,Bukit Sundi,1302,KABUPATEN SOLOK,13,SUMATERA BARAT
130209,IX Koto Sungai Lasi,1302,KABUPATEN SOLOK,13,SUMATERA BARAT
130210,Kubung,1302,KABUPATEN SOLOK,13,SUMATERA BARAT
130211,X Koto Singkarak,1302,KABUPATEN SOLOK,13,SUMATERA BARAT
130212,X Koto Diatas,1302,KABUPATEN SOLOK,13,SUMATERA BARAT
130213,Junjung Sirih,1302,KABUPATEN SOLOK,13,SUMATERA BARAT
130217,Hiliran Gumanti,1302,KABUPATEN SOLOK,13,SUMATERA BARAT
130218,Tigo Lurah,1302,KABUPATEN SOLOK,13,SUMATERA BARAT
130219,Danau Kembar,1302,KABUPATEN SOLOK,13,SUMATERA BARAT
130303,Tanjung Gadang,1303,KABUPATEN SIJUNJUNG,13,SUMATERA BARAT
130304,Sijunjung,1303,KABUPATEN SIJUNJUNG,13,SUMATERA BARAT
130305,IV Nagari,1303,KABUPATEN SIJUNJUNG,13,SUMATERA BARAT
130306,Kamang Baru,1303,KABUPATEN SIJUNJUNG,13,SUMATERA BARAT
130307,Lubuak Tarok,1303,KABUPATEN SIJUNJUNG,13,SUMATERA BARAT
130308,Koto VII,1303,KABUPATEN SIJUNJUNG,13,SUMATERA BARAT
130309,Sumpur Kudus,1303,KABUPATEN SIJUNJUNG,13,SUMATERA BARAT
130310,Kupitan,1303,KABUPATEN SIJUNJUNG,13,SUMATERA BARAT
130401,X Koto,1304,KABUPATEN TANAH DATAR,13,SUMATERA BARAT
130402,Batipuh,1304,KABUPATEN TANAH DATAR,13,SUMATERA BARAT
130403,Rambatan,1304,KABUPATEN TANAH DATAR,13,SUMATERA BARAT
130404,Lima Kaum,1304,KABUPATEN TANAH DATAR,13,SUMATERA BARAT
130405,Tanjung Emas,1304,KABUPATEN TANAH DATAR,13,SUMATERA BARAT
130406,Lintau Buo,1304,KABUPATEN TANAH DATAR,13,SUMATERA BARAT
130407,Sungayang,1304,KABUPATEN TANAH DATAR,13,SUMATERA BARAT
130408,Sungai Tarab,1304,KABUPATEN TANAH DATAR,13,SUMATERA BARAT
130409,Pariangan,1304,KABUPATEN TANAH DATAR,13,SUMATERA BARAT
130410,Salimpaung,1304,KABUPATEN TANAH DATAR,13,SUMATERA BARAT
130411,Padang Ganting,1304,KABUPATEN TANAH DATAR,13,SUMATERA BARAT
130412,Tanjuang Baru,1304,KABUPATEN TANAH DATAR,13,SUMATERA BARAT
130413,Lintau Buo Utara,1304,KABUPATEN TANAH DATAR,13,SUMATERA BARAT
130414,Batipuah Selatan,1304,KABUPATEN TANAH DATAR,13,SUMATERA BARAT
130501,Lubuk Alung,1305,KABUPATEN PADANG PARIAMAN,13,SUMATERA BARAT
130502,Batang Anai,1305,KABUPATEN PADANG PARIAMAN,13,SUMATERA BARAT
130503,Nan Sabaris,1305,KABUPATEN PADANG PARIAMAN,13,SUMATERA BARAT
130504,2 x 11 Enam Lingkuang,1305,KABUPATEN PADANG PARIAMAN,13,SUMATERA BARAT
130505,VII Koto Sungai Sarik,1305,KABUPATEN PADANG PARIAMAN,13,SUMATERA BARAT
130506,V Koto Kampung Dalam,1305,KABUPATEN PADANG PARIAMAN,13,SUMATERA BARAT
130507,Sungai Garingging,1305,KABUPATEN PADANG PARIAMAN,13,SUMATERA BARAT
130508,Sungai Limau,1305,KABUPATEN PADANG PARIAMAN,13,SUMATERA BARAT
130509,IV Koto Aur Malintang,1305,KABUPATEN PADANG PARIAMAN,13,SUMATERA BARAT
130510,Ulakan Tapakih,1305,KABUPATEN PADANG PARIAMAN,13,SUMATERA BARAT
130511,Sintuak Toboh Gadang,1305,KABUPATEN PADANG PARIAMAN,13,SUMATERA BARAT
130512,Padang Sago,1305,KABUPATEN PADANG PARIAMAN,13,SUMATERA BARAT
130513,Batang Gasan,1305,KABUPATEN PADANG PARIAMAN,13,SUMATERA BARAT
130514,V Koto Timur,1305,KABUPATEN PADANG PARIAMAN,13,SUMATERA BARAT
130515,2 x 11 Kayu Tanam,1305,KABUPATEN PADANG PARIAMAN,13,SUMATERA BARAT
130516,Patamuan,1305,KABUPATEN PADANG PARIAMAN,13,SUMATERA BARAT
130517,Enam Lingkung,1305,KABUPATEN PADANG PARIAMAN,13,SUMATERA BARAT
130601,Tanjung Mutiara,1306,KABUPATEN AGAM,13,SUMATERA BARAT
130602,Lubuk Basung,1306,KABUPATEN AGAM,13,SUMATERA BARAT
130603,Tanjung Raya,1306,KABUPATEN AGAM,13,SUMATERA BARAT
130604,Matur,1306,KABUPATEN AGAM,13,SUMATERA BARAT
130605,IV Koto,1306,KABUPATEN AGAM,13,SUMATERA BARAT
130606,Banuhampu,1306,KABUPATEN AGAM,13,SUMATERA BARAT
130607,Ampek Angkek,1306,KABUPATEN AGAM,13,SUMATERA BARAT
130608,Baso,1306,KABUPATEN AGAM,13,SUMATERA BARAT
130609,Tilatang Kamang,1306,KABUPATEN AGAM,13,SUMATERA BARAT
130610,Palupuh,1306,KABUPATEN AGAM,13,SUMATERA BARAT
130611,Pelembayan,1306,KABUPATEN AGAM,13,SUMATERA BARAT
130612,Sungai Pua,1306,KABUPATEN AGAM,13,SUMATERA BARAT
130613,Ampek Nagari,1306,KABUPATEN AGAM,13,SUMATERA BARAT
130614,Candung,1306,KABUPATEN AGAM,13,SUMATERA BARAT
130615,Kamang Magek,1306,KABUPATEN AGAM,13,SUMATERA BARAT
130616,Malalak,1306,KABUPATEN AGAM,13,SUMATERA BARAT
130701,Suliki,1307,KABUPATEN LIMA PULUH KOTA,13,SUMATERA BARAT
130702,Guguak,1307,KABUPATEN LIMA PULUH KOTA,13,SUMATERA BARAT
130703,Payakumbuh,1307,KABUPATEN LIMA PULUH KOTA,13,SUMATERA BARAT
130704,Luak,1307,KABUPATEN LIMA PULUH KOTA,13,SUMATERA BARAT
130705,Harau,1307,KABUPATEN LIMA PULUH KOTA,13,SUMATERA BARAT
130706,Pangkalan Koto Baru,1307,KABUPATEN LIMA PULUH KOTA,13,SUMATERA BARAT
130707,Kapur IX,1307,KABUPATEN LIMA PULUH KOTA,13,SUMATERA BARAT
130708,Gunuang Omeh,1307,KABUPATEN LIMA PULUH KOTA,13,SUMATERA BARAT
130709,Lareh Sago Halaban,1307,KABUPATEN LIMA PULUH KOTA,13,SUMATERA BARAT
130710,Situjuah Limo Nagari,1307,KABUPATEN LIMA PULUH KOTA,13,SUMATERA BARAT
130711,Mungka,1307,KABUPATEN LIMA PULUH KOTA,13,SUMATERA BARAT
130712,Bukik Barisan,1307,KABUPATEN LIMA PULUH KOTA,13,SUMATERA BARAT
130713,Akabiluru,1307,KABUPATEN LIMA PULUH KOTA,13,SUMATERA BARAT
130804,Bonjol,1308,KABUPATEN PASAMAN,13,SUMATERA BARAT
130805,Lubuk Sikaping,1308,KABUPATEN PASAMAN,13,SUMATERA BARAT
130807,Panti,1308,KABUPATEN PASAMAN,13,SUMATERA BARAT
130808,Mapat Tunggul,1308,KABUPATEN PASAMAN,13,SUMATERA BARAT
130812,Duo Koto,1308,KABUPATEN PASAMAN,13,SUMATERA BARAT
130813,Tigo Nagari,1308,KABUPATEN PASAMAN,13,SUMATERA BARAT
130814,Rao,1308,KABUPATEN PASAMAN,13,SUMATERA BARAT
130815,Mapat Tunggul Selatan,1308,KABUPATEN PASAMAN,13,SUMATERA BARAT
130816,Simpang Alahan Mati,1308,KABUPATEN PASAMAN,13,SUMATERA BARAT
130817,Padang Gelugur,1308,KABUPATEN PASAMAN,13,SUMATERA BARAT
130818,Rao Utara,1308,KABUPATEN PASAMAN,13,SUMATERA BARAT
130819,Rao Selatan,1308,KABUPATEN PASAMAN,13,SUMATERA BARAT
130901,Pagai Utara,1309,KABUPATEN KEPULAUAN MENTAWAI,13,SUMATERA BARAT
130902,Sipora Selatan,1309,KABUPATEN KEPULAUAN MENTAWAI,13,SUMATERA BARAT
130903,Siberut Selatan,1309,KABUPATEN KEPULAUAN MENTAWAI,13,SUMATERA BARAT
130904,Siberut Utara,1309,KABUPATEN KEPULAUAN MENTAWAI,13,SUMATERA BARAT
130905,Siberut Barat,1309,KABUPATEN KEPULAUAN MENTAWAI,13,SUMATERA BARAT
130906,Siberut Barat Daya,1309,KABUPATEN KEPULAUAN MENTAWAI,13,SUMATERA BARAT
130907,Siberut Tengah,1309,KABUPATEN KEPULAUAN MENTAWAI,13,SUMATERA BARAT
130908,Sipora Utara,1309,KABUPATEN KEPULAUAN MENTAWAI,13,SUMATERA BARAT
130909,Sikakap,1309,KABUPATEN KEPULAUAN MENTAWAI,13,SUMATERA BARAT
130910,Pagai Selatan,1309,KABUPATEN KEPULAUAN MENTAWAI,13,SUMATERA BARAT
131001,Koto Baru,1310,KABUPATEN DHARMASRAYA,13,SUMATERA BARAT
131002,Pulau Punjung,1310,KABUPATEN DHARMASRAYA,13,SUMATERA BARAT
131003,Sungai Rumbai,1310,KABUPATEN DHARMASRAYA,13,SUMATERA BARAT
131004,Sitiung,1310,KABUPATEN DHARMASRAYA,13,SUMATERA BARAT
131005,Sembilan Koto,1310,KABUPATEN DHARMASRAYA,13,SUMATERA BARAT
131006,Timpeh,1310,KABUPATEN DHARMASRAYA,13,SUMATERA BARAT
131007,Koto Salak,1310,KABUPATEN DHARMASRAYA,13,SUMATERA BARAT
131008,Tiumang,1310,KABUPATEN DHARMASRAYA,13,SUMATERA BARAT
131009,Padang Laweh,1310,KABUPATEN DHARMASRAYA,13,SUMATERA BARAT
131010,Asam Jujuhan,1310,KABUPATEN DHARMASRAYA,13,SUMATERA BARAT
131011,Koto Besar,1310,KABUPATEN DHARMASRAYA,13,SUMATERA BARAT
131101,Sangir,1311,KABUPATEN SOLOK SELATAN,13,SUMATERA BARAT
131102,Sungai Pagu,1311,KABUPATEN SOLOK SELATAN,13,SUMATERA BARAT
131103,Koto Parik Gadang Diateh,1311,KABUPATEN SOLOK SELATAN,13,SUMATERA BARAT
131104,Sangir Jujuan,1311,KABUPATEN SOLOK SELATAN,13,SUMATERA BARAT
131105,Sangir Batang Hari,1311,KABUPATEN SOLOK SELATAN,13,SUMATERA BARAT
131106,Pauh Duo,1311,KABUPATEN SOLOK SELATAN,13,SUMATERA BARAT
131107,Sangir Balai Janggo,1311,KABUPATEN SOLOK SELATAN,13,SUMATERA BARAT
131201,Sungaiberemas,1312,KABUPATEN PASAMAN BARAT,13,SUMATERA BARAT
131202,Lembah Melintang,1312,KABUPATEN PASAMAN BARAT,13,SUMATERA BARAT
131203,Pasaman,1312,KABUPATEN PASAMAN BARAT,13,SUMATERA BARAT
131204,Talamau,1312,KABUPATEN PASAMAN BARAT,13,SUMATERA BARAT
131205,Kinali,1312,KABUPATEN PASAMAN BARAT,13,SUMATERA BARAT
131206,Gunungtuleh,1312,KABUPATEN PASAMAN BARAT,13,SUMATERA BARAT
131207,Ranah Batahan,1312,KABUPATEN PASAMAN BARAT,13,SUMATERA BARAT
131208,Koto Balingka,1312,KABUPATEN PASAMAN BARAT,13,SUMATERA BARAT
131209,Sungaiaur,1312,KABUPATEN PASAMAN BARAT,13,SUMATERA BARAT
131210,Luhak Nan Duo,1312,KABUPATEN PASAMAN BARAT,13,SUMATERA BARAT
131211,Sasak Ranah Pesisir,1312,KABUPATEN PASAMAN BARAT,13,SUMATERA BARAT
137101,Padang Selatan,1371,KOTA PADANG,13,SUMATERA BARAT
137102,Padang Timur,1371,KOTA PADANG,13,SUMATERA BARAT
137103,Padang Barat,1371,KOTA PADANG,13,SUMATERA BARAT
137104,Padang Utara,1371,KOTA PADANG,13,SUMATERA BARAT
137105,Bungus Teluk Kabung,1371,KOTA PADANG,13,SUMATERA BARAT
137106,Lubuk Begalung,1371,KOTA PADANG,13,SUMATERA BARAT
137107,Lubuk Kilangan,1371,KOTA PADANG,13,SUMATERA BARAT
137108,Pauh,1371,KOTA PADANG,13,SUMATERA BARAT
137109,Kuranji,1371,KOTA PADANG,13,SUMATERA BARAT
137110,Nanggalo,1371,KOTA PADANG,13,SUMATERA BARAT
137111,Koto Tangah,1371,KOTA PADANG,13,SUMATERA BARAT
137201,Lubuk Sikarah,1372,KOTA SOLOK,13,SUMATERA BARAT
137202,Tanjung Harapan,1372,KOTA SOLOK,13,SUMATERA BARAT
137301,Lembah Segar,1373,KOTA SAWAHLUNTO,13,SUMATERA BARAT
137302,Barangin,1373,KOTA SAWAHLUNTO,13,SUMATERA BARAT
137303,Silungkang,1373,KOTA SAWAHLUNTO,13,SUMATERA BARAT
137304,Talawi,1373,KOTA SAWAHLUNTO,13,SUMATERA BARAT
137401,Padang Panjang Timur,1374,KOTA PADANG PANJANG,13,SUMATERA BARAT
137402,Padang Panjang Barat,1374,KOTA PADANG PANJANG,13,SUMATERA BARAT
137501,Guguak Panjang,1375,KOTA BUKITTINGGI,13,SUMATERA BARAT
137502,Mandiangin K. Selayan,1375,KOTA BUKITTINGGI,13,SUMATERA BARAT
137503,Aur Birugo Tigo Baleh,1375,KOTA BUKITTINGGI,13,SUMATERA BARAT
137601,Payakumbuh Barat,1376,KOTA PAYAKUMBUH,13,SUMATERA BARAT
137602,Payakumbuh Utara,1376,KOTA PAYAKUMBUH,13,SUMATERA BARAT
137603,Payakumbuh Timur,1376,KOTA PAYAKUMBUH,13,SUMATERA BARAT
137604,Lamposi Tigo Nagori,1376,KOTA PAYAKUMBUH,13,SUMATERA BARAT
137605,Payakumbuh Selatan,1376,KOTA PAYAKUMBUH,13,SUMATERA BARAT
137701,Pariaman Tengah,1377,KOTA PARIAMAN,13,SUMATERA BARAT
137702,Pariaman Utara,1377,KOTA PARIAMAN,13,SUMATERA BARAT
137703,Pariaman Selatan,1377,KOTA PARIAMAN,13,SUMATERA BARAT
137704,Pariaman Timur,1377,KOTA PARIAMAN,13,SUMATERA BARAT
140101,Bangkinang Kota,1401,KABUPATEN KAMPAR,14,RIAU
140102,Kampar,1401,KABUPATEN KAMPAR,14,RIAU
140103,Tambang,1401,KABUPATEN KAMPAR,14,RIAU
140104,XIII Koto Kampar,1401,KABUPATEN KAMPAR,14,RIAU
140105,Kuok,1401,KABUPATEN KAMPAR,14,RIAU
140106,Siak Hulu,1401,KABUPATEN KAMPAR,14,RIAU
140107,Kampar Kiri,1401,KABUPATEN KAMPAR,14,RIAU
140108,Kampar Kiri Hilir,1401,KABUPATEN KAMPAR,14,RIAU
140109,Kampar Kiri Hulu,1401,KABUPATEN KAMPAR,14,RIAU
140110,Tapung,1401,KABUPATEN KAMPAR,14,RIAU
140111,Tapung Hilir,1401,KABUPATEN KAMPAR,14,RIAU
140112,Tapung Hulu,1401,KABUPATEN KAMPAR,14,RIAU
140113,Salo,1401,KABUPATEN KAMPAR,14,RIAU
140114,Rumbio Jaya,1401,KABUPATEN KAMPAR,14,RIAU
140115,Bangkinang,1401,KABUPATEN KAMPAR,14,RIAU
140116,Perhentian Raja,1401,KABUPATEN KAMPAR,14,RIAU
140117,Kampa,1401,KABUPATEN KAMPAR,14,RIAU
140118,Kampar Utara,1401,KABUPATEN KAMPAR,14,RIAU
140119,Kampar Kiri Tengah,1401,KABUPATEN KAMPAR,14,RIAU
140120,Gunung Sahilan,1401,KABUPATEN KAMPAR,14,RIAU
140121,Koto Kampar Hulu,1401,KABUPATEN KAMPAR,14,RIAU
140201,Rengat,1402,KABUPATEN INDRAGIRI HULU,14,RIAU
140202,Rengat Barat,1402,KABUPATEN INDRAGIRI HULU,14,RIAU
140203,Kelayang,1402,KABUPATEN INDRAGIRI HULU,14,RIAU
140204,Pasir Penyu,1402,KABUPATEN INDRAGIRI HULU,14,RIAU
140205,Peranap,1402,KABUPATEN INDRAGIRI HULU,14,RIAU
140206,Siberida,1402,KABUPATEN INDRAGIRI HULU,14,RIAU
140207,Batang Cenaku,1402,KABUPATEN INDRAGIRI HULU,14,RIAU
140208,Batang Gangsal,1402,KABUPATEN INDRAGIRI HULU,14,RIAU
140209,Lirik,1402,KABUPATEN INDRAGIRI HULU,14,RIAU
140210,Kuala Cenaku,1402,KABUPATEN INDRAGIRI HULU,14,RIAU
140211,Sungai Lala,1402,KABUPATEN INDRAGIRI HULU,14,RIAU
140212,Lubuk Batu Jaya,1402,KABUPATEN INDRAGIRI HULU,14,RIAU
140213,Rakit Kulim,1402,KABUPATEN INDRAGIRI HULU,14,RIAU
140214,Batang Peranap,1402,KABUPATEN INDRAGIRI HULU,14,RIAU
140301,Bengkalis,1403,KABUPATEN BENGKALIS,14,RIAU
140302,Bantan,1403,KABUPATEN BENGKALIS,14,RIAU
140303,Bukit Batu,1403,KABUPATEN BENGKALIS,14,RIAU
140309,Mandau,1403,KABUPATEN BENGKALIS,14,RIAU
140310,Rupat,1403,KABUPATEN BENGKALIS,14,RIAU
140311,Rupat Utara,1403,KABUPATEN BENGKALIS,14,RIAU
140312,Siak Kecil,1403,KABUPATEN BENGKALIS,14,RIAU
140313,Pinggir,1403,KABUPATEN BENGKALIS,14,RIAU
140314,Bandar Laksamana,1403,KABUPATEN BENGKALIS,14,RIAU
140315,Talang Muandau,1403,KABUPATEN BENGKALIS,14,RIAU
140316,Bathin Solapan,1403,KABUPATEN BENGKALIS,14,RIAU
140401,Reteh,1404,KABUPATEN INDRAGIRI HILIR,14,RIAU
140402,Enok,1404,KABUPATEN INDRAGIRI HILIR,14,RIAU
140403,Kuala Indragiri,1404,KABUPATEN INDRAGIRI HILIR,14,RIAU
140404,Tembilahan,1404,KABUPATEN INDRAGIRI HILIR,14,RIAU
140405,Tempuling,1404,KABUPATEN INDRAGIRI HILIR,14,RIAU
140406,Gaung Anak Serka,1404,KABUPATEN INDRAGIRI HILIR,14,RIAU
140407,Mandah,1404,KABUPATEN INDRAGIRI HILIR,14,RIAU
140408,Kateman,1404,KABUPATEN INDRAGIRI HILIR,14,RIAU
140409,Keritang,1404,KABUPATEN INDRAGIRI HILIR,14,RIAU
140410,Tanah Merah,1404,KABUPATEN INDRAGIRI HILIR,14,RIAU
140411,Batang Tuaka,1404,KABUPATEN INDRAGIRI HILIR,14,RIAU
140412,Gaung,1404,KABUPATEN INDRAGIRI HILIR,14,RIAU
140413,Tembilahan Hulu,1404,KABUPATEN INDRAGIRI HILIR,14,RIAU
140414,Kemuning,1404,KABUPATEN INDRAGIRI HILIR,14,RIAU
140415,Pelangiran,1404,KABUPATEN INDRAGIRI HILIR,14,RIAU
140416,Teluk Belengkong,1404,KABUPATEN INDRAGIRI HILIR,14,RIAU
140417,Pulau Burung,1404,KABUPATEN INDRAGIRI HILIR,14,RIAU
140418,Concong,1404,KABUPATEN INDRAGIRI HILIR,14,RIAU
140419,Kempas,1404,KABUPATEN INDRAGIRI HILIR,14,RIAU
140420,Sungai Batang,1404,KABUPATEN INDRAGIRI HILIR,14,RIAU
140501,Ukui,1405,KABUPATEN PELALAWAN,14,RIAU
140502,Pangkalan Kerinci,1405,KABUPATEN PELALAWAN,14,RIAU
140503,Pangkalan Kuras,1405,KABUPATEN PELALAWAN,14,RIAU
140504,Pangkalan Lesung,1405,KABUPATEN PELALAWAN,14,RIAU
140505,Langgam,1405,KABUPATEN PELALAWAN,14,RIAU
140506,Pelalawan,1405,KABUPATEN PELALAWAN,14,RIAU
140507,Kerumutan,1405,KABUPATEN PELALAWAN,14,RIAU
140508,Bunut,1405,KABUPATEN PELALAWAN,14,RIAU
140509,Teluk Meranti,1405,KABUPATEN PELALAWAN,14,RIAU
140510,Kuala Kampar,1405,KABUPATEN PELALAWAN,14,RIAU
140511,Bandar Sei Kijang,1405,KABUPATEN PELALAWAN,14,RIAU
140512,Bandar Petalangan,1405,KABUPATEN PELALAWAN,14,RIAU
140601,Ujung Batu,1406,KABUPATEN ROKAN HULU,14,RIAU
140602,Rokan IV Koto,1406,KABUPATEN ROKAN HULU,14,RIAU
140603,Rambah,1406,KABUPATEN ROKAN HULU,14,RIAU
140604,Tambusai,1406,KABUPATEN ROKAN HULU,14,RIAU
140605,Kepenuhan,1406,KABUPATEN ROKAN HULU,14,RIAU
140606,Kunto Darussalam,1406,KABUPATEN ROKAN HULU,14,RIAU
140607,Rambah Samo,1406,KABUPATEN ROKAN HULU,14,RIAU
140608,Rambah Hilir,1406,KABUPATEN ROKAN HULU,14,RIAU
140609,Tambusai Utara,1406,KABUPATEN ROKAN HULU,14,RIAU
140610,Bangun Purba,1406,KABUPATEN ROKAN HULU,14,RIAU
140611,Tandun,1406,KABUPATEN ROKAN HULU,14,RIAU
140612,Kabun,1406,KABUPATEN ROKAN HULU,14,RIAU
140613,Bonai Darussalam,1406,KABUPATEN ROKAN HULU,14,RIAU
140614,Pagaran Tapah Darussalam,1406,KABUPATEN ROKAN HULU,14,RIAU
140615,Kepenuhan Hulu,1406,KABUPATEN ROKAN HULU,14,RIAU
140616,Pendalian IV Koto,1406,KABUPATEN ROKAN HULU,14,RIAU
140701,Kubu,1407,KABUPATEN ROKAN HILIR,14,RIAU
140702,Bangko,1407,KABUPATEN ROKAN HILIR,14,RIAU
140703,Tanah Putih,1407,KABUPATEN ROKAN HILIR,14,RIAU
140704,Rimba Melintang,1407,KABUPATEN ROKAN HILIR,14,RIAU
140705,Bagan Sinembah,1407,KABUPATEN ROKAN HILIR,14,RIAU
140706,Pasir Limau Kapas,1407,KABUPATEN ROKAN HILIR,14,RIAU
140707,Sinaboi,1407,KABUPATEN ROKAN HILIR,14,RIAU
140708,Pujud,1407,KABUPATEN ROKAN HILIR,14,RIAU
140709,Tanah Putih Tanjung Melawan,1407,KABUPATEN ROKAN HILIR,14,RIAU
140710,Bangko Pusako,1407,KABUPATEN ROKAN HILIR,14,RIAU
140711,Simpang Kanan,1407,KABUPATEN ROKAN HILIR,14,RIAU
140712,Batu Hampar,1407,KABUPATEN ROKAN HILIR,14,RIAU
140713,Rantau Kopar,1407,KABUPATEN ROKAN HILIR,14,RIAU
140714,Pekaitan,1407,KABUPATEN ROKAN HILIR,14,RIAU
140715,Kubu Babussalam,1407,KABUPATEN ROKAN HILIR,14,RIAU
140716,Tanjung Medan,1407,KABUPATEN ROKAN HILIR,14,RIAU
140717,Bagan Sinembah Raya,1407,KABUPATEN ROKAN HILIR,14,RIAU
140718,Balai Jaya,1407,KABUPATEN ROKAN HILIR,14,RIAU
140801,Siak,1408,KABUPATEN SIAK,14,RIAU
140802,Sungai Apit,1408,KABUPATEN SIAK,14,RIAU
140803,Minas,1408,KABUPATEN SIAK,14,RIAU
140804,Tualang,1408,KABUPATEN SIAK,14,RIAU
140805,Sungai Mandau,1408,KABUPATEN SIAK,14,RIAU
140806,Dayun,1408,KABUPATEN SIAK,14,RIAU
140807,Kerinci Kanan,1408,KABUPATEN SIAK,14,RIAU
140808,Bunga Raya,1408,KABUPATEN SIAK,14,RIAU
140809,Koto Gasib,1408,KABUPATEN SIAK,14,RIAU
140810,Kandis,1408,KABUPATEN SIAK,14,RIAU
140811,Lubuk Dalam,1408,KABUPATEN SIAK,14,RIAU
140812,Sabak Auh,1408,KABUPATEN SIAK,14,RIAU
140813,Mempura,1408,KABUPATEN SIAK,14,RIAU
140814,Pusako,1408,KABUPATEN SIAK,14,RIAU
140901,Kuantan Mudik,1409,KABUPATEN KUANTAN SINGINGI,14,RIAU
140902,Kuantan Tengah,1409,KABUPATEN KUANTAN SINGINGI,14,RIAU
140903,Singingi,1409,KABUPATEN KUANTAN SINGINGI,14,RIAU
140904,Kuantan Hilir,1409,KABUPATEN KUANTAN SINGINGI,14,RIAU
140905,Cerenti,1409,KABUPATEN KUANTAN SINGINGI,14,RIAU
140906,Benai,1409,KABUPATEN KUANTAN SINGINGI,14,RIAU
140907,Gunungtoar,1409,KABUPATEN KUANTAN SINGINGI,14,RIAU
140908,Singingi Hilir,1409,KABUPATEN KUANTAN SINGINGI,14,RIAU
140909,Pangean,1409,KABUPATEN KUANTAN SINGINGI,14,RIAU
140910,Logas Tanah Darat,1409,KABUPATEN KUANTAN SINGINGI,14,RIAU
140911,Inuman,1409,KABUPATEN KUANTAN SINGINGI,14,RIAU
140912,Hulu Kuantan,1409,KABUPATEN KUANTAN SINGINGI,14,RIAU
140913,Kuantan Hilir Seberang,1409,KABUPATEN KUANTAN SINGINGI,14,RIAU
140914,Sentajo Raya,1409,KABUPATEN KUANTAN SINGINGI,14,RIAU
140915,Pucuk Rantau,1409,KABUPATEN KUANTAN SINGINGI,14,RIAU
141001,Tebing Tinggi,1410,KABUPATEN KEPULAUAN MERANTI,14,RIAU
141002,Rangsang Barat,1410,KABUPATEN KEPULAUAN MERANTI,14,RIAU
141003,Rangsang,1410,KABUPATEN KEPULAUAN MERANTI,14,RIAU
141004,Tebing Tinggi Barat,1410,KABUPATEN KEPULAUAN MERANTI,14,RIAU
141005,Merbau,1410,KABUPATEN KEPULAUAN MERANTI,14,RIAU
141006,Pulaumerbau,1410,KABUPATEN KEPULAUAN MERANTI,14,RIAU
141007,Tebing Tinggi Timur,1410,KABUPATEN KEPULAUAN MERANTI,14,RIAU
141008,Tasik Putri Puyu,1410,KABUPATEN KEPULAUAN MERANTI,14,RIAU
141009,Rangsang Pesisir,1410,KABUPATEN KEPULAUAN MERANTI,14,RIAU
147101,Sukajadi,1471,KOTA PEKANBARU,14,RIAU
147102,Pekanbaru Kota,1471,KOTA PEKANBARU,14,RIAU
147103,Sail,1471,KOTA PEKANBARU,14,RIAU
147104,Lima Puluh,1471,KOTA PEKANBARU,14,RIAU
147105,Senapelan,1471,KOTA PEKANBARU,14,RIAU
147106,Rumbai Barat,1471,KOTA PEKANBARU,14,RIAU
147107,Bukit Raya,1471,KOTA PEKANBARU,14,RIAU
147108,Binawidya,1471,KOTA PEKANBARU,14,RIAU
147109,Marpoyan Damai,1471,KOTA PEKANBARU,14,RIAU
147110,Tenayan Raya,1471,KOTA PEKANBARU,14,RIAU
147111,Payung Sekaki,1471,KOTA PEKANBARU,14,RIAU
147112,Rumbai,1471,KOTA PEKANBARU,14,RIAU
147113,Tuahmadani,1471,KOTA PEKANBARU,14,RIAU
147114,Kulim,1471,KOTA PEKANBARU,14,RIAU
147115,Rumbai Timur,1471,KOTA PEKANBARU,14,RIAU
147201,Dumai Barat,1472,KOTA DUMAI,14,RIAU
147202,Dumai Timur,1472,KOTA DUMAI,14,RIAU
147203,Bukit Kapur,1472,KOTA DUMAI,14,RIAU
147204,Sungai Sembilan,1472,KOTA DUMAI,14,RIAU
147205,Medang Kampai,1472,KOTA DUMAI,14,RIAU
147206,Dumai Kota,1472,KOTA DUMAI,14,RIAU
147207,Dumai Selatan,1472,KOTA DUMAI,14,RIAU
150101,Gunung Raya,1501,KABUPATEN KERINCI,15,JAMBI
150102,Danau Kerinci,1501,KABUPATEN KERINCI,15,JAMBI
150104,Sitinjau Laut,1501,KABUPATEN KERINCI,15,JAMBI
150105,Air Hangat,1501,KABUPATEN KERINCI,15,JAMBI
150106,Gunung Kerinci,1501,KABUPATEN KERINCI,15,JAMBI
150107,Batang Merangin,1501,KABUPATEN KERINCI,15,JAMBI
150108,Keliling Danau,1501,KABUPATEN KERINCI,15,JAMBI
150109,Kayu Aro,1501,KABUPATEN KERINCI,15,JAMBI
150111,Air Hangat Timur,1501,KABUPATEN KERINCI,15,JAMBI
150115,Gunung Tujuh,1501,KABUPATEN KERINCI,15,JAMBI
150116,Siulak,1501,KABUPATEN KERINCI,15,JAMBI
150117,Depati Tujuh,1501,KABUPATEN KERINCI,15,JAMBI
150118,Siulak Mukai,1501,KABUPATEN KERINCI,15,JAMBI
150119,Kayu Aro Barat,1501,KABUPATEN KERINCI,15,JAMBI
150120,Bukitkerman,1501,KABUPATEN KERINCI,15,JAMBI
150121,Air Hangat Barat,1501,KABUPATEN KERINCI,15,JAMBI
150122,Tanah Cogok,1501,KABUPATEN KERINCI,15,JAMBI
150123,Danau Kerinci Barat,1501,KABUPATEN KERINCI,15,JAMBI
150201,Jangkat,1502,KABUPATEN MERANGIN,15,JAMBI
150202,Bangko,1502,KABUPATEN MERANGIN,15,JAMBI
150203,Muara Siau,1502,KABUPATEN MERANGIN,15,JAMBI
150204,Sungai Manau,1502,KABUPATEN MERANGIN,15,JAMBI
150205,Tabir,1502,KABUPATEN MERANGIN,15,JAMBI
150206,Pamenang,1502,KABUPATEN MERANGIN,15,JAMBI
150207,Tabir Ulu,1502,KABUPATEN MERANGIN,15,JAMBI
150208,Tabir Selatan,1502,KABUPATEN MERANGIN,15,JAMBI
150209,Lembah Masurai,1502,KABUPATEN MERANGIN,15,JAMBI
150210,Bangko Barat,1502,KABUPATEN MERANGIN,15,JAMBI
150211,Nalo Tatan,1502,KABUPATEN MERANGIN,15,JAMBI
150212,Batang Masumai,1502,KABUPATEN MERANGIN,15,JAMBI
150213,Pamenang Barat,1502,KABUPATEN MERANGIN,15,JAMBI
150214,Tabir Ilir,1502,KABUPATEN MERANGIN,15,JAMBI
150215,Tabir Timur,1502,KABUPATEN MERANGIN,15,JAMBI
150216,Renah Pembarap,1502,KABUPATEN MERANGIN,15,JAMBI
150217,Pangkalan Jambu,1502,KABUPATEN MERANGIN,15,JAMBI
150218,Jangkat Timur,1502,KABUPATEN MERANGIN,15,JAMBI
150219,Renah Pamenang,1502,KABUPATEN MERANGIN,15,JAMBI
150220,Pamenang Selatan,1502,KABUPATEN MERANGIN,15,JAMBI
150221,Margo Tabir,1502,KABUPATEN MERANGIN,15,JAMBI
150222,Tabir Lintas,1502,KABUPATEN MERANGIN,15,JAMBI
150223,Tabir Barat,1502,KABUPATEN MERANGIN,15,JAMBI
150224,Tiang Pumpung,1502,KABUPATEN MERANGIN,15,JAMBI
150301,Batang Asai,1503,KABUPATEN SAROLANGUN,15,JAMBI
150302,Limun,1503,KABUPATEN SAROLANGUN,15,JAMBI
150303,Sarolangun,1503,KABUPATEN SAROLANGUN,15,JAMBI
150304,Pauh,1503,KABUPATEN SAROLANGUN,15,JAMBI
150305,Pelawan,1503,KABUPATEN SAROLANGUN,15,JAMBI
150306,Mandiangin,1503,KABUPATEN SAROLANGUN,15,JAMBI
150307,Air Hitam,1503,KABUPATEN SAROLANGUN,15,JAMBI
150308,Bathin VIII,1503,KABUPATEN SAROLANGUN,15,JAMBI
150309,Singkut,1503,KABUPATEN SAROLANGUN,15,JAMBI
150310,Cermin Nan Gedang,1503,KABUPATEN SAROLANGUN,15,JAMBI
150311,Mandiangin Timur,1503,KABUPATEN SAROLANGUN,15,JAMBI
150401,Mersam,1504,KABUPATEN BATANGHARI,15,JAMBI
150402,Muara Tembesi,1504,KABUPATEN BATANGHARI,15,JAMBI
150403,Muara Bulian,1504,KABUPATEN BATANGHARI,15,JAMBI
150404,Batin XXIV,1504,KABUPATEN BATANGHARI,15,JAMBI
150405,Pemayung,1504,KABUPATEN BATANGHARI,15,JAMBI
150406,Maro Sebo Ulu,1504,KABUPATEN BATANGHARI,15,JAMBI
150407,Bajubang,1504,KABUPATEN BATANGHARI,15,JAMBI
150408,Maro Sebo Ilir,1504,KABUPATEN BATANGHARI,15,JAMBI
150501,Jambi Luar Kota,1505,KABUPATEN MUARO JAMBI,15,JAMBI
150502,Sekernan,1505,KABUPATEN MUARO JAMBI,15,JAMBI
150503,Kumpeh,1505,KABUPATEN MUARO JAMBI,15,JAMBI
150504,Maro Sebo,1505,KABUPATEN MUARO JAMBI,15,JAMBI
150505,Mestong,1505,KABUPATEN MUARO JAMBI,15,JAMBI
150506,Kumpeh Ulu,1505,KABUPATEN MUARO JAMBI,15,JAMBI
150507,Sungai Bahar,1505,KABUPATEN MUARO JAMBI,15,JAMBI
150508,Sungai Gelam,1505,KABUPATEN MUARO JAMBI,15,JAMBI
150509,Bahar Utara,1505,KABUPATEN MUARO JAMBI,15,JAMBI
150510,Bahar Selatan,1505,KABUPATEN MUARO JAMBI,15,JAMBI
150511,Taman Rajo,1505,KABUPATEN MUARO JAMBI,15,JAMBI
150601,Tungkal Ulu,1506,KABUPATEN TANJUNG JABUNG BARAT,15,JAMBI
150602,Tungkal Ilir,1506,KABUPATEN TANJUNG JABUNG BARAT,15,JAMBI
150603,Pengabuan,1506,KABUPATEN TANJUNG JABUNG BARAT,15,JAMBI
150604,Betara,1506,KABUPATEN TANJUNG JABUNG BARAT,15,JAMBI
150605,Merlung,1506,KABUPATEN TANJUNG JABUNG BARAT,15,JAMBI
150606,Tebing Tinggi,1506,KABUPATEN TANJUNG JABUNG BARAT,15,JAMBI
150607,Batang Asam,1506,KABUPATEN TANJUNG JABUNG BARAT,15,JAMBI
150608,Renah Mendaluh,1506,KABUPATEN TANJUNG JABUNG BARAT,15,JAMBI
150609,Muara Papalik,1506,KABUPATEN TANJUNG JABUNG BARAT,15,JAMBI
150610,Seberang Kota,1506,KABUPATEN TANJUNG JABUNG BARAT,15,JAMBI
150611,Bram Itam,1506,KABUPATEN TANJUNG JABUNG BARAT,15,JAMBI
150612,Kuala Betara,1506,KABUPATEN TANJUNG JABUNG BARAT,15,JAMBI
150613,Senyerang,1506,KABUPATEN TANJUNG JABUNG BARAT,15,JAMBI
150701,Muara Sabak Timur,1507,KABUPATEN TANJUNG JABUNG TIMUR,15,JAMBI
150702,Nipah Panjang,1507,KABUPATEN TANJUNG JABUNG TIMUR,15,JAMBI
150703,Mendahara,1507,KABUPATEN TANJUNG JABUNG TIMUR,15,JAMBI
150704,Rantau Rasau,1507,KABUPATEN TANJUNG JABUNG TIMUR,15,JAMBI
150705,S a d u,1507,KABUPATEN TANJUNG JABUNG TIMUR,15,JAMBI
150706,Dendang,1507,KABUPATEN TANJUNG JABUNG TIMUR,15,JAMBI
150707,Muara Sabak Barat,1507,KABUPATEN TANJUNG JABUNG TIMUR,15,JAMBI
150708,Kuala Jambi,1507,KABUPATEN TANJUNG JABUNG TIMUR,15,JAMBI
150709,Mendahara Ulu,1507,KABUPATEN TANJUNG JABUNG TIMUR,15,JAMBI
150710,Geragai,1507,KABUPATEN TANJUNG JABUNG TIMUR,15,JAMBI
150711,Berbak,1507,KABUPATEN TANJUNG JABUNG TIMUR,15,JAMBI
150801,Tanah Tumbuh,1508,KABUPATEN BUNGO,15,JAMBI
150802,Rantau Pandan,1508,KABUPATEN BUNGO,15,JAMBI
150803,Pasar Muaro Bungo,1508,KABUPATEN BUNGO,15,JAMBI
150804,Jujuhan,1508,KABUPATEN BUNGO,15,JAMBI
150805,Tanah Sepenggal,1508,KABUPATEN BUNGO,15,JAMBI
150806,Pelepat,1508,KABUPATEN BUNGO,15,JAMBI
150807,Limbur Lubuk Mengkuang,1508,KABUPATEN BUNGO,15,JAMBI
150808,Muko-muko Bathin VII,1508,KABUPATEN BUNGO,15,JAMBI
150809,Pelepat Ilir,1508,KABUPATEN BUNGO,15,JAMBI
150810,Batin II Babeko,1508,KABUPATEN BUNGO,15,JAMBI
150811,Bathin III,1508,KABUPATEN BUNGO,15,JAMBI
150812,Bungo Dani,1508,KABUPATEN BUNGO,15,JAMBI
150813,Rimbo Tengah,1508,KABUPATEN BUNGO,15,JAMBI
150814,Bathin III Ulu,1508,KABUPATEN BUNGO,15,JAMBI
150815,Bathin II Pelayang,1508,KABUPATEN BUNGO,15,JAMBI
150816,Jujuhan Ilir,1508,KABUPATEN BUNGO,15,JAMBI
150817,Tanah Sepenggal Lintas,1508,KABUPATEN BUNGO,15,JAMBI
150901,Tebo Tengah,1509,KABUPATEN TEBO,15,JAMBI
150902,Tebo Ilir,1509,KABUPATEN TEBO,15,JAMBI
150903,Tebo Ulu,1509,KABUPATEN TEBO,15,JAMBI
150904,Rimbo Bujang,1509,KABUPATEN TEBO,15,JAMBI
150905,Sumay,1509,KABUPATEN TEBO,15,JAMBI
150906,VII Koto,1509,KABUPATEN TEBO,15,JAMBI
150907,Rimbo Ulu,1509,KABUPATEN TEBO,15,JAMBI
150908,Rimbo Ilir,1509,KABUPATEN TEBO,15,JAMBI
150909,Tengah Ilir,1509,KABUPATEN TEBO,15,JAMBI
150910,Serai Serumpun,1509,KABUPATEN TEBO,15,JAMBI
150911,VII Koto Ilir,1509,KABUPATEN TEBO,15,JAMBI
150912,Muara Tabir,1509,KABUPATEN TEBO,15,JAMBI
157101,Telanaipura,1571,KOTA JAMBI,15,JAMBI
157102,Jambi Selatan,1571,KOTA JAMBI,15,JAMBI
157103,Jambi Timur,1571,KOTA JAMBI,15,JAMBI
157104,Pasar Jambi,1571,KOTA JAMBI,15,JAMBI
157105,Pelayangan,1571,KOTA JAMBI,15,JAMBI
157106,Danau Teluk,1571,KOTA JAMBI,15,JAMBI
157107,Kota Baru,1571,KOTA JAMBI,15,JAMBI
157108,Jelutung,1571,KOTA JAMBI,15,JAMBI
157109,Alam Barajo,1571,KOTA JAMBI,15,JAMBI
157110,Danau Sipin,1571,KOTA JAMBI,15,JAMBI
157111,Paal Merah,1571,KOTA JAMBI,15,JAMBI
157201,Sungai Penuh,1572,KOTA SUNGAI PENUH,15,JAMBI
157202,Pesisir Bukit,1572,KOTA SUNGAI PENUH,15,JAMBI
157203,Hamparan Rawang,1572,KOTA SUNGAI PENUH,15,JAMBI
157204,Tanah Kampung,1572,KOTA SUNGAI PENUH,15,JAMBI
157205,Kumun Debai,1572,KOTA SUNGAI PENUH,15,JAMBI
157206,Pondok Tinggi,1572,KOTA SUNGAI PENUH,15,JAMBI
157207,Koto Baru,1572,KOTA SUNGAI PENUH,15,JAMBI
157208,Sungai Bungkal,1572,KOTA SUNGAI PENUH,15,JAMBI
160107,Sosoh Buay Rayap,1601,KABUPATEN OGAN KOMERING ULU,16,SUMATERA SELATAN
160108,Pengandonan,1601,KABUPATEN OGAN KOMERING ULU,16,SUMATERA SELATAN
160109,Peninjauan,1601,KABUPATEN OGAN KOMERING ULU,16,SUMATERA SELATAN
160113,Baturaja Barat,1601,KABUPATEN OGAN KOMERING ULU,16,SUMATERA SELATAN
160114,Baturaja Timur,1601,KABUPATEN OGAN KOMERING ULU,16,SUMATERA SELATAN
160120,Ulu Ogan,1601,KABUPATEN OGAN KOMERING ULU,16,SUMATERA SELATAN
160121,Semidang Aji,1601,KABUPATEN OGAN KOMERING ULU,16,SUMATERA SELATAN
160122,Lubuk Batang,1601,KABUPATEN OGAN KOMERING ULU,16,SUMATERA SELATAN
160128,Lengkiti,1601,KABUPATEN OGAN KOMERING ULU,16,SUMATERA SELATAN
160129,Sinar Peninjauan,1601,KABUPATEN OGAN KOMERING ULU,16,SUMATERA SELATAN
160130,Lubuk Raja,1601,KABUPATEN OGAN KOMERING ULU,16,SUMATERA SELATAN
160131,Muara Jaya,1601,KABUPATEN OGAN KOMERING ULU,16,SUMATERA SELATAN
160132,Kedaton Peninjauan Raya,1601,KABUPATEN OGAN KOMERING ULU,16,SUMATERA SELATAN
160202,Tanjung Lubuk,1602,KABUPATEN OGAN KOMERING ILIR,16,SUMATERA SELATAN
160203,Pedamaran,1602,KABUPATEN OGAN KOMERING ILIR,16,SUMATERA SELATAN
160204,Mesuji,1602,KABUPATEN OGAN KOMERING ILIR,16,SUMATERA SELATAN
160205,Kayu Agung,1602,KABUPATEN OGAN KOMERING ILIR,16,SUMATERA SELATAN
160208,Sirah Pulau Padang,1602,KABUPATEN OGAN KOMERING ILIR,16,SUMATERA SELATAN
160211,Tulung Selapan,1602,KABUPATEN OGAN KOMERING ILIR,16,SUMATERA SELATAN
160212,Pampangan,1602,KABUPATEN OGAN KOMERING ILIR,16,SUMATERA SELATAN
160213,Lempuing,1602,KABUPATEN OGAN KOMERING ILIR,16,SUMATERA SELATAN
160214,Air Sugihan,1602,KABUPATEN OGAN KOMERING ILIR,16,SUMATERA SELATAN
160215,Sungai Menang,1602,KABUPATEN OGAN KOMERING ILIR,16,SUMATERA SELATAN
160217,Jejawi,1602,KABUPATEN OGAN KOMERING ILIR,16,SUMATERA SELATAN
160218,Cengal,1602,KABUPATEN OGAN KOMERING ILIR,16,SUMATERA SELATAN
160219,Pangkalan Lampam,1602,KABUPATEN OGAN KOMERING ILIR,16,SUMATERA SELATAN
160220,Mesuji Makmur,1602,KABUPATEN OGAN KOMERING ILIR,16,SUMATERA SELATAN
160221,Mesuji Raya,1602,KABUPATEN OGAN KOMERING ILIR,16,SUMATERA SELATAN
160222,Lempuing Jaya,1602,KABUPATEN OGAN KOMERING ILIR,16,SUMATERA SELATAN
160223,Teluk Gelam,1602,KABUPATEN OGAN KOMERING ILIR,16,SUMATERA SELATAN
160224,Pedamaran Timur,1602,KABUPATEN OGAN KOMERING ILIR,16,SUMATERA SELATAN
160301,Tanjung Agung,1603,KABUPATEN MUARA ENIM,16,SUMATERA SELATAN
160302,Muara Enim,1603,KABUPATEN MUARA ENIM,16,SUMATERA SELATAN
160303,Rambang Niru,1603,KABUPATEN MUARA ENIM,16,SUMATERA SELATAN
160304,Gunung Megang,1603,KABUPATEN MUARA ENIM,16,SUMATERA SELATAN
160306,Gelumbang,1603,KABUPATEN MUARA ENIM,16,SUMATERA SELATAN
160307,Lawang Kidul,1603,KABUPATEN MUARA ENIM,16,SUMATERA SELATAN
160308,Semende Darat Laut,1603,KABUPATEN MUARA ENIM,16,SUMATERA SELATAN
160309,Semende Darat Tengah,1603,KABUPATEN MUARA ENIM,16,SUMATERA SELATAN
160310,Semende Darat Ulu,1603,KABUPATEN MUARA ENIM,16,SUMATERA SELATAN
160311,Ujan Mas,1603,KABUPATEN MUARA ENIM,16,SUMATERA SELATAN
160314,Lubai,1603,KABUPATEN MUARA ENIM,16,SUMATERA SELATAN
160315,Rambang,1603,KABUPATEN MUARA ENIM,16,SUMATERA SELATAN
160316,Sungai Rotan,1603,KABUPATEN MUARA ENIM,16,SUMATERA SELATAN
160317,Lembak,1603,KABUPATEN MUARA ENIM,16,SUMATERA SELATAN
160319,Benakat,1603,KABUPATEN MUARA ENIM,16,SUMATERA SELATAN
160321,Kelekar,1603,KABUPATEN MUARA ENIM,16,SUMATERA SELATAN
160322,Muara Belida,1603,KABUPATEN MUARA ENIM,16,SUMATERA SELATAN
160323,Belimbing,1603,KABUPATEN MUARA ENIM,16,SUMATERA SELATAN
160324,Belida Darat,1603,KABUPATEN MUARA ENIM,16,SUMATERA SELATAN
160325,Lubai Ulu,1603,KABUPATEN MUARA ENIM,16,SUMATERA SELATAN
160326,Empat Petulai Dangku,1603,KABUPATEN MUARA ENIM,16,SUMATERA SELATAN
160327,Panang Enim,1603,KABUPATEN MUARA ENIM,16,SUMATERA SELATAN
160401,Tanjungsakti Pumu,1604,KABUPATEN LAHAT,16,SUMATERA SELATAN
160406,Jarai,1604,KABUPATEN LAHAT,16,SUMATERA SELATAN
160407,Kota Agung,1604,KABUPATEN LAHAT,16,SUMATERA SELATAN
160408,Pulaupinang,1604,KABUPATEN LAHAT,16,SUMATERA SELATAN
160409,Merapi Barat,1604,KABUPATEN LAHAT,16,SUMATERA SELATAN
160410,Lahat,1604,KABUPATEN LAHAT,16,SUMATERA SELATAN
160412,Pajar Bulan,1604,KABUPATEN LAHAT,16,SUMATERA SELATAN
160415,Mulak Ulu,1604,KABUPATEN LAHAT,16,SUMATERA SELATAN
160416,Kikim Selatan,1604,KABUPATEN LAHAT,16,SUMATERA SELATAN
160417,Kikim Timur,1604,KABUPATEN LAHAT,16,SUMATERA SELATAN
160418,Kikim Tengah,1604,KABUPATEN LAHAT,16,SUMATERA SELATAN
160419,Kikim Barat,1604,KABUPATEN LAHAT,16,SUMATERA SELATAN
160420,Pseksu,1604,KABUPATEN LAHAT,16,SUMATERA SELATAN
160421,Gumay Talang,1604,KABUPATEN LAHAT,16,SUMATERA SELATAN
160422,Pagar Gunung,1604,KABUPATEN LAHAT,16,SUMATERA SELATAN
160423,Merapi Timur,1604,KABUPATEN LAHAT,16,SUMATERA SELATAN
160424,Tanjung Sakti Pumi,1604,KABUPATEN LAHAT,16,SUMATERA SELATAN
160425,Gumay Ulu,1604,KABUPATEN LAHAT,16,SUMATERA SELATAN
160426,Merapi Selatan,1604,KABUPATEN LAHAT,16,SUMATERA SELATAN
160427,Tanjungtebat,1604,KABUPATEN LAHAT,16,SUMATERA SELATAN
160428,Muarapayang,1604,KABUPATEN LAHAT,16,SUMATERA SELATAN
160429,Sukamerindu,1604,KABUPATEN LAHAT,16,SUMATERA SELATAN
160430,Mulak Sebingkai,1604,KABUPATEN LAHAT,16,SUMATERA SELATAN
160431,Lahat Selatan,1604,KABUPATEN LAHAT,16,SUMATERA SELATAN
160501,Tugumulyo,1605,KABUPATEN MUSI RAWAS,16,SUMATERA SELATAN
160502,Muara Lakitan,1605,KABUPATEN MUSI RAWAS,16,SUMATERA SELATAN
160503,Muara Kelingi,1605,KABUPATEN MUSI RAWAS,16,SUMATERA SELATAN
160508,Jayaloka,1605,KABUPATEN MUSI RAWAS,16,SUMATERA SELATAN
160509,Muara Beliti,1605,KABUPATEN MUSI RAWAS,16,SUMATERA SELATAN
160510,STL Ulu Terawas,1605,KABUPATEN MUSI RAWAS,16,SUMATERA SELATAN
160511,Selangit,1605,KABUPATEN MUSI RAWAS,16,SUMATERA SELATAN
160512,Megang Sakti,1605,KABUPATEN MUSI RAWAS,16,SUMATERA SELATAN
160513,Purwodadi,1605,KABUPATEN MUSI RAWAS,16,SUMATERA SELATAN
160514,BTS. Ulu,1605,KABUPATEN MUSI RAWAS,16,SUMATERA SELATAN
160518,Tiang Pumpung Kepungut,1605,KABUPATEN MUSI RAWAS,16,SUMATERA SELATAN
160519,Sumber Harta,1605,KABUPATEN MUSI RAWAS,16,SUMATERA SELATAN
160520,Tuah Negeri,1605,KABUPATEN MUSI RAWAS,16,SUMATERA SELATAN
160521,Suka Karya,1605,KABUPATEN MUSI RAWAS,16,SUMATERA SELATAN
160601,Sekayu,1606,KABUPATEN MUSI BANYUASIN,16,SUMATERA SELATAN
160602,Lais,1606,KABUPATEN MUSI BANYUASIN,16,SUMATERA SELATAN
160603,Sungai Keruh,1606,KABUPATEN MUSI BANYUASIN,16,SUMATERA SELATAN
160604,Batang Hari Leko,1606,KABUPATEN MUSI BANYUASIN,16,SUMATERA SELATAN
160605,Sanga Desa,1606,KABUPATEN MUSI BANYUASIN,16,SUMATERA SELATAN
160606,Babat Toman,1606,KABUPATEN MUSI BANYUASIN,16,SUMATERA SELATAN
160607,Sungai Lilin,1606,KABUPATEN MUSI BANYUASIN,16,SUMATERA SELATAN
160608,Keluang,1606,KABUPATEN MUSI BANYUASIN,16,SUMATERA SELATAN
160609,Bayung Lencir,1606,KABUPATEN MUSI BANYUASIN,16,SUMATERA SELATAN
160610,Plakat Tinggi,1606,KABUPATEN MUSI BANYUASIN,16,SUMATERA SELATAN
160611,Lalan,1606,KABUPATEN MUSI BANYUASIN,16,SUMATERA SELATAN
160612,Tungkal Jaya,1606,KABUPATEN MUSI BANYUASIN,16,SUMATERA SELATAN
160613,Lawang Wetan,1606,KABUPATEN MUSI BANYUASIN,16,SUMATERA SELATAN
160614,Babat Supat,1606,KABUPATEN MUSI BANYUASIN,16,SUMATERA SELATAN
160615,Jirak Jaya,1606,KABUPATEN MUSI BANYUASIN,16,SUMATERA SELATAN
160701,Banyuasin I,1607,KABUPATEN BANYUASIN,16,SUMATERA SELATAN
160702,Banyuasin II,1607,KABUPATEN BANYUASIN,16,SUMATERA SELATAN
160703,Banyuasin III,1607,KABUPATEN BANYUASIN,16,SUMATERA SELATAN
160704,Pulau Rimau,1607,KABUPATEN BANYUASIN,16,SUMATERA SELATAN
160705,Betung,1607,KABUPATEN BANYUASIN,16,SUMATERA SELATAN
160706,Rambutan,1607,KABUPATEN BANYUASIN,16,SUMATERA SELATAN
160707,Muara Padang,1607,KABUPATEN BANYUASIN,16,SUMATERA SELATAN
160708,Muara Telang,1607,KABUPATEN BANYUASIN,16,SUMATERA SELATAN
160709,Makarti Jaya,1607,KABUPATEN BANYUASIN,16,SUMATERA SELATAN
160710,Talang Kelapa,1607,KABUPATEN BANYUASIN,16,SUMATERA SELATAN
160711,Rantau Bayur,1607,KABUPATEN BANYUASIN,16,SUMATERA SELATAN
160712,Tanjung Lago,1607,KABUPATEN BANYUASIN,16,SUMATERA SELATAN
160713,Muara Sugihan,1607,KABUPATEN BANYUASIN,16,SUMATERA SELATAN
160714,Air Salek,1607,KABUPATEN BANYUASIN,16,SUMATERA SELATAN
160715,Tungkal Ilir,1607,KABUPATEN BANYUASIN,16,SUMATERA SELATAN
160716,Suak Tapeh,1607,KABUPATEN BANYUASIN,16,SUMATERA SELATAN
160717,Sembawa,1607,KABUPATEN BANYUASIN,16,SUMATERA SELATAN
160718,Sumber Marga Telang,1607,KABUPATEN BANYUASIN,16,SUMATERA SELATAN
160719,Air Kumbang,1607,KABUPATEN BANYUASIN,16,SUMATERA SELATAN
160720,Karangagung Ilir,1607,KABUPATEN BANYUASIN,16,SUMATERA SELATAN
160721,Selat Panuguan,1607,KABUPATEN BANYUASIN,16,SUMATERA SELATAN
160801,Martapura,1608,KABUPATEN OGAN KOMERING ULU TIMUR,16,SUMATERA SELATAN
160802,Buay Madang,1608,KABUPATEN OGAN KOMERING ULU TIMUR,16,SUMATERA SELATAN
160803,Belitang,1608,KABUPATEN OGAN KOMERING ULU TIMUR,16,SUMATERA SELATAN
160804,Cempaka,1608,KABUPATEN OGAN KOMERING ULU TIMUR,16,SUMATERA SELATAN
160805,Buay Pemuka Peliung,1608,KABUPATEN OGAN KOMERING ULU TIMUR,16,SUMATERA SELATAN
160806,Madang Suku II,1608,KABUPATEN OGAN KOMERING ULU TIMUR,16,SUMATERA SELATAN
160807,Madang Suku I,1608,KABUPATEN OGAN KOMERING ULU TIMUR,16,SUMATERA SELATAN
160808,Semendawai Suku III,1608,KABUPATEN OGAN KOMERING ULU TIMUR,16,SUMATERA SELATAN
160809,Belitang II,1608,KABUPATEN OGAN KOMERING ULU TIMUR,16,SUMATERA SELATAN
160810,Belitang III,1608,KABUPATEN OGAN KOMERING ULU TIMUR,16,SUMATERA SELATAN
160811,Bunga Mayang,1608,KABUPATEN OGAN KOMERING ULU TIMUR,16,SUMATERA SELATAN
160812,Buay Madang Timur,1608,KABUPATEN OGAN KOMERING ULU TIMUR,16,SUMATERA SELATAN
160813,Madang Suku III,1608,KABUPATEN OGAN KOMERING ULU TIMUR,16,SUMATERA SELATAN
160814,Semendawai Barat,1608,KABUPATEN OGAN KOMERING ULU TIMUR,16,SUMATERA SELATAN
160815,Semendawai Timur,1608,KABUPATEN OGAN KOMERING ULU TIMUR,16,SUMATERA SELATAN
160816,Jayapura,1608,KABUPATEN OGAN KOMERING ULU TIMUR,16,SUMATERA SELATAN
160817,Belitang Jaya,1608,KABUPATEN OGAN KOMERING ULU TIMUR,16,SUMATERA SELATAN
160818,Belitang Madang Raya,1608,KABUPATEN OGAN KOMERING ULU TIMUR,16,SUMATERA SELATAN
160819,Belitang Mulya,1608,KABUPATEN OGAN KOMERING ULU TIMUR,16,SUMATERA SELATAN
160820,Buay Pemuka Bangsa Raja,1608,KABUPATEN OGAN KOMERING ULU TIMUR,16,SUMATERA SELATAN
160901,Muara Dua,1609,KABUPATEN OGAN KOMERING ULU SELATAN,16,SUMATERA SELATAN
160902,Pulau Beringin,1609,KABUPATEN OGAN KOMERING ULU SELATAN,16,SUMATERA SELATAN
160903,Banding Agung,1609,KABUPATEN OGAN KOMERING ULU SELATAN,16,SUMATERA SELATAN
160904,Muara Dua Kisam,1609,KABUPATEN OGAN KOMERING ULU SELATAN,16,SUMATERA SELATAN
160905,Simpang,1609,KABUPATEN OGAN KOMERING ULU SELATAN,16,SUMATERA SELATAN
160906,Buay Sandang Aji,1609,KABUPATEN OGAN KOMERING ULU SELATAN,16,SUMATERA SELATAN
160907,Buay Runjung,1609,KABUPATEN OGAN KOMERING ULU SELATAN,16,SUMATERA SELATAN
160908,Mekakau Ilir,1609,KABUPATEN OGAN KOMERING ULU SELATAN,16,SUMATERA SELATAN
160909,Buay Pemaca,1609,KABUPATEN OGAN KOMERING ULU SELATAN,16,SUMATERA SELATAN
160910,Kisam Tinggi,1609,KABUPATEN OGAN KOMERING ULU SELATAN,16,SUMATERA SELATAN
160911,Kisam Ilir,1609,KABUPATEN OGAN KOMERING ULU SELATAN,16,SUMATERA SELATAN
160912,Buay Pematang Ribu Ranau Tengah,1609,KABUPATEN OGAN KOMERING ULU SELATAN,16,SUMATERA SELATAN
160913,Warkuk Ranau Selatan,1609,KABUPATEN OGAN KOMERING ULU SELATAN,16,SUMATERA SELATAN
160914,Runjung Agung,1609,KABUPATEN OGAN KOMERING ULU SELATAN,16,SUMATERA SELATAN
160915,Sungai Are,1609,KABUPATEN OGAN KOMERING ULU SELATAN,16,SUMATERA SELATAN
160916,Sindang Danau,1609,KABUPATEN OGAN KOMERING ULU SELATAN,16,SUMATERA SELATAN
160917,Buana Pemaca,1609,KABUPATEN OGAN KOMERING ULU SELATAN,16,SUMATERA SELATAN
160918,Tiga Dihaji,1609,KABUPATEN OGAN KOMERING ULU SELATAN,16,SUMATERA SELATAN
160919,Buay Rawan,1609,KABUPATEN OGAN KOMERING ULU SELATAN,16,SUMATERA SELATAN
161001,Muara Kuang,1610,KABUPATEN OGAN ILIR,16,SUMATERA SELATAN
161002,Tanjung Batu,1610,KABUPATEN OGAN ILIR,16,SUMATERA SELATAN
161003,Tanjung Raja,1610,KABUPATEN OGAN ILIR,16,SUMATERA SELATAN
161004,Indralaya,1610,KABUPATEN OGAN ILIR,16,SUMATERA SELATAN
161005,Pemulutan,1610,KABUPATEN OGAN ILIR,16,SUMATERA SELATAN
161006,Rantau Alai,1610,KABUPATEN OGAN ILIR,16,SUMATERA SELATAN
161007,Indralaya Utara,1610,KABUPATEN OGAN ILIR,16,SUMATERA SELATAN
161008,Indralaya Selatan,1610,KABUPATEN OGAN ILIR,16,SUMATERA SELATAN
161009,Pemulutan Selatan,1610,KABUPATEN OGAN ILIR,16,SUMATERA SELATAN
161010,Pemulutan Barat,1610,KABUPATEN OGAN ILIR,16,SUMATERA SELATAN
161011,Rantau Panjang,1610,KABUPATEN OGAN ILIR,16,SUMATERA SELATAN
161012,Sungai Pinang,1610,KABUPATEN OGAN ILIR,16,SUMATERA SELATAN
161013,Kandis,1610,KABUPATEN OGAN ILIR,16,SUMATERA SELATAN
161014,Rambang Kuang,1610,KABUPATEN OGAN ILIR,16,SUMATERA SELATAN
161015,Lubuk Keliat,1610,KABUPATEN OGAN ILIR,16,SUMATERA SELATAN
161016,Payaraman,1610,KABUPATEN OGAN ILIR,16,SUMATERA SELATAN
161101,Muara Pinang,1611,KABUPATEN EMPAT LAWANG,16,SUMATERA SELATAN
161102,Pendopo,1611,KABUPATEN EMPAT LAWANG,16,SUMATERA SELATAN
161103,Ulu Musi,1611,KABUPATEN EMPAT LAWANG,16,SUMATERA SELATAN
161104,Tebing Tinggi,1611,KABUPATEN EMPAT LAWANG,16,SUMATERA SELATAN
161105,Lintang Kanan,1611,KABUPATEN EMPAT LAWANG,16,SUMATERA SELATAN
161106,Talang Padang,1611,KABUPATEN EMPAT LAWANG,16,SUMATERA SELATAN
161107,Pasemah Air Keruh,1611,KABUPATEN EMPAT LAWANG,16,SUMATERA SELATAN
161108,Sikap Dalam,1611,KABUPATEN EMPAT LAWANG,16,SUMATERA SELATAN
161109,Saling,1611,KABUPATEN EMPAT LAWANG,16,SUMATERA SELATAN
161110,Pendopo Barat,1611,KABUPATEN EMPAT LAWANG,16,SUMATERA SELATAN
161201,Talang Ubi,1612,KABUPATEN PENUKAL ABAB LEMATANG ILIR,16,SUMATERA SELATAN
161202,Penukal Utara,1612,KABUPATEN PENUKAL ABAB LEMATANG ILIR,16,SUMATERA SELATAN
161203,Penukal,1612,KABUPATEN PENUKAL ABAB LEMATANG ILIR,16,SUMATERA SELATAN
161204,Abab,1612,KABUPATEN PENUKAL ABAB LEMATANG ILIR,16,SUMATERA SELATAN
161205,Tanah Abang,1612,KABUPATEN PENUKAL ABAB LEMATANG ILIR,16,SUMATERA SELATAN
161301,Rupit,1613,KABUPATEN MUSI RAWAS UTARA,16,SUMATERA SELATAN
161302,Rawas Ulu,1613,KABUPATEN MUSI RAWAS UTARA,16,SUMATERA SELATAN
161303,Nibung,1613,KABUPATEN MUSI RAWAS UTARA,16,SUMATERA SELATAN
161304,Rawas Ilir,1613,KABUPATEN MUSI RAWAS UTARA,16,SUMATERA SELATAN
161305,Karang Dapo,1613,KABUPATEN MUSI RAWAS UTARA,16,SUMATERA SELATAN
161306,Karang Jaya,1613,KABUPATEN MUSI RAWAS UTARA,16,SUMATERA SELATAN
161307,Ulu Rawas,1613,KABUPATEN MUSI RAWAS UTARA,16,SUMATERA SELATAN
167101,Ilir Barat II,1671,KOTA PALEMBANG,16,SUMATERA SELATAN
167102,Seberang Ulu I,1671,KOTA PALEMBANG,16,SUMATERA SELATAN
167103,Seberang Ulu II,1671,KOTA PALEMBANG,16,SUMATERA SELATAN
167104,Ilir Barat I,1671,KOTA PALEMBANG,16,SUMATERA SELATAN
167105,Ilir Timur I,1671,KOTA PALEMBANG,16,SUMATERA SELATAN
167106,Ilir Timur II,1671,KOTA PALEMBANG,16,SUMATERA SELATAN
167107,Sukarami,1671,KOTA PALEMBANG,16,SUMATERA SELATAN
167108,Sako,1671,KOTA PALEMBANG,16,SUMATERA SELATAN
167109,Kemuning,1671,KOTA PALEMBANG,16,SUMATERA SELATAN
167110,Kalidoni,1671,KOTA PALEMBANG,16,SUMATERA SELATAN
167111,Bukit Kecil,1671,KOTA PALEMBANG,16,SUMATERA SELATAN
167112,Gandus,1671,KOTA PALEMBANG,16,SUMATERA SELATAN
167113,Kertapati,1671,KOTA PALEMBANG,16,SUMATERA SELATAN
167114,Plaju,1671,KOTA PALEMBANG,16,SUMATERA SELATAN
167115,Alang-alang Lebar,1671,KOTA PALEMBANG,16,SUMATERA SELATAN
167116,Sematang Borang,1671,KOTA PALEMBANG,16,SUMATERA SELATAN
167117,Jakabaring,1671,KOTA PALEMBANG,16,SUMATERA SELATAN
167118,Ilir Timur Tiga,1671,KOTA PALEMBANG,16,SUMATERA SELATAN
167201,Pagar Alam Utara,1672,KOTA PAGAR ALAM,16,SUMATERA SELATAN
167202,Pagar Alam Selatan,1672,KOTA PAGAR ALAM,16,SUMATERA SELATAN
167203,Dempo Utara,1672,KOTA PAGAR ALAM,16,SUMATERA SELATAN
167204,Dempo Selatan,1672,KOTA PAGAR ALAM,16,SUMATERA SELATAN
167205,Dempo Tengah,1672,KOTA PAGAR ALAM,16,SUMATERA SELATAN
167301,Lubuk Linggau Timur I,1673,KOTA LUBUK LINGGAU,16,SUMATERA SELATAN
167302,Lubuk Linggau Barat I,1673,KOTA LUBUK LINGGAU,16,SUMATERA SELATAN
167303,Lubuk Linggau Selatan I,1673,KOTA LUBUK LINGGAU,16,SUMATERA SELATAN
167304,Lubuk Linggau Utara I,1673,KOTA LUBUK LINGGAU,16,SUMATERA SELATAN
167305,Lubuk Linggau Timur II,1673,KOTA LUBUK LINGGAU,16,SUMATERA SELATAN
167306,Lubuk Linggau Barat II,1673,KOTA LUBUK LINGGAU,16,SUMATERA SELATAN
167307,Lubuk Linggau Selatan II,1673,KOTA LUBUK LINGGAU,16,SUMATERA SELATAN
167308,Lubuk Linggau Utara II,1673,KOTA LUBUK LINGGAU,16,SUMATERA SELATAN
167401,Prabumulih Barat,1674,KOTA PRABUMULIH,16,SUMATERA SELATAN
167402,Prabumulih Timur,1674,KOTA PRABUMULIH,16,SUMATERA SELATAN
167403,Cambai,1674,KOTA PRABUMULIH,16,SUMATERA SELATAN
167404,Rambang Kpk Tengah,1674,KOTA PRABUMULIH,16,SUMATERA SELATAN
167405,Prabumulih Utara,1674,KOTA PRABUMULIH,16,SUMATERA SELATAN
167406,Prabumulih Selatan,1674,KOTA PRABUMULIH,16,SUMATERA SELATAN
170101,Kedurang,1701,KABUPATEN BENGKULU SELATAN,17,BENGKULU
170102,Seginim,1701,KABUPATEN BENGKULU SELATAN,17,BENGKULU
170103,Pino,1701,KABUPATEN BENGKULU SELATAN,17,BENGKULU
170104,Manna,1701,KABUPATEN BENGKULU SELATAN,17,BENGKULU
170105,Kota Manna,1701,KABUPATEN BENGKULU SELATAN,17,BENGKULU
170106,Pino Raya,1701,KABUPATEN BENGKULU SELATAN,17,BENGKULU
170107,Kedurang Ilir,1701,KABUPATEN BENGKULU SELATAN,17,BENGKULU
170108,Air Nipis,1701,KABUPATEN BENGKULU SELATAN,17,BENGKULU
170109,Ulu Manna,1701,KABUPATEN BENGKULU SELATAN,17,BENGKULU
170110,Bunga Mas,1701,KABUPATEN BENGKULU SELATAN,17,BENGKULU
170111,Pasar Manna,1701,KABUPATEN BENGKULU SELATAN,17,BENGKULU
170206,Kota Padang,1702,KABUPATEN REJANG LEBONG,17,BENGKULU
170207,Padang Ulak Tanding,1702,KABUPATEN REJANG LEBONG,17,BENGKULU
170208,Sindang Kelingi,1702,KABUPATEN REJANG LEBONG,17,BENGKULU
170209,Curup,1702,KABUPATEN REJANG LEBONG,17,BENGKULU
170210,Bermani Ulu,1702,KABUPATEN REJANG LEBONG,17,BENGKULU
170211,Selupu Rejang,1702,KABUPATEN REJANG LEBONG,17,BENGKULU
170216,Curup Utara,1702,KABUPATEN REJANG LEBONG,17,BENGKULU
170217,Curup Timur,1702,KABUPATEN REJANG LEBONG,17,BENGKULU
170218,Curup Selatan,1702,KABUPATEN REJANG LEBONG,17,BENGKULU
170219,Curup Tengah,1702,KABUPATEN REJANG LEBONG,17,BENGKULU
170220,Binduriang,1702,KABUPATEN REJANG LEBONG,17,BENGKULU
170221,Sindang Beliti Ulu,1702,KABUPATEN REJANG LEBONG,17,BENGKULU
170222,Sindang Dataran,1702,KABUPATEN REJANG LEBONG,17,BENGKULU
170223,Sindang Beliti Ilir,1702,KABUPATEN REJANG LEBONG,17,BENGKULU
170224,Bermani Ulu Raya,1702,KABUPATEN REJANG LEBONG,17,BENGKULU
170301,Enggano,1703,KABUPATEN BENGKULU UTARA,17,BENGKULU
170306,Kerkap,1703,KABUPATEN BENGKULU UTARA,17,BENGKULU
170307,Kota Arga Makmur,1703,KABUPATEN BENGKULU UTARA,17,BENGKULU
170308,Giri Mulya,1703,KABUPATEN BENGKULU UTARA,17,BENGKULU
170309,Padang Jaya,1703,KABUPATEN BENGKULU UTARA,17,BENGKULU
170310,Lais,1703,KABUPATEN BENGKULU UTARA,17,BENGKULU
170311,Batik Nau,1703,KABUPATEN BENGKULU UTARA,17,BENGKULU
170312,Ketahun,1703,KABUPATEN BENGKULU UTARA,17,BENGKULU
170313,Napal Putih,1703,KABUPATEN BENGKULU UTARA,17,BENGKULU
170314,Putri Hijau,1703,KABUPATEN BENGKULU UTARA,17,BENGKULU
170315,Air Besi,1703,KABUPATEN BENGKULU UTARA,17,BENGKULU
170316,Air Napal,1703,KABUPATEN BENGKULU UTARA,17,BENGKULU
170319,Hulu Palik,1703,KABUPATEN BENGKULU UTARA,17,BENGKULU
170320,Air Padang,1703,KABUPATEN BENGKULU UTARA,17,BENGKULU
170321,Arma Jaya,1703,KABUPATEN BENGKULU UTARA,17,BENGKULU
170322,Tanjung Agung Palik,1703,KABUPATEN BENGKULU UTARA,17,BENGKULU
170323,Ulok Kupai,1703,KABUPATEN BENGKULU UTARA,17,BENGKULU
170324,Pinang Raya,1703,KABUPATEN BENGKULU UTARA,17,BENGKULU
170325,Marga Sakti Sebelat,1703,KABUPATEN BENGKULU UTARA,17,BENGKULU
170401,Kinal,1704,KABUPATEN KAUR,17,BENGKULU
170402,Tanjung Kemuning,1704,KABUPATEN KAUR,17,BENGKULU
170403,Kaur Utara,1704,KABUPATEN KAUR,17,BENGKULU
170404,Kaur Tengah,1704,KABUPATEN KAUR,17,BENGKULU
170405,Kaur Selatan,1704,KABUPATEN KAUR,17,BENGKULU
170406,Maje,1704,KABUPATEN KAUR,17,BENGKULU
170407,Nasal,1704,KABUPATEN KAUR,17,BENGKULU
170408,Semidang Gumay,1704,KABUPATEN KAUR,17,BENGKULU
170409,Kelam Tengah,1704,KABUPATEN KAUR,17,BENGKULU
170410,Luas,1704,KABUPATEN KAUR,17,BENGKULU
170411,Muara Sahung,1704,KABUPATEN KAUR,17,BENGKULU
170412,Tetap,1704,KABUPATEN KAUR,17,BENGKULU
170413,Lungkang Kule,1704,KABUPATEN KAUR,17,BENGKULU
170414,Padang Guci Hilir,1704,KABUPATEN KAUR,17,BENGKULU
170415,Padang Guci Hulu,1704,KABUPATEN KAUR,17,BENGKULU
170501,Sukaraja,1705,KABUPATEN SELUMA,17,BENGKULU
170502,Seluma,1705,KABUPATEN SELUMA,17,BENGKULU
170503,Talo,1705,KABUPATEN SELUMA,17,BENGKULU
170504,Semidang Alas,1705,KABUPATEN SELUMA,17,BENGKULU
170505,Semidang Alas Maras,1705,KABUPATEN SELUMA,17,BENGKULU
170506,Air Periukan,1705,KABUPATEN SELUMA,17,BENGKULU
170507,Lubuk Sandi,1705,KABUPATEN SELUMA,17,BENGKULU
170508,Seluma Barat,1705,KABUPATEN SELUMA,17,BENGKULU
170509,Seluma Timur,1705,KABUPATEN SELUMA,17,BENGKULU
170510,Seluma Utara,1705,KABUPATEN SELUMA,17,BENGKULU
170511,Seluma Selatan,1705,KABUPATEN SELUMA,17,BENGKULU
170512,Talo Kecil,1705,KABUPATEN SELUMA,17,BENGKULU
170513,Ulu Talo,1705,KABUPATEN SELUMA,17,BENGKULU
170514,Ilir Talo,1705,KABUPATEN SELUMA,17,BENGKULU
170601,Lubuk Pinang,1706,KABUPATEN MUKO MUKO,17,BENGKULU
170602,Kota Mukomuko,1706,KABUPATEN MUKO MUKO,17,BENGKULU
170603,Teras Terunjam,1706,KABUPATEN MUKO MUKO,17,BENGKULU
170604,Pondok Suguh,1706,KABUPATEN MUKO MUKO,17,BENGKULU
170605,Ipuh,1706,KABUPATEN MUKO MUKO,17,BENGKULU
170606,Malin Deman,1706,KABUPATEN MUKO MUKO,17,BENGKULU
170607,Air Rami,1706,KABUPATEN MUKO MUKO,17,BENGKULU
170608,Teramang Jaya,1706,KABUPATEN MUKO MUKO,17,BENGKULU
170609,Selagan Raya,1706,KABUPATEN MUKO MUKO,17,BENGKULU
170610,Penarik,1706,KABUPATEN MUKO MUKO,17,BENGKULU
170611,XIV Koto,1706,KABUPATEN MUKO MUKO,17,BENGKULU
170612,V Koto,1706,KABUPATEN MUKO MUKO,17,BENGKULU
170613,Air Majunto,1706,KABUPATEN MUKO MUKO,17,BENGKULU
170614,Air Dikit,1706,KABUPATEN MUKO MUKO,17,BENGKULU
170615,Sungai Rumbai,1706,KABUPATEN MUKO MUKO,17,BENGKULU
170701,Lebong Utara,1707,KABUPATEN LEBONG,17,BENGKULU
170702,Lebong Atas,1707,KABUPATEN LEBONG,17,BENGKULU
170703,Lebong Tengah,1707,KABUPATEN LEBONG,17,BENGKULU
170704,Lebong Selatan,1707,KABUPATEN LEBONG,17,BENGKULU
170705,Rimbo Pengadang,1707,KABUPATEN LEBONG,17,BENGKULU
170706,Topos,1707,KABUPATEN LEBONG,17,BENGKULU
170707,Bingin Kuning,1707,KABUPATEN LEBONG,17,BENGKULU
170708,Lebong Sakti,1707,KABUPATEN LEBONG,17,BENGKULU
170709,Pelabai,1707,KABUPATEN LEBONG,17,BENGKULU
170710,Amen,1707,KABUPATEN LEBONG,17,BENGKULU
170711,Uram Jaya,1707,KABUPATEN LEBONG,17,BENGKULU
170712,Pinang Belapis,1707,KABUPATEN LEBONG,17,BENGKULU
170801,Bermani Ilir,1708,KABUPATEN KEPAHIANG,17,BENGKULU
170802,Ujan Mas,1708,KABUPATEN KEPAHIANG,17,BENGKULU
170803,Tebat Karai,1708,KABUPATEN KEPAHIANG,17,BENGKULU
170804,Kepahiang,1708,KABUPATEN KEPAHIANG,17,BENGKULU
170805,Merigi,1708,KABUPATEN KEPAHIANG,17,BENGKULU
170806,Kebawetan,1708,KABUPATEN KEPAHIANG,17,BENGKULU
170807,Seberang Musi,1708,KABUPATEN KEPAHIANG,17,BENGKULU
170808,Muara Kemumu,1708,KABUPATEN KEPAHIANG,17,BENGKULU
170901,Karang Tinggi,1709,KABUPATEN BENGKULU TENGAH,17,BENGKULU
170902,Talang Empat,1709,KABUPATEN BENGKULU TENGAH,17,BENGKULU
170903,Pondok Kelapa,1709,KABUPATEN BENGKULU TENGAH,17,BENGKULU
170904,Pematang Tiga,1709,KABUPATEN BENGKULU TENGAH,17,BENGKULU
170905,Pagar Jati,1709,KABUPATEN BENGKULU TENGAH,17,BENGKULU
170906,Taba Penanjung,1709,KABUPATEN BENGKULU TENGAH,17,BENGKULU
170907,Merigi Kelindang,1709,KABUPATEN BENGKULU TENGAH,17,BENGKULU
170908,Merigi Sakti,1709,KABUPATEN BENGKULU TENGAH,17,BENGKULU
170909,Pondok Kubang,1709,KABUPATEN BENGKULU TENGAH,17,BENGKULU
170910,Bang Haji,1709,KABUPATEN BENGKULU TENGAH,17,BENGKULU
170911,Semidang Lagan,1709,KABUPATEN BENGKULU TENGAH,17,BENGKULU
177101,Selebar,1771,KOTA BENGKULU,17,BENGKULU
177102,Gading Cempaka,1771,KOTA BENGKULU,17,BENGKULU
177103,Teluk Segara,1771,KOTA BENGKULU,17,BENGKULU
177104,Muara Bangka Hulu,1771,KOTA BENGKULU,17,BENGKULU
177105,Kampung Melayu,1771,KOTA BENGKULU,17,BENGKULU
177106,Ratu Agung,1771,KOTA BENGKULU,17,BENGKULU
177107,Ratu Samban,1771,KOTA BENGKULU,17,BENGKULU
177108,Sungai Serut,1771,KOTA BENGKULU,17,BENGKULU
177109,Singaran Pati,1771,KOTA BENGKULU,17,BENGKULU
180104,Natar,1801,KABUPATEN LAMPUNG SELATAN,18,LAMPUNG
180105,Tanjung Bintang,1801,KABUPATEN LAMPUNG SELATAN,18,LAMPUNG
180106,Kalianda,1801,KABUPATEN LAMPUNG SELATAN,18,LAMPUNG
180107,Sidomulyo,1801,KABUPATEN LAMPUNG SELATAN,18,LAMPUNG
180108,Katibung,1801,KABUPATEN LAMPUNG SELATAN,18,LAMPUNG
180109,Penengahan,1801,KABUPATEN LAMPUNG SELATAN,18,LAMPUNG
180110,Palas,1801,KABUPATEN LAMPUNG SELATAN,18,LAMPUNG
180113,Jati Agung,1801,KABUPATEN LAMPUNG SELATAN,18,LAMPUNG
180114,Ketapang,1801,KABUPATEN LAMPUNG SELATAN,18,LAMPUNG
180115,Sragi,1801,KABUPATEN LAMPUNG SELATAN,18,LAMPUNG
180116,Raja Basa,1801,KABUPATEN LAMPUNG SELATAN,18,LAMPUNG
180117,Candipuro,1801,KABUPATEN LAMPUNG SELATAN,18,LAMPUNG
180118,Merbau Mataram,1801,KABUPATEN LAMPUNG SELATAN,18,LAMPUNG
180121,Bakauheni,1801,KABUPATEN LAMPUNG SELATAN,18,LAMPUNG
180122,Tanjung Sari,1801,KABUPATEN LAMPUNG SELATAN,18,LAMPUNG
180123,Way Sulan,1801,KABUPATEN LAMPUNG SELATAN,18,LAMPUNG
180124,Way Panji,1801,KABUPATEN LAMPUNG SELATAN,18,LAMPUNG
180201,Kalirejo,1802,KABUPATEN LAMPUNG TENGAH,18,LAMPUNG
180202,Bangun Rejo,1802,KABUPATEN LAMPUNG TENGAH,18,LAMPUNG
180203,Padang Ratu,1802,KABUPATEN LAMPUNG TENGAH,18,LAMPUNG
180204,Gunung Sugih,1802,KABUPATEN LAMPUNG TENGAH,18,LAMPUNG
180205,Trimurjo,1802,KABUPATEN LAMPUNG TENGAH,18,LAMPUNG
180206,Punggur,1802,KABUPATEN LAMPUNG TENGAH,18,LAMPUNG
180207,Terbanggi Besar,1802,KABUPATEN LAMPUNG TENGAH,18,LAMPUNG
180208,Seputih Raman,1802,KABUPATEN LAMPUNG TENGAH,18,LAMPUNG
180209,Rumbia,1802,KABUPATEN LAMPUNG TENGAH,18,LAMPUNG
180210,Seputih Banyak,1802,KABUPATEN LAMPUNG TENGAH,18,LAMPUNG
180211,Seputih Mataram,1802,KABUPATEN LAMPUNG TENGAH,18,LAMPUNG
180212,Seputih Surabaya,1802,KABUPATEN LAMPUNG TENGAH,18,LAMPUNG
180213,Terusan Nunyai,1802,KABUPATEN LAMPUNG TENGAH,18,LAMPUNG
180214,Bumi Ratu Nuban,1802,KABUPATEN LAMPUNG TENGAH,18,LAMPUNG
180215,Bekri,1802,KABUPATEN LAMPUNG TENGAH,18,LAMPUNG
180216,Seputih Agung,1802,KABUPATEN LAMPUNG TENGAH,18,LAMPUNG
180217,Way Pangubuan,1802,KABUPATEN LAMPUNG TENGAH,18,LAMPUNG
180218,Bandar Mataram,1802,KABUPATEN LAMPUNG TENGAH,18,LAMPUNG
180219,Pubian,1802,KABUPATEN LAMPUNG TENGAH,18,LAMPUNG
180220,Selagai Lingga,1802,KABUPATEN LAMPUNG TENGAH,18,LAMPUNG
180221,Anak Tuha,1802,KABUPATEN LAMPUNG TENGAH,18,LAMPUNG
180222,Sendang Agung,1802,KABUPATEN LAMPUNG TENGAH,18,LAMPUNG
180223,Kota Gajah,1802,KABUPATEN LAMPUNG TENGAH,18,LAMPUNG
180224,Bumi Nabung,1802,KABUPATEN LAMPUNG TENGAH,18,LAMPUNG
180225,Way Seputih,1802,KABUPATEN LAMPUNG TENGAH,18,LAMPUNG
180226,Bandar Surabaya,1802,KABUPATEN LAMPUNG TENGAH,18,LAMPUNG
180227,Anak Ratu Aji,1802,KABUPATEN LAMPUNG TENGAH,18,LAMPUNG
180228,Putra Rumbia,1802,KABUPATEN LAMPUNG TENGAH,18,LAMPUNG
180301,Bukit Kemuning,1803,KABUPATEN LAMPUNG UTARA,18,LAMPUNG
180302,Kotabumi,1803,KABUPATEN LAMPUNG UTARA,18,LAMPUNG
180303,Sungkai Selatan,1803,KABUPATEN LAMPUNG UTARA,18,LAMPUNG
180304,Tanjung Raja,1803,KABUPATEN LAMPUNG UTARA,18,LAMPUNG
180305,Abung Timur,1803,KABUPATEN LAMPUNG UTARA,18,LAMPUNG
180306,Abung Barat,1803,KABUPATEN LAMPUNG UTARA,18,LAMPUNG
180307,Abung Selatan,1803,KABUPATEN LAMPUNG UTARA,18,LAMPUNG
180308,Sungkai Utara,1803,KABUPATEN LAMPUNG UTARA,18,LAMPUNG
180309,Kotabumi Utara,1803,KABUPATEN LAMPUNG UTARA,18,LAMPUNG
180310,Kotabumi Selatan,1803,KABUPATEN LAMPUNG UTARA,18,LAMPUNG
180311,Abung Tengah,1803,KABUPATEN LAMPUNG UTARA,18,LAMPUNG
180312,Abung Tinggi,1803,KABUPATEN LAMPUNG UTARA,18,LAMPUNG
180313,Abung Semuli,1803,KABUPATEN LAMPUNG UTARA,18,LAMPUNG
180314,Abung Surakarta,1803,KABUPATEN LAMPUNG UTARA,18,LAMPUNG
180315,Muara Sungkai,1803,KABUPATEN LAMPUNG UTARA,18,LAMPUNG
180316,Bunga Mayang,1803,KABUPATEN LAMPUNG UTARA,18,LAMPUNG
180317,Hulu Sungkai,1803,KABUPATEN LAMPUNG UTARA,18,LAMPUNG
180318,Sungkai Tengah,1803,KABUPATEN LAMPUNG UTARA,18,LAMPUNG
180319,Abung Pekurun,1803,KABUPATEN LAMPUNG UTARA,18,LAMPUNG
180320,Sungkai Jaya,1803,KABUPATEN LAMPUNG UTARA,18,LAMPUNG
180321,Sungkai Barat,1803,KABUPATEN LAMPUNG UTARA,18,LAMPUNG
180322,Abung Kunang,1803,KABUPATEN LAMPUNG UTARA,18,LAMPUNG
180323,Blambangan Pagar,1803,KABUPATEN LAMPUNG UTARA,18,LAMPUNG
180404,Balik Bukit,1804,KABUPATEN LAMPUNG BARAT,18,LAMPUNG
180405,Sumber Jaya,1804,KABUPATEN LAMPUNG BARAT,18,LAMPUNG
180406,Belalau,1804,KABUPATEN LAMPUNG BARAT,18,LAMPUNG
180407,Way Tenong,1804,KABUPATEN LAMPUNG BARAT,18,LAMPUNG
180408,Sekincau,1804,KABUPATEN LAMPUNG BARAT,18,LAMPUNG
180409,Suoh,1804,KABUPATEN LAMPUNG BARAT,18,LAMPUNG
180410,Batu Brak,1804,KABUPATEN LAMPUNG BARAT,18,LAMPUNG
180411,Sukau,1804,KABUPATEN LAMPUNG BARAT,18,LAMPUNG
180415,Gedung Surian,1804,KABUPATEN LAMPUNG BARAT,18,LAMPUNG
180418,Kebun Tebu,1804,KABUPATEN LAMPUNG BARAT,18,LAMPUNG
180419,Air Hitam,1804,KABUPATEN LAMPUNG BARAT,18,LAMPUNG
180420,Pagar Dewa,1804,KABUPATEN LAMPUNG BARAT,18,LAMPUNG
180421,Batu Ketulis,1804,KABUPATEN LAMPUNG BARAT,18,LAMPUNG
180422,Lumbok Seminung,1804,KABUPATEN LAMPUNG BARAT,18,LAMPUNG
180423,Bandar Negeri Suoh,1804,KABUPATEN LAMPUNG BARAT,18,LAMPUNG
180502,Menggala,1805,KABUPATEN TULANG BAWANG,18,LAMPUNG
180506,Gedung Aji,1805,KABUPATEN TULANG BAWANG,18,LAMPUNG
180508,Banjar Agung,1805,KABUPATEN TULANG BAWANG,18,LAMPUNG
180511,Gedung Meneng,1805,KABUPATEN TULANG BAWANG,18,LAMPUNG
180512,Rawa Jitu Selatan,1805,KABUPATEN TULANG BAWANG,18,LAMPUNG
180513,Penawar Tama,1805,KABUPATEN TULANG BAWANG,18,LAMPUNG
180518,Rawa Jitu Timur,1805,KABUPATEN TULANG BAWANG,18,LAMPUNG
180520,Banjar Margo,1805,KABUPATEN TULANG BAWANG,18,LAMPUNG
180522,Rawa Pitu,1805,KABUPATEN TULANG BAWANG,18,LAMPUNG
180523,Penawar Aji,1805,KABUPATEN TULANG BAWANG,18,LAMPUNG
180525,Dente Teladas,1805,KABUPATEN TULANG BAWANG,18,LAMPUNG
180526,Meraksa Aji,1805,KABUPATEN TULANG BAWANG,18,LAMPUNG
180527,Gedung Aji Baru,1805,KABUPATEN TULANG BAWANG,18,LAMPUNG
180529,Banjar Baru,1805,KABUPATEN TULANG BAWANG,18,LAMPUNG
180530,Menggala Timur,1805,KABUPATEN TULANG BAWANG,18,LAMPUNG
180601,Kota Agung,1806,KABUPATEN TANGGAMUS,18,LAMPUNG
180602,Talang Padang,1806,KABUPATEN TANGGAMUS,18,LAMPUNG
180603,Wonosobo,1806,KABUPATEN TANGGAMUS,18,LAMPUNG
180604,Pulau Panggung,1806,KABUPATEN TANGGAMUS,18,LAMPUNG
180609,Cukuh Balak,1806,KABUPATEN TANGGAMUS,18,LAMPUNG
180611,Pugung,1806,KABUPATEN TANGGAMUS,18,LAMPUNG
180612,Semaka,1806,KABUPATEN TANGGAMUS,18,LAMPUNG
180613,Sumber Rejo,1806,KABUPATEN TANGGAMUS,18,LAMPUNG
180615,Ulu Belu,1806,KABUPATEN TANGGAMUS,18,LAMPUNG
180616,Pematang Sawa,1806,KABUPATEN TANGGAMUS,18,LAMPUNG
180617,Klumbayan,1806,KABUPATEN TANGGAMUS,18,LAMPUNG
180618,Kota Agung Barat,1806,KABUPATEN TANGGAMUS,18,LAMPUNG
180619,Kota Agung Timur,1806,KABUPATEN TANGGAMUS,18,LAMPUNG
180620,Gisting,1806,KABUPATEN TANGGAMUS,18,LAMPUNG
180621,Gunung Alip,1806,KABUPATEN TANGGAMUS,18,LAMPUNG
180624,Limau,1806,KABUPATEN TANGGAMUS,18,LAMPUNG
180625,Bandar Negeri Semuong,1806,KABUPATEN TANGGAMUS,18,LAMPUNG
180626,Air Naningan,1806,KABUPATEN TANGGAMUS,18,LAMPUNG
180627,Bulok,1806,KABUPATEN TANGGAMUS,18,LAMPUNG
180628,Klumbayan Barat,1806,KABUPATEN TANGGAMUS,18,LAMPUNG
180701,Sukadana,1807,KABUPATEN LAMPUNG TIMUR,18,LAMPUNG
180702,Labuhan Maringgai,1807,KABUPATEN LAMPUNG TIMUR,18,LAMPUNG
180703,Jabung,1807,KABUPATEN LAMPUNG TIMUR,18,LAMPUNG
180704,Pekalongan,1807,KABUPATEN LAMPUNG TIMUR,18,LAMPUNG
180705,Sekampung,1807,KABUPATEN LAMPUNG TIMUR,18,LAMPUNG
180706,Batanghari,1807,KABUPATEN LAMPUNG TIMUR,18,LAMPUNG
180707,Way Jepara,1807,KABUPATEN LAMPUNG TIMUR,18,LAMPUNG
180708,Purbolinggo,1807,KABUPATEN LAMPUNG TIMUR,18,LAMPUNG
180709,Raman Utara,1807,KABUPATEN LAMPUNG TIMUR,18,LAMPUNG
180710,Metro Kibang,1807,KABUPATEN LAMPUNG TIMUR,18,LAMPUNG
180711,Marga Tiga,1807,KABUPATEN LAMPUNG TIMUR,18,LAMPUNG
180712,Sekampung Udik,1807,KABUPATEN LAMPUNG TIMUR,18,LAMPUNG
180713,Batanghari Nuban,1807,KABUPATEN LAMPUNG TIMUR,18,LAMPUNG
180714,Bumi Agung,1807,KABUPATEN LAMPUNG TIMUR,18,LAMPUNG
180715,Bandar Sribhawono,1807,KABUPATEN LAMPUNG TIMUR,18,LAMPUNG
180716,Mataram Baru,1807,KABUPATEN LAMPUNG TIMUR,18,LAMPUNG
180717,Melinting,1807,KABUPATEN LAMPUNG TIMUR,18,LAMPUNG
180718,Gunung Pelindung,1807,KABUPATEN LAMPUNG TIMUR,18,LAMPUNG
180719,Pasir Sakti,1807,KABUPATEN LAMPUNG TIMUR,18,LAMPUNG
180720,Waway Karya,1807,KABUPATEN LAMPUNG TIMUR,18,LAMPUNG
180721,Labuhan Ratu,1807,KABUPATEN LAMPUNG TIMUR,18,LAMPUNG
180722,Braja Selebah,1807,KABUPATEN LAMPUNG TIMUR,18,LAMPUNG
180723,Way Bungur,1807,KABUPATEN LAMPUNG TIMUR,18,LAMPUNG
180724,Marga Sekampung,1807,KABUPATEN LAMPUNG TIMUR,18,LAMPUNG
180801,Blambangan Umpu,1808,KABUPATEN WAY KANAN,18,LAMPUNG
180802,Kasui,1808,KABUPATEN WAY KANAN,18,LAMPUNG
180803,Banjit,1808,KABUPATEN WAY KANAN,18,LAMPUNG
180804,Baradatu,1808,KABUPATEN WAY KANAN,18,LAMPUNG
180805,Bahuga,1808,KABUPATEN WAY KANAN,18,LAMPUNG
180806,Pakuan Ratu,1808,KABUPATEN WAY KANAN,18,LAMPUNG
180807,Negeri Agung,1808,KABUPATEN WAY KANAN,18,LAMPUNG
180808,Way Tuba,1808,KABUPATEN WAY KANAN,18,LAMPUNG
180809,Rebang Tangkas,1808,KABUPATEN WAY KANAN,18,LAMPUNG
180810,Gunung Labuhan,1808,KABUPATEN WAY KANAN,18,LAMPUNG
180811,Negara Batin,1808,KABUPATEN WAY KANAN,18,LAMPUNG
180812,Negeri Besar,1808,KABUPATEN WAY KANAN,18,LAMPUNG
180813,Buay Bahuga,1808,KABUPATEN WAY KANAN,18,LAMPUNG
180814,Bumi Agung,1808,KABUPATEN WAY KANAN,18,LAMPUNG
180815,Umpu Semenguk,1808,KABUPATEN WAY KANAN,18,LAMPUNG
180901,Gedong Tataan,1809,KABUPATEN PESAWARAN,18,LAMPUNG
180902,Negeri Katon,1809,KABUPATEN PESAWARAN,18,LAMPUNG
180903,Tegineneng,1809,KABUPATEN PESAWARAN,18,LAMPUNG
180904,Way Lima,1809,KABUPATEN PESAWARAN,18,LAMPUNG
180905,Padang Cermin,1809,KABUPATEN PESAWARAN,18,LAMPUNG
180906,Punduh Pidada,1809,KABUPATEN PESAWARAN,18,LAMPUNG
180907,Kedondong,1809,KABUPATEN PESAWARAN,18,LAMPUNG
180908,Marga Punduh,1809,KABUPATEN PESAWARAN,18,LAMPUNG
180909,Way Khilau,1809,KABUPATEN PESAWARAN,18,LAMPUNG
180910,Teluk Pandan,1809,KABUPATEN PESAWARAN,18,LAMPUNG
180911,Way Ratai,1809,KABUPATEN PESAWARAN,18,LAMPUNG
181001,Pringsewu,1810,KABUPATEN PRINGSEWU,18,LAMPUNG
181002,Gading Rejo,1810,KABUPATEN PRINGSEWU,18,LAMPUNG
181003,Ambarawa,1810,KABUPATEN PRINGSEWU,18,LAMPUNG
181004,Pardasuka,1810,KABUPATEN PRINGSEWU,18,LAMPUNG
181005,Pagelaran,1810,KABUPATEN PRINGSEWU,18,LAMPUNG
181006,Banyumas,1810,KABUPATEN PRINGSEWU,18,LAMPUNG
181007,Adiluwih,1810,KABUPATEN PRINGSEWU,18,LAMPUNG
181008,Sukoharjo,1810,KABUPATEN PRINGSEWU,18,LAMPUNG
181009,Pagelaran Utara,1810,KABUPATEN PRINGSEWU,18,LAMPUNG
181101,Mesuji,1811,KABUPATEN MESUJI,18,LAMPUNG
181102,Mesuji Timur,1811,KABUPATEN MESUJI,18,LAMPUNG
181103,Rawa Jitu Utara,1811,KABUPATEN MESUJI,18,LAMPUNG
181104,Way Serdang,1811,KABUPATEN MESUJI,18,LAMPUNG
181105,Simpang Pematang,1811,KABUPATEN MESUJI,18,LAMPUNG
181106,Panca Jaya,1811,KABUPATEN MESUJI,18,LAMPUNG
181107,Tanjung Raya,1811,KABUPATEN MESUJI,18,LAMPUNG
181201,Tulang Bawang Tengah,1812,KABUPATEN TULANG BAWANG BARAT,18,LAMPUNG
181202,Tumijajar,1812,KABUPATEN TULANG BAWANG BARAT,18,LAMPUNG
181203,Tulang Bawang Udik,1812,KABUPATEN TULANG BAWANG BARAT,18,LAMPUNG
181204,Gunung Terang,1812,KABUPATEN TULANG BAWANG BARAT,18,LAMPUNG
181205,Gunung Agung,1812,KABUPATEN TULANG BAWANG BARAT,18,LAMPUNG
181206,Way Kenanga,1812,KABUPATEN TULANG BAWANG BARAT,18,LAMPUNG
181207,Lambu Kibang,1812,KABUPATEN TULANG BAWANG BARAT,18,LAMPUNG
181208,Pagar Dewa,1812,KABUPATEN TULANG BAWANG BARAT,18,LAMPUNG
181209,Batu Putih,1812,KABUPATEN TULANG BAWANG BARAT,18,LAMPUNG
181301,Pesisir Tengah,1813,KABUPATEN PESISIR BARAT,18,LAMPUNG
181302,Pesisir Selatan,1813,KABUPATEN PESISIR BARAT,18,LAMPUNG
181303,Lemong,1813,KABUPATEN PESISIR BARAT,18,LAMPUNG
181304,Pesisir Utara,1813,KABUPATEN PESISIR BARAT,18,LAMPUNG
181305,Karya Penggawa,1813,KABUPATEN PESISIR BARAT,18,LAMPUNG
181306,Pulaupisang,1813,KABUPATEN PESISIR BARAT,18,LAMPUNG
181307,Way Krui,1813,KABUPATEN PESISIR BARAT,18,LAMPUNG
181308,Krui Selatan,1813,KABUPATEN PESISIR BARAT,18,LAMPUNG
181309,Ngambur,1813,KABUPATEN PESISIR BARAT,18,LAMPUNG
181310,Ngaras,1813,KABUPATEN PESISIR BARAT,18,LAMPUNG
181311,Bangkunat,1813,KABUPATEN PESISIR BARAT,18,LAMPUNG
187101,Kedaton,1871,KOTA BANDAR LAMPUNG,18,LAMPUNG
187102,Sukarame,1871,KOTA BANDAR LAMPUNG,18,LAMPUNG
187103,Tanjungkarang Barat,1871,KOTA BANDAR LAMPUNG,18,LAMPUNG
187104,Panjang,1871,KOTA BANDAR LAMPUNG,18,LAMPUNG
187105,Tanjungkarang Timur,1871,KOTA BANDAR LAMPUNG,18,LAMPUNG
187106,Tanjungkarang Pusat,1871,KOTA BANDAR LAMPUNG,18,LAMPUNG
187107,Telukbetung Selatan,1871,KOTA BANDAR LAMPUNG,18,LAMPUNG
187108,Telukbetung Barat,1871,KOTA BANDAR LAMPUNG,18,LAMPUNG
187109,Telukbetung Utara,1871,KOTA BANDAR LAMPUNG,18,LAMPUNG
187110,Rajabasa,1871,KOTA BANDAR LAMPUNG,18,LAMPUNG
187111,Tanjung Senang,1871,KOTA BANDAR LAMPUNG,18,LAMPUNG
187112,Sukabumi,1871,KOTA BANDAR LAMPUNG,18,LAMPUNG
187113,Kemiling,1871,KOTA BANDAR LAMPUNG,18,LAMPUNG
187114,Labuhan Ratu,1871,KOTA BANDAR LAMPUNG,18,LAMPUNG
187115,Way Halim,1871,KOTA BANDAR LAMPUNG,18,LAMPUNG
187116,Langkapura,1871,KOTA BANDAR LAMPUNG,18,LAMPUNG
187117,Enggal,1871,KOTA BANDAR LAMPUNG,18,LAMPUNG
187118,Kedamaian,1871,KOTA BANDAR LAMPUNG,18,LAMPUNG
187119,Telukbetung Timur,1871,KOTA BANDAR LAMPUNG,18,LAMPUNG
187120,Bumi Waras,1871,KOTA BANDAR LAMPUNG,18,LAMPUNG
187201,Metro Pusat,1872,KOTA METRO,18,LAMPUNG
187202,Metro Utara,1872,KOTA METRO,18,LAMPUNG
187203,Metro Barat,1872,KOTA METRO,18,LAMPUNG
187204,Metro Timur,1872,KOTA METRO,18,LAMPUNG
187205,Metro Selatan,1872,KOTA METRO,18,LAMPUNG
190101,Sungailiat,1901,KABUPATEN BANGKA,19,KEPULAUAN BANGKA BELITUNG
190102,Belinyu,1901,KABUPATEN BANGKA,19,KEPULAUAN BANGKA BELITUNG
190103,Merawang,1901,KABUPATEN BANGKA,19,KEPULAUAN BANGKA BELITUNG
190104,Mendo Barat,1901,KABUPATEN BANGKA,19,KEPULAUAN BANGKA BELITUNG
190105,Pemali,1901,KABUPATEN BANGKA,19,KEPULAUAN BANGKA BELITUNG
190106,Bakam,1901,KABUPATEN BANGKA,19,KEPULAUAN BANGKA BELITUNG
190107,Riau Silip,1901,KABUPATEN BANGKA,19,KEPULAUAN BANGKA BELITUNG
190108,Puding Besar,1901,KABUPATEN BANGKA,19,KEPULAUAN BANGKA BELITUNG
190201,Tanjung Pandan,1902,KABUPATEN BELITUNG,19,KEPULAUAN BANGKA BELITUNG
190202,Membalong,1902,KABUPATEN BELITUNG,19,KEPULAUAN BANGKA BELITUNG
190203,Selat Nasik,1902,KABUPATEN BELITUNG,19,KEPULAUAN BANGKA BELITUNG
190204,Sijuk,1902,KABUPATEN BELITUNG,19,KEPULAUAN BANGKA BELITUNG
190205,Badau,1902,KABUPATEN BELITUNG,19,KEPULAUAN BANGKA BELITUNG
190301,Toboali,1903,KABUPATEN BANGKA SELATAN,19,KEPULAUAN BANGKA BELITUNG
190302,Lepar Pongok,1903,KABUPATEN BANGKA SELATAN,19,KEPULAUAN BANGKA BELITUNG
190303,Air Gegas,1903,KABUPATEN BANGKA SELATAN,19,KEPULAUAN BANGKA BELITUNG
190304,Simpang Rimba,1903,KABUPATEN BANGKA SELATAN,19,KEPULAUAN BANGKA BELITUNG
190305,Payung,1903,KABUPATEN BANGKA SELATAN,19,KEPULAUAN BANGKA BELITUNG
190306,Tukak Sadai,1903,KABUPATEN BANGKA SELATAN,19,KEPULAUAN BANGKA BELITUNG
190307,Pulaubesar,1903,KABUPATEN BANGKA SELATAN,19,KEPULAUAN BANGKA BELITUNG
190308,Kepulauan Pongok,1903,KABUPATEN BANGKA SELATAN,19,KEPULAUAN BANGKA BELITUNG
190401,Koba,1904,KABUPATEN BANGKA TENGAH,19,KEPULAUAN BANGKA BELITUNG
190402,Pangkalan Baru,1904,KABUPATEN BANGKA TENGAH,19,KEPULAUAN BANGKA BELITUNG
190403,Sungai Selan,1904,KABUPATEN BANGKA TENGAH,19,KEPULAUAN BANGKA BELITUNG
190404,Simpang Katis,1904,KABUPATEN BANGKA TENGAH,19,KEPULAUAN BANGKA BELITUNG
190405,Namang,1904,KABUPATEN BANGKA TENGAH,19,KEPULAUAN BANGKA BELITUNG
190406,Lubuk Besar,1904,KABUPATEN BANGKA TENGAH,19,KEPULAUAN BANGKA BELITUNG
190501,Mentok,1905,KABUPATEN BANGKA BARAT,19,KEPULAUAN BANGKA BELITUNG
190502,Simpang Teritip,1905,KABUPATEN BANGKA BARAT,19,KEPULAUAN BANGKA BELITUNG
190503,Jebus,1905,KABUPATEN BANGKA BARAT,19,KEPULAUAN BANGKA BELITUNG
190504,Kelapa,1905,KABUPATEN BANGKA BARAT,19,KEPULAUAN BANGKA BELITUNG
190505,Tempilang,1905,KABUPATEN BANGKA BARAT,19,KEPULAUAN BANGKA BELITUNG
190506,Parittiga,1905,KABUPATEN BANGKA BARAT,19,KEPULAUAN BANGKA BELITUNG
190601,Manggar,1906,KABUPATEN BELITUNG TIMUR,19,KEPULAUAN BANGKA BELITUNG
190602,Gantung,1906,KABUPATEN BELITUNG TIMUR,19,KEPULAUAN BANGKA BELITUNG
190603,Dendang,1906,KABUPATEN BELITUNG TIMUR,19,KEPULAUAN BANGKA BELITUNG
190604,Kelapa Kampit,1906,KABUPATEN BELITUNG TIMUR,19,KEPULAUAN BANGKA BELITUNG
190605,Damar,1906,KABUPATEN BELITUNG TIMUR,19,KEPULAUAN BANGKA BELITUNG
190606,Simpang Renggiang,1906,KABUPATEN BELITUNG TIMUR,19,KEPULAUAN BANGKA BELITUNG
190607,Simpang Pesak,1906,KABUPATEN BELITUNG TIMUR,19,KEPULAUAN BANGKA BELITUNG
197101,Bukitintan,1971,KOTA PANGKAL PINANG,19,KEPULAUAN BANGKA BELITUNG
197102,Taman Sari,1971,KOTA PANGKAL PINANG,19,KEPULAUAN BANGKA BELITUNG
197103,Pangkal Balam,1971,KOTA PANGKAL PINANG,19,KEPULAUAN BANGKA BELITUNG
197104,Rangkui,1971,KOTA PANGKAL PINANG,19,KEPULAUAN BANGKA BELITUNG
197105,Gerunggang,1971,KOTA PANGKAL PINANG,19,KEPULAUAN BANGKA BELITUNG
197106,Gabek,1971,KOTA PANGKAL PINANG,19,KEPULAUAN BANGKA BELITUNG
197107,Girimaya,1971,KOTA PANGKAL PINANG,19,KEPULAUAN BANGKA BELITUNG
210104,Gunung Kijang,2101,KABUPATEN BINTAN,21,KEPULAUAN RIAU
210106,Bintan Timur,2101,KABUPATEN BINTAN,21,KEPULAUAN RIAU
210107,Bintan Utara,2101,KABUPATEN BINTAN,21,KEPULAUAN RIAU
210108,Teluk Bintan,2101,KABUPATEN BINTAN,21,KEPULAUAN RIAU
210109,Tambelan,2101,KABUPATEN BINTAN,21,KEPULAUAN RIAU
210110,Telok Sebong,2101,KABUPATEN BINTAN,21,KEPULAUAN RIAU
210112,Toapaya,2101,KABUPATEN BINTAN,21,KEPULAUAN RIAU
210113,Mantang,2101,KABUPATEN BINTAN,21,KEPULAUAN RIAU
210114,Bintan Pesisir,2101,KABUPATEN BINTAN,21,KEPULAUAN RIAU
210115,Seri Kuala Lobam,2101,KABUPATEN BINTAN,21,KEPULAUAN RIAU
210201,Moro,2102,KABUPATEN KARIMUN,21,KEPULAUAN RIAU
210202,Kundur,2102,KABUPATEN KARIMUN,21,KEPULAUAN RIAU
210203,Karimun,2102,KABUPATEN KARIMUN,21,KEPULAUAN RIAU
210204,Meral,2102,KABUPATEN KARIMUN,21,KEPULAUAN RIAU
210205,Tebing,2102,KABUPATEN KARIMUN,21,KEPULAUAN RIAU
210206,Buru,2102,KABUPATEN KARIMUN,21,KEPULAUAN RIAU
210207,Kundur Utara,2102,KABUPATEN KARIMUN,21,KEPULAUAN RIAU
210208,Kundur Barat,2102,KABUPATEN KARIMUN,21,KEPULAUAN RIAU
210209,Durai,2102,KABUPATEN KARIMUN,21,KEPULAUAN RIAU
210210,Meral Barat,2102,KABUPATEN KARIMUN,21,KEPULAUAN RIAU
210211,Ungar,2102,KABUPATEN KARIMUN,21,KEPULAUAN RIAU
210212,Belat,2102,KABUPATEN KARIMUN,21,KEPULAUAN RIAU
210304,Midai,2103,KABUPATEN NATUNA,21,KEPULAUAN RIAU
210305,Bunguran Barat,2103,KABUPATEN NATUNA,21,KEPULAUAN RIAU
210306,Serasan,2103,KABUPATEN NATUNA,21,KEPULAUAN RIAU
210307,Bunguran Timur,2103,KABUPATEN NATUNA,21,KEPULAUAN RIAU
210308,Bunguran Utara,2103,KABUPATEN NATUNA,21,KEPULAUAN RIAU
210309,Subi,2103,KABUPATEN NATUNA,21,KEPULAUAN RIAU
210310,Pulau Laut,2103,KABUPATEN NATUNA,21,KEPULAUAN RIAU
210311,Pulau Tiga,2103,KABUPATEN NATUNA,21,KEPULAUAN RIAU
210315,Bunguran Timur Laut,2103,KABUPATEN NATUNA,21,KEPULAUAN RIAU
210316,Bunguran Tengah,2103,KABUPATEN NATUNA,21,KEPULAUAN RIAU
210318,Bunguran Selatan,2103,KABUPATEN NATUNA,21,KEPULAUAN RIAU
210319,Serasan Timur,2103,KABUPATEN NATUNA,21,KEPULAUAN RIAU
210320,Bunguran Batubi,2103,KABUPATEN NATUNA,21,KEPULAUAN RIAU
210321,Pulau Tiga Barat,2103,KABUPATEN NATUNA,21,KEPULAUAN RIAU
210322,Suak Midai,2103,KABUPATEN NATUNA,21,KEPULAUAN RIAU
210401,Singkep,2104,KABUPATEN LINGGA,21,KEPULAUAN RIAU
210402,Lingga,2104,KABUPATEN LINGGA,21,KEPULAUAN RIAU
210403,Senayang,2104,KABUPATEN LINGGA,21,KEPULAUAN RIAU
210404,Singkep Barat,2104,KABUPATEN LINGGA,21,KEPULAUAN RIAU
210405,Lingga Utara,2104,KABUPATEN LINGGA,21,KEPULAUAN RIAU
210406,Singkep Pesisir,2104,KABUPATEN LINGGA,21,KEPULAUAN RIAU
210407,Lingga Timur,2104,KABUPATEN LINGGA,21,KEPULAUAN RIAU
210408,Selayar,2104,KABUPATEN LINGGA,21,KEPULAUAN RIAU
210409,Singkep Selatan,2104,KABUPATEN LINGGA,21,KEPULAUAN RIAU
210410,Kepulauan Posek,2104,KABUPATEN LINGGA,21,KEPULAUAN RIAU
210411,Katang Bidare,2104,KABUPATEN LINGGA,21,KEPULAUAN RIAU
210412,Temiang Pesisir,2104,KABUPATEN LINGGA,21,KEPULAUAN RIAU
210413,Bakung Serumpun,2104,KABUPATEN LINGGA,21,KEPULAUAN RIAU
210501,Siantan,2105,KABUPATEN KEPULAUAN ANAMBAS,21,KEPULAUAN RIAU
210502,Palmatak,2105,KABUPATEN KEPULAUAN ANAMBAS,21,KEPULAUAN RIAU
210503,Siantan Timur,2105,KABUPATEN KEPULAUAN ANAMBAS,21,KEPULAUAN RIAU
210504,Siantan Selatan,2105,KABUPATEN KEPULAUAN ANAMBAS,21,KEPULAUAN RIAU
210505,Jemaja Timur,2105,KABUPATEN KEPULAUAN ANAMBAS,21,KEPULAUAN RIAU
210506,Jemaja,2105,KABUPATEN KEPULAUAN ANAMBAS,21,KEPULAUAN RIAU
210507,Siantan Tengah,2105,KABUPATEN KEPULAUAN ANAMBAS,21,KEPULAUAN RIAU
210508,Siantan Utara,2105,KABUPATEN KEPULAUAN ANAMBAS,21,KEPULAUAN RIAU
210509,Jemaja Barat,2105,KABUPATEN KEPULAUAN ANAMBAS,21,KEPULAUAN RIAU
210510,Kute Siantan,2105,KABUPATEN KEPULAUAN ANAMBAS,21,KEPULAUAN RIAU
217101,Belakang Padang,2171,KOTA BATAM,21,KEPULAUAN RIAU
217102,Batu Ampar,2171,KOTA BATAM,21,KEPULAUAN RIAU
217103,Sekupang,2171,KOTA BATAM,21,KEPULAUAN RIAU
217104,Nongsa,2171,KOTA BATAM,21,KEPULAUAN RIAU
217105,Bulang,2171,KOTA BATAM,21,KEPULAUAN RIAU
217106,Lubuk Baja,2171,KOTA BATAM,21,KEPULAUAN RIAU
217107,Sei Beduk,2171,KOTA BATAM,21,KEPULAUAN RIAU
217108,Galang,2171,KOTA BATAM,21,KEPULAUAN RIAU
217109,Bengkong,2171,KOTA BATAM,21,KEPULAUAN RIAU
217110,Batam Kota,2171,KOTA BATAM,21,KEPULAUAN RIAU
217111,Sagulung,2171,KOTA BATAM,21,KEPULAUAN RIAU
217112,Batu Aji,2171,KOTA BATAM,21,KEPULAUAN RIAU
217201,Tanjung Pinang Barat,2172,KOTA TANJUNG PINANG,21,KEPULAUAN RIAU
217202,Tanjung Pinang Timur,2172,KOTA TANJUNG PINANG,21,KEPULAUAN RIAU
217203,Tanjung Pinang Kota,2172,KOTA TANJUNG PINANG,21,KEPULAUAN RIAU
217204,Bukit Bestari,2172,KOTA TANJUNG PINANG,21,KEPULAUAN RIAU
310101,Kepulauan Seribu Utara,3101,KABUPATEN ADM. KEP. SERIBU,31,DKI JAKARTA
310102,Kepulauan Seribu Selatan.,3101,KABUPATEN ADM. KEP. SERIBU,31,DKI JAKARTA
317101,Gambir,3171,KOTA ADM. JAKARTA PUSAT,31,DKI JAKARTA
317102,Sawah Besar,3171,KOTA ADM. JAKARTA PUSAT,31,DKI JAKARTA
317103,Kemayoran,3171,KOTA ADM. JAKARTA PUSAT,31,DKI JAKARTA
317104,Senen,3171,KOTA ADM. JAKARTA PUSAT,31,DKI JAKARTA
317105,Cempaka Putih,3171,KOTA ADM. JAKARTA PUSAT,31,DKI JAKARTA
317106,Menteng,3171,KOTA ADM. JAKARTA PUSAT,31,DKI JAKARTA
317107,Tanah Abang,3171,KOTA ADM. JAKARTA PUSAT,31,DKI JAKARTA
317108,Johar Baru,3171,KOTA ADM. JAKARTA PUSAT,31,DKI JAKARTA
317201,Penjaringan,3172,KOTA ADM. JAKARTA UTARA,31,DKI JAKARTA
317202,Tanjung Priok,3172,KOTA ADM. JAKARTA UTARA,31,DKI JAKARTA
317203,Koja,3172,KOTA ADM. JAKARTA UTARA,31,DKI JAKARTA
317204,Cilincing,3172,KOTA ADM. JAKARTA UTARA,31,DKI JAKARTA
317205,Pademangan,3172,KOTA ADM. JAKARTA UTARA,31,DKI JAKARTA
317206,Kelapa Gading,3172,KOTA ADM. JAKARTA UTARA,31,DKI JAKARTA
317301,Cengkareng,3173,KOTA ADM. JAKARTA BARAT,31,DKI JAKARTA
317302,Grogol Petamburan,3173,KOTA ADM. JAKARTA BARAT,31,DKI JAKARTA
317303,Taman Sari,3173,KOTA ADM. JAKARTA BARAT,31,DKI JAKARTA
317304,Tambora,3173,KOTA ADM. JAKARTA BARAT,31,DKI JAKARTA
317305,Kebon Jeruk,3173,KOTA ADM. JAKARTA BARAT,31,DKI JAKARTA
317306,Kalideres,3173,KOTA ADM. JAKARTA BARAT,31,DKI JAKARTA
317307,Pal Merah,3173,KOTA ADM. JAKARTA BARAT,31,DKI JAKARTA
317308,Kembangan,3173,KOTA ADM. JAKARTA BARAT,31,DKI JAKARTA
317401,Tebet,3174,KOTA ADM. JAKARTA SELATAN,31,DKI JAKARTA
317402,Setiabudi,3174,KOTA ADM. JAKARTA SELATAN,31,DKI JAKARTA
317403,Mampang Prapatan,3174,KOTA ADM. JAKARTA SELATAN,31,DKI JAKARTA
317404,Pasar Minggu,3174,KOTA ADM. JAKARTA SELATAN,31,DKI JAKARTA
317405,Kebayoran Lama,3174,KOTA ADM. JAKARTA SELATAN,31,DKI JAKARTA
317406,Cilandak,3174,KOTA ADM. JAKARTA SELATAN,31,DKI JAKARTA
317407,Kebayoran Baru,3174,KOTA ADM. JAKARTA SELATAN,31,DKI JAKARTA
317408,Pancoran,3174,KOTA ADM. JAKARTA SELATAN,31,DKI JAKARTA
317409,Jagakarsa,3174,KOTA ADM. JAKARTA SELATAN,31,DKI JAKARTA
317410,Pesanggrahan,3174,KOTA ADM. JAKARTA SELATAN,31,DKI JAKARTA
317501,Matraman,3175,KOTA ADM. JAKARTA TIMUR,31,DKI JAKARTA
317502,Pulogadung,3175,KOTA ADM. JAKARTA TIMUR,31,DKI JAKARTA
317503,Jatinegara,3175,KOTA ADM. JAKARTA TIMUR,31,DKI JAKARTA
317504,Kramatjati,3175,KOTA ADM. JAKARTA TIMUR,31,DKI JAKARTA
317505,Pasar Rebo,3175,KOTA ADM. JAKARTA TIMUR,31,DKI JAKARTA
317506,Cakung,3175,KOTA ADM. JAKARTA TIMUR,31,DKI JAKARTA
317507,Duren Sawit,3175,KOTA ADM. JAKARTA TIMUR,31,DKI JAKARTA
317508,Makasar,3175,KOTA ADM. JAKARTA TIMUR,31,DKI JAKARTA
317509,Ciracas,3175,KOTA ADM. JAKARTA TIMUR,31,DKI JAKARTA
317510,Cipayung,3175,KOTA ADM. JAKARTA TIMUR,31,DKI JAKARTA
320101,Cibinong,3201,KABUPATEN BOGOR,32,JAWA BARAT
320102,Gunung Putri,3201,KABUPATEN BOGOR,32,JAWA BARAT
320103,Citeureup,3201,KABUPATEN BOGOR,32,JAWA BARAT
320104,Sukaraja,3201,KABUPATEN BOGOR,32,JAWA BARAT
320105,Babakan Madang,3201,KABUPATEN BOGOR,32,JAWA BARAT
320106,Jonggol,3201,KABUPATEN BOGOR,32,JAWA BARAT
320107,Cileungsi,3201,KABUPATEN BOGOR,32,JAWA BARAT
320108,Cariu,3201,KABUPATEN BOGOR,32,JAWA BARAT
320109,Sukamakmur,3201,KABUPATEN BOGOR,32,JAWA BARAT
320110,Parung,3201,KABUPATEN BOGOR,32,JAWA BARAT
320111,Gunung Sindur,3201,KABUPATEN BOGOR,32,JAWA BARAT
320112,Kemang,3201,KABUPATEN BOGOR,32,JAWA BARAT
320113,Bojong Gede,3201,KABUPATEN BOGOR,32,JAWA BARAT
320114,Leuwiliang,3201,KABUPATEN BOGOR,32,JAWA BARAT
320115,Ciampea,3201,KABUPATEN BOGOR,32,JAWA BARAT
320116,Cibungbulang,3201,KABUPATEN BOGOR,32,JAWA BARAT
320117,Pamijahan,3201,KABUPATEN BOGOR,32,JAWA BARAT
320118,Rumpin,3201,KABUPATEN BOGOR,32,JAWA BARAT
320119,Jasinga,3201,KABUPATEN BOGOR,32,JAWA BARAT
320120,Parung Panjang,3201,KABUPATEN BOGOR,32,JAWA BARAT
320121,Nanggung,3201,KABUPATEN BOGOR,32,JAWA BARAT
320122,Cigudeg,3201,KABUPATEN BOGOR,32,JAWA BARAT
320123,Tenjo,3201,KABUPATEN BOGOR,32,JAWA BARAT
320124,Ciawi,3201,KABUPATEN BOGOR,32,JAWA BARAT
320125,Cisarua,3201,KABUPATEN BOGOR,32,JAWA BARAT
320126,Megamendung,3201,KABUPATEN BOGOR,32,JAWA BARAT
320127,Caringin,3201,KABUPATEN BOGOR,32,JAWA BARAT
320128,Cijeruk,3201,KABUPATEN BOGOR,32,JAWA BARAT
320129,Ciomas,3201,KABUPATEN BOGOR,32,JAWA BARAT
320130,Dramaga,3201,KABUPATEN BOGOR,32,JAWA BARAT
320131,Tamansari,3201,KABUPATEN BOGOR,32,JAWA BARAT
320132,Klapanunggal,3201,KABUPATEN BOGOR,32,JAWA BARAT
320133,Ciseeng,3201,KABUPATEN BOGOR,32,JAWA BARAT
320134,Ranca Bungur,3201,KABUPATEN BOGOR,32,JAWA BARAT
320135,Sukajaya,3201,KABUPATEN BOGOR,32,JAWA BARAT
320136,Tanjungsari,3201,KABUPATEN BOGOR,32,JAWA BARAT
320137,Tajurhalang,3201,KABUPATEN BOGOR,32,JAWA BARAT
320138,Cigombong,3201,KABUPATEN BOGOR,32,JAWA BARAT
320139,Leuwisadeng,3201,KABUPATEN BOGOR,32,JAWA BARAT
320140,Tenjolaya,3201,KABUPATEN BOGOR,32,JAWA BARAT
320201,Palabuhanratu,3202,KABUPATEN SUKABUPATENUMI,32,JAWA BARAT
320202,Simpenan,3202,KABUPATEN SUKABUPATENUMI,32,JAWA BARAT
320203,Cikakak,3202,KABUPATEN SUKABUPATENUMI,32,JAWA BARAT
320204,Bantargadung,3202,KABUPATEN SUKABUPATENUMI,32,JAWA BARAT
320205,Cisolok,3202,KABUPATEN SUKABUPATENUMI,32,JAWA BARAT
320206,Cikidang,3202,KABUPATEN SUKABUPATENUMI,32,JAWA BARAT
320207,Lengkong,3202,KABUPATEN SUKABUPATENUMI,32,JAWA BARAT
320208,Jampangtengah,3202,KABUPATEN SUKABUPATENUMI,32,JAWA BARAT
320209,Warungkiara,3202,KABUPATEN SUKABUPATENUMI,32,JAWA BARAT
320210,Cikembar,3202,KABUPATEN SUKABUPATENUMI,32,JAWA BARAT
320211,Cibadak,3202,KABUPATEN SUKABUPATENUMI,32,JAWA BARAT
320212,Nagrak,3202,KABUPATEN SUKABUPATENUMI,32,JAWA BARAT
320213,Parungkuda,3202,KABUPATEN SUKABUPATENUMI,32,JAWA BARAT
320214,Bojonggenteng,3202,KABUPATEN SUKABUPATENUMI,32,JAWA BARAT
320215,Parakansalak,3202,KABUPATEN SUKABUPATENUMI,32,JAWA BARAT
320216,Cicurug,3202,KABUPATEN SUKABUPATENUMI,32,JAWA BARAT
320217,Cidahu,3202,KABUPATEN SUKABUPATENUMI,32,JAWA BARAT
320218,Kalapanunggal,3202,KABUPATEN SUKABUPATENUMI,32,JAWA BARAT
320219,Kabandungan,3202,KABUPATEN SUKABUPATENUMI,32,JAWA BARAT
320220,Waluran,3202,KABUPATEN SUKABUPATENUMI,32,JAWA BARAT
320221,Jampangkulon,3202,KABUPATEN SUKABUPATENUMI,32,JAWA BARAT
320222,Ciemas,3202,KABUPATEN SUKABUPATENUMI,32,JAWA BARAT
320223,Kalibunder,3202,KABUPATEN SUKABUPATENUMI,32,JAWA BARAT
320224,Surade,3202,KABUPATEN SUKABUPATENUMI,32,JAWA BARAT
320225,Cibitung,3202,KABUPATEN SUKABUPATENUMI,32,JAWA BARAT
320226,Ciracap,3202,KABUPATEN SUKABUPATENUMI,32,JAWA BARAT
320227,Gunungguruh,3202,KABUPATEN SUKABUPATENUMI,32,JAWA BARAT
320228,Cicantayan,3202,KABUPATEN SUKABUPATENUMI,32,JAWA BARAT
320229,Cisaat,3202,KABUPATEN SUKABUPATENUMI,32,JAWA BARAT
320230,Kadudampit,3202,KABUPATEN SUKABUPATENUMI,32,JAWA BARAT
320231,Caringin,3202,KABUPATEN SUKABUPATENUMI,32,JAWA BARAT
320232,Sukabumi,3202,KABUPATEN SUKABUPATENUMI,32,JAWA BARAT
320233,Sukaraja,3202,KABUPATEN SUKABUPATENUMI,32,JAWA BARAT
320234,Kebonpedes,3202,KABUPATEN SUKABUPATENUMI,32,JAWA BARAT
320235,Cireunghas,3202,KABUPATEN SUKABUPATENUMI,32,JAWA BARAT
320236,Sukalarang,3202,KABUPATEN SUKABUPATENUMI,32,JAWA BARAT
320237,Pabuaran,3202,KABUPATEN SUKABUPATENUMI,32,JAWA BARAT
320238,Purabaya,3202,KABUPATEN SUKABUPATENUMI,32,JAWA BARAT
320239,Nyalindung,3202,KABUPATEN SUKABUPATENUMI,32,JAWA BARAT
320240,Gegerbitung,3202,KABUPATEN SUKABUPATENUMI,32,JAWA BARAT
320241,Sagaranten,3202,KABUPATEN SUKABUPATENUMI,32,JAWA BARAT
320242,Curugkembar,3202,KABUPATEN SUKABUPATENUMI,32,JAWA BARAT
320243,Cidolog,3202,KABUPATEN SUKABUPATENUMI,32,JAWA BARAT
320244,Cidadap,3202,KABUPATEN SUKABUPATENUMI,32,JAWA BARAT
320245,Tegalbuleud,3202,KABUPATEN SUKABUPATENUMI,32,JAWA BARAT
320246,Cimanggu,3202,KABUPATEN SUKABUPATENUMI,32,JAWA BARAT
320247,Ciambar,3202,KABUPATEN SUKABUPATENUMI,32,JAWA BARAT
320301,Cianjur,3203,KABUPATEN CIANJUR,32,JAWA BARAT
320302,Warungkondang,3203,KABUPATEN CIANJUR,32,JAWA BARAT
320303,Cibeber,3203,KABUPATEN CIANJUR,32,JAWA BARAT
320304,Cilaku,3203,KABUPATEN CIANJUR,32,JAWA BARAT
320305,Ciranjang,3203,KABUPATEN CIANJUR,32,JAWA BARAT
320306,Bojongpicung,3203,KABUPATEN CIANJUR,32,JAWA BARAT
320307,Karangtengah,3203,KABUPATEN CIANJUR,32,JAWA BARAT
320308,Mande,3203,KABUPATEN CIANJUR,32,JAWA BARAT
320309,Sukaluyu,3203,KABUPATEN CIANJUR,32,JAWA BARAT
320310,Pacet,3203,KABUPATEN CIANJUR,32,JAWA BARAT
320311,Cugenang,3203,KABUPATEN CIANJUR,32,JAWA BARAT
320312,Cikalongkulon,3203,KABUPATEN CIANJUR,32,JAWA BARAT
320313,Sukaresmi,3203,KABUPATEN CIANJUR,32,JAWA BARAT
320314,Sukanagara,3203,KABUPATEN CIANJUR,32,JAWA BARAT
320315,Campaka,3203,KABUPATEN CIANJUR,32,JAWA BARAT
320316,Takokak,3203,KABUPATEN CIANJUR,32,JAWA BARAT
320317,Kadupandak,3203,KABUPATEN CIANJUR,32,JAWA BARAT
320318,Pagelaran,3203,KABUPATEN CIANJUR,32,JAWA BARAT
320319,Tanggeung,3203,KABUPATEN CIANJUR,32,JAWA BARAT
320320,Cibinong,3203,KABUPATEN CIANJUR,32,JAWA BARAT
320321,Sindangbarang,3203,KABUPATEN CIANJUR,32,JAWA BARAT
320322,Agrabinta,3203,KABUPATEN CIANJUR,32,JAWA BARAT
320323,Cidaun,3203,KABUPATEN CIANJUR,32,JAWA BARAT
320324,Naringgul,3203,KABUPATEN CIANJUR,32,JAWA BARAT
320325,Campakamulya,3203,KABUPATEN CIANJUR,32,JAWA BARAT
320326,Cikadu,3203,KABUPATEN CIANJUR,32,JAWA BARAT
320327,Gekbrong,3203,KABUPATEN CIANJUR,32,JAWA BARAT
320328,Cipanas,3203,KABUPATEN CIANJUR,32,JAWA BARAT
320329,Cijati,3203,KABUPATEN CIANJUR,32,JAWA BARAT
320330,Leles,3203,KABUPATEN CIANJUR,32,JAWA BARAT
320331,Haurwangi,3203,KABUPATEN CIANJUR,32,JAWA BARAT
320332,Pasirkuda,3203,KABUPATEN CIANJUR,32,JAWA BARAT
320405,Cileunyi,3204,KABUPATEN BANDUNG,32,JAWA BARAT
320406,Cimenyan,3204,KABUPATEN BANDUNG,32,JAWA BARAT
320407,Cilengkrang,3204,KABUPATEN BANDUNG,32,JAWA BARAT
320408,Bojongsoang,3204,KABUPATEN BANDUNG,32,JAWA BARAT
320409,Margahayu,3204,KABUPATEN BANDUNG,32,JAWA BARAT
320410,Margaasih,3204,KABUPATEN BANDUNG,32,JAWA BARAT
320411,Katapang,3204,KABUPATEN BANDUNG,32,JAWA BARAT
320412,Dayeuhkolot,3204,KABUPATEN BANDUNG,32,JAWA BARAT
320413,Banjaran,3204,KABUPATEN BANDUNG,32,JAWA BARAT
320414,Pameungpeuk,3204,KABUPATEN BANDUNG,32,JAWA BARAT
320415,Pangalengan,3204,KABUPATEN BANDUNG,32,JAWA BARAT
320416,Arjasari,3204,KABUPATEN BANDUNG,32,JAWA BARAT
320417,Cimaung,3204,KABUPATEN BANDUNG,32,JAWA BARAT
320425,Cicalengka,3204,KABUPATEN BANDUNG,32,JAWA BARAT
320426,Nagreg,3204,KABUPATEN BANDUNG,32,JAWA BARAT
320427,Cikancung,3204,KABUPATEN BANDUNG,32,JAWA BARAT
320428,Rancaekek,3204,KABUPATEN BANDUNG,32,JAWA BARAT
320429,Ciparay,3204,KABUPATEN BANDUNG,32,JAWA BARAT
320430,Pacet,3204,KABUPATEN BANDUNG,32,JAWA BARAT
320431,Kertasari,3204,KABUPATEN BANDUNG,32,JAWA BARAT
320432,Baleendah,3204,KABUPATEN BANDUNG,32,JAWA BARAT
320433,Majalaya,3204,KABUPATEN BANDUNG,32,JAWA BARAT
320434,Solokanjeruk,3204,KABUPATEN BANDUNG,32,JAWA BARAT
320435,Paseh,3204,KABUPATEN BANDUNG,32,JAWA BARAT
320436,Ibun,3204,KABUPATEN BANDUNG,32,JAWA BARAT
320437,Soreang,3204,KABUPATEN BANDUNG,32,JAWA BARAT
320438,Pasirjambu,3204,KABUPATEN BANDUNG,32,JAWA BARAT
320439,Ciwidey,3204,KABUPATEN BANDUNG,32,JAWA BARAT
320440,Rancabali,3204,KABUPATEN BANDUNG,32,JAWA BARAT
320444,Cangkuang,3204,KABUPATEN BANDUNG,32,JAWA BARAT
320446,Kutawaringin,3204,KABUPATEN BANDUNG,32,JAWA BARAT
320501,Garut Kota,3205,KABUPATEN GARUT,32,JAWA BARAT
320502,Karangpawitan,3205,KABUPATEN GARUT,32,JAWA BARAT
320503,Wanaraja,3205,KABUPATEN GARUT,32,JAWA BARAT
320504,Tarogong Kaler,3205,KABUPATEN GARUT,32,JAWA BARAT
320505,Tarogong Kidul,3205,KABUPATEN GARUT,32,JAWA BARAT
320506,Banyuresmi,3205,KABUPATEN GARUT,32,JAWA BARAT
320507,Samarang,3205,KABUPATEN GARUT,32,JAWA BARAT
320508,Pasirwangi,3205,KABUPATEN GARUT,32,JAWA BARAT
320509,Leles,3205,KABUPATEN GARUT,32,JAWA BARAT
320510,Kadungora,3205,KABUPATEN GARUT,32,JAWA BARAT
320511,Leuwigoong,3205,KABUPATEN GARUT,32,JAWA BARAT
320512,Cibatu,3205,KABUPATEN GARUT,32,JAWA BARAT
320513,Kersamanah,3205,KABUPATEN GARUT,32,JAWA BARAT
320514,Malangbong,3205,KABUPATEN GARUT,32,JAWA BARAT
320515,Sukawening,3205,KABUPATEN GARUT,32,JAWA BARAT
320516,Karangtengah,3205,KABUPATEN GARUT,32,JAWA BARAT
320517,Bayongbong,3205,KABUPATEN GARUT,32,JAWA BARAT
320518,Cigedug,3205,KABUPATEN GARUT,32,JAWA BARAT
320519,Cilawu,3205,KABUPATEN GARUT,32,JAWA BARAT
320520,Cisurupan,3205,KABUPATEN GARUT,32,JAWA BARAT
320521,Sukaresmi,3205,KABUPATEN GARUT,32,JAWA BARAT
320522,Cikajang,3205,KABUPATEN GARUT,32,JAWA BARAT
320523,Banjarwangi,3205,KABUPATEN GARUT,32,JAWA BARAT
320524,Singajaya,3205,KABUPATEN GARUT,32,JAWA BARAT
320525,Cihurip,3205,KABUPATEN GARUT,32,JAWA BARAT
320526,Peundeuy,3205,KABUPATEN GARUT,32,JAWA BARAT
320527,Pameungpeuk,3205,KABUPATEN GARUT,32,JAWA BARAT
320528,Cisompet,3205,KABUPATEN GARUT,32,JAWA BARAT
320529,Cibalong,3205,KABUPATEN GARUT,32,JAWA BARAT
320530,Cikelet,3205,KABUPATEN GARUT,32,JAWA BARAT
320531,Bungbulang,3205,KABUPATEN GARUT,32,JAWA BARAT
320532,Mekarmukti,3205,KABUPATEN GARUT,32,JAWA BARAT
320533,Pakenjeng,3205,KABUPATEN GARUT,32,JAWA BARAT
320534,Pamulihan,3205,KABUPATEN GARUT,32,JAWA BARAT
320535,Cisewu,3205,KABUPATEN GARUT,32,JAWA BARAT
320536,Caringin,3205,KABUPATEN GARUT,32,JAWA BARAT
320537,Talegong,3205,KABUPATEN GARUT,32,JAWA BARAT
320538,Limbangan,3205,KABUPATEN GARUT,32,JAWA BARAT
320539,Selaawi,3205,KABUPATEN GARUT,32,JAWA BARAT
320540,Cibiuk,3205,KABUPATEN GARUT,32,JAWA BARAT
320541,Pangatikan,3205,KABUPATEN GARUT,32,JAWA BARAT
320542,Sucinaraja,3205,KABUPATEN GARUT,32,JAWA BARAT
320601,Cipatujah,3206,KABUPATEN TASIKMALAYA,32,JAWA BARAT
320602,Karangnunggal,3206,KABUPATEN TASIKMALAYA,32,JAWA BARAT
320603,Cikalong,3206,KABUPATEN TASIKMALAYA,32,JAWA BARAT
320604,Pancatengah,3206,KABUPATEN TASIKMALAYA,32,JAWA BARAT
320605,Cikatomas,3206,KABUPATEN TASIKMALAYA,32,JAWA BARAT
320606,Cibalong,3206,KABUPATEN TASIKMALAYA,32,JAWA BARAT
320607,Parungponteng,3206,KABUPATEN TASIKMALAYA,32,JAWA BARAT
320608,Bantarkalong,3206,KABUPATEN TASIKMALAYA,32,JAWA BARAT
320609,Bojongasih,3206,KABUPATEN TASIKMALAYA,32,JAWA BARAT
320610,Culamega,3206,KABUPATEN TASIKMALAYA,32,JAWA BARAT
320611,Bojonggambir,3206,KABUPATEN TASIKMALAYA,32,JAWA BARAT
320612,Sodonghilir,3206,KABUPATEN TASIKMALAYA,32,JAWA BARAT
320613,Taraju,3206,KABUPATEN TASIKMALAYA,32,JAWA BARAT
320614,Salawu,3206,KABUPATEN TASIKMALAYA,32,JAWA BARAT
320615,Puspahiang,3206,KABUPATEN TASIKMALAYA,32,JAWA BARAT
320616,Tanjungjaya,3206,KABUPATEN TASIKMALAYA,32,JAWA BARAT
320617,Sukaraja,3206,KABUPATEN TASIKMALAYA,32,JAWA BARAT
320618,Salopa,3206,KABUPATEN TASIKMALAYA,32,JAWA BARAT
320619,Jatiwaras,3206,KABUPATEN TASIKMALAYA,32,JAWA BARAT
320620,Cineam,3206,KABUPATEN TASIKMALAYA,32,JAWA BARAT
320621,Karang Jaya,3206,KABUPATEN TASIKMALAYA,32,JAWA BARAT
320622,Manonjaya,3206,KABUPATEN TASIKMALAYA,32,JAWA BARAT
320623,Gunung Tanjung,3206,KABUPATEN TASIKMALAYA,32,JAWA BARAT
320624,Singaparna,3206,KABUPATEN TASIKMALAYA,32,JAWA BARAT
320625,Mangunreja,3206,KABUPATEN TASIKMALAYA,32,JAWA BARAT
320626,Sukarame,3206,KABUPATEN TASIKMALAYA,32,JAWA BARAT
320627,Cigalontang,3206,KABUPATEN TASIKMALAYA,32,JAWA BARAT
320628,Leuwisari,3206,KABUPATEN TASIKMALAYA,32,JAWA BARAT
320629,Padakembang,3206,KABUPATEN TASIKMALAYA,32,JAWA BARAT
320630,Sariwangi,3206,KABUPATEN TASIKMALAYA,32,JAWA BARAT
320631,Sukaratu,3206,KABUPATEN TASIKMALAYA,32,JAWA BARAT
320632,Cisayong,3206,KABUPATEN TASIKMALAYA,32,JAWA BARAT
320633,Sukahening,3206,KABUPATEN TASIKMALAYA,32,JAWA BARAT
320634,Rajapolah,3206,KABUPATEN TASIKMALAYA,32,JAWA BARAT
320635,Jamanis,3206,KABUPATEN TASIKMALAYA,32,JAWA BARAT
320636,Ciawi,3206,KABUPATEN TASIKMALAYA,32,JAWA BARAT
320637,Kadipaten,3206,KABUPATEN TASIKMALAYA,32,JAWA BARAT
320638,Pagerageung,3206,KABUPATEN TASIKMALAYA,32,JAWA BARAT
320639,Sukaresik,3206,KABUPATEN TASIKMALAYA,32,JAWA BARAT
320701,Ciamis,3207,KABUPATEN CIAMIS,32,JAWA BARAT
320702,Cikoneng,3207,KABUPATEN CIAMIS,32,JAWA BARAT
320703,Cijeungjing,3207,KABUPATEN CIAMIS,32,JAWA BARAT
320704,Sadananya,3207,KABUPATEN CIAMIS,32,JAWA BARAT
320705,Cidolog,3207,KABUPATEN CIAMIS,32,JAWA BARAT
320706,Cihaurbeuti,3207,KABUPATEN CIAMIS,32,JAWA BARAT
320707,Panumbangan,3207,KABUPATEN CIAMIS,32,JAWA BARAT
320708,Panjalu,3207,KABUPATEN CIAMIS,32,JAWA BARAT
320709,Kawali,3207,KABUPATEN CIAMIS,32,JAWA BARAT
320710,Panawangan,3207,KABUPATEN CIAMIS,32,JAWA BARAT
320711,Cipaku,3207,KABUPATEN CIAMIS,32,JAWA BARAT
320712,Jatinagara,3207,KABUPATEN CIAMIS,32,JAWA BARAT
320713,Rajadesa,3207,KABUPATEN CIAMIS,32,JAWA BARAT
320714,Sukadana,3207,KABUPATEN CIAMIS,32,JAWA BARAT
320715,Rancah,3207,KABUPATEN CIAMIS,32,JAWA BARAT
320716,Tambaksari,3207,KABUPATEN CIAMIS,32,JAWA BARAT
320717,Lakbok,3207,KABUPATEN CIAMIS,32,JAWA BARAT
320718,Banjarsari,3207,KABUPATEN CIAMIS,32,JAWA BARAT
320719,Pamarican,3207,KABUPATEN CIAMIS,32,JAWA BARAT
320729,Cimaragas,3207,KABUPATEN CIAMIS,32,JAWA BARAT
320730,Cisaga,3207,KABUPATEN CIAMIS,32,JAWA BARAT
320731,Sindangkasih,3207,KABUPATEN CIAMIS,32,JAWA BARAT
320732,Baregbeg,3207,KABUPATEN CIAMIS,32,JAWA BARAT
320733,Sukamantri,3207,KABUPATEN CIAMIS,32,JAWA BARAT
320734,Lumbung,3207,KABUPATEN CIAMIS,32,JAWA BARAT
320735,Purwadadi,3207,KABUPATEN CIAMIS,32,JAWA BARAT
320737,Banjaranyar,3207,KABUPATEN CIAMIS,32,JAWA BARAT
320801,Kadugede,3208,KABUPATEN KUNINGAN,32,JAWA BARAT
320802,Ciniru,3208,KABUPATEN KUNINGAN,32,JAWA BARAT
320803,Subang,3208,KABUPATEN KUNINGAN,32,JAWA BARAT
320804,Ciwaru,3208,KABUPATEN KUNINGAN,32,JAWA BARAT
320805,Cibingbin,3208,KABUPATEN KUNINGAN,32,JAWA BARAT
320806,Luragung,3208,KABUPATEN KUNINGAN,32,JAWA BARAT
320807,Lebakwangi,3208,KABUPATEN KUNINGAN,32,JAWA BARAT
320808,Garawangi,3208,KABUPATEN KUNINGAN,32,JAWA BARAT
320809,Kuningan,3208,KABUPATEN KUNINGAN,32,JAWA BARAT
320810,Ciawigebang,3208,KABUPATEN KUNINGAN,32,JAWA BARAT
320811,Cidahu,3208,KABUPATEN KUNINGAN,32,JAWA BARAT
320812,Jalaksana,3208,KABUPATEN KUNINGAN,32,JAWA BARAT
320813,Cilimus,3208,KABUPATEN KUNINGAN,32,JAWA BARAT
320814,Mandirancan,3208,KABUPATEN KUNINGAN,32,JAWA BARAT
320815,Selajambe,3208,KABUPATEN KUNINGAN,32,JAWA BARAT
320816,Kramatmulya,3208,KABUPATEN KUNINGAN,32,JAWA BARAT
320817,Darma,3208,KABUPATEN KUNINGAN,32,JAWA BARAT
320818,Cigugur,3208,KABUPATEN KUNINGAN,32,JAWA BARAT
320819,Pasawahan,3208,KABUPATEN KUNINGAN,32,JAWA BARAT
320820,Nusaherang,3208,KABUPATEN KUNINGAN,32,JAWA BARAT
320821,Cipicung,3208,KABUPATEN KUNINGAN,32,JAWA BARAT
320822,Pancalang,3208,KABUPATEN KUNINGAN,32,JAWA BARAT
320823,Japara,3208,KABUPATEN KUNINGAN,32,JAWA BARAT
320824,Cimahi,3208,KABUPATEN KUNINGAN,32,JAWA BARAT
320825,Cilebak,3208,KABUPATEN KUNINGAN,32,JAWA BARAT
320826,Hantara,3208,KABUPATEN KUNINGAN,32,JAWA BARAT
320827,Kalimanggis,3208,KABUPATEN KUNINGAN,32,JAWA BARAT
320828,Cibeureum,3208,KABUPATEN KUNINGAN,32,JAWA BARAT
320829,Karang Kancana,3208,KABUPATEN KUNINGAN,32,JAWA BARAT
320830,Maleber,3208,KABUPATEN KUNINGAN,32,JAWA BARAT
320831,Sindang Agung,3208,KABUPATEN KUNINGAN,32,JAWA BARAT
320832,Cigandamekar,3208,KABUPATEN KUNINGAN,32,JAWA BARAT
320901,Waled,3209,KABUPATEN CIREBON,32,JAWA BARAT
320902,Ciledug,3209,KABUPATEN CIREBON,32,JAWA BARAT
320903,Losari,3209,KABUPATEN CIREBON,32,JAWA BARAT
320904,Pabedilan,3209,KABUPATEN CIREBON,32,JAWA BARAT
320905,Babakan,3209,KABUPATEN CIREBON,32,JAWA BARAT
320906,Karangsembung,3209,KABUPATEN CIREBON,32,JAWA BARAT
320907,Lemahabang,3209,KABUPATEN CIREBON,32,JAWA BARAT
320908,Susukan Lebak,3209,KABUPATEN CIREBON,32,JAWA BARAT
320909,Sedong,3209,KABUPATEN CIREBON,32,JAWA BARAT
320910,Astanajapura,3209,KABUPATEN CIREBON,32,JAWA BARAT
320911,Pangenan,3209,KABUPATEN CIREBON,32,JAWA BARAT
320912,Mundu,3209,KABUPATEN CIREBON,32,JAWA BARAT
320913,Beber,3209,KABUPATEN CIREBON,32,JAWA BARAT
320914,Talun,3209,KABUPATEN CIREBON,32,JAWA BARAT
320915,Sumber,3209,KABUPATEN CIREBON,32,JAWA BARAT
320916,Dukupuntang,3209,KABUPATEN CIREBON,32,JAWA BARAT
320917,Palimanan,3209,KABUPATEN CIREBON,32,JAWA BARAT
320918,Plumbon,3209,KABUPATEN CIREBON,32,JAWA BARAT
320919,Weru,3209,KABUPATEN CIREBON,32,JAWA BARAT
320920,Kedawung,3209,KABUPATEN CIREBON,32,JAWA BARAT
320921,Gunung Jati,3209,KABUPATEN CIREBON,32,JAWA BARAT
320922,Kapetakan,3209,KABUPATEN CIREBON,32,JAWA BARAT
320923,Klangenan,3209,KABUPATEN CIREBON,32,JAWA BARAT
320924,Arjawinangun,3209,KABUPATEN CIREBON,32,JAWA BARAT
320925,Panguragan,3209,KABUPATEN CIREBON,32,JAWA BARAT
320926,Ciwaringin,3209,KABUPATEN CIREBON,32,JAWA BARAT
320927,Susukan,3209,KABUPATEN CIREBON,32,JAWA BARAT
320928,Gegesik,3209,KABUPATEN CIREBON,32,JAWA BARAT
320929,Kaliwedi,3209,KABUPATEN CIREBON,32,JAWA BARAT
320930,Gebang,3209,KABUPATEN CIREBON,32,JAWA BARAT
320931,Depok,3209,KABUPATEN CIREBON,32,JAWA BARAT
320932,Pasaleman,3209,KABUPATEN CIREBON,32,JAWA BARAT
320933,Pabuaran,3209,KABUPATEN CIREBON,32,JAWA BARAT
320934,Karangwareng,3209,KABUPATEN CIREBON,32,JAWA BARAT
320935,Tengah Tani,3209,KABUPATEN CIREBON,32,JAWA BARAT
320936,Plered,3209,KABUPATEN CIREBON,32,JAWA BARAT
320937,Gempol,3209,KABUPATEN CIREBON,32,JAWA BARAT
320938,Greged,3209,KABUPATEN CIREBON,32,JAWA BARAT
320939,Suranenggala,3209,KABUPATEN CIREBON,32,JAWA BARAT
320940,Jamblang,3209,KABUPATEN CIREBON,32,JAWA BARAT
321001,Lemahsugih,3210,KABUPATEN MAJALENGKA,32,JAWA BARAT
321002,Bantarujeg,3210,KABUPATEN MAJALENGKA,32,JAWA BARAT
321003,Cikijing,3210,KABUPATEN MAJALENGKA,32,JAWA BARAT
321004,Talaga,3210,KABUPATEN MAJALENGKA,32,JAWA BARAT
321005,Argapura,3210,KABUPATEN MAJALENGKA,32,JAWA BARAT
321006,Maja,3210,KABUPATEN MAJALENGKA,32,JAWA BARAT
321007,Majalengka,3210,KABUPATEN MAJALENGKA,32,JAWA BARAT
321008,Sukahaji,3210,KABUPATEN MAJALENGKA,32,JAWA BARAT
321009,Rajagaluh,3210,KABUPATEN MAJALENGKA,32,JAWA BARAT
321010,Leuwimunding,3210,KABUPATEN MAJALENGKA,32,JAWA BARAT
321011,Jatiwangi,3210,KABUPATEN MAJALENGKA,32,JAWA BARAT
321012,Dawuan,3210,KABUPATEN MAJALENGKA,32,JAWA BARAT
321013,Kadipaten,3210,KABUPATEN MAJALENGKA,32,JAWA BARAT
321014,Kertajati,3210,KABUPATEN MAJALENGKA,32,JAWA BARAT
321015,Jatitujuh,3210,KABUPATEN MAJALENGKA,32,JAWA BARAT
321016,Ligung,3210,KABUPATEN MAJALENGKA,32,JAWA BARAT
321017,Sumberjaya,3210,KABUPATEN MAJALENGKA,32,JAWA BARAT
321018,Panyingkiran,3210,KABUPATEN MAJALENGKA,32,JAWA BARAT
321019,Palasah,3210,KABUPATEN MAJALENGKA,32,JAWA BARAT
321020,Cigasong,3210,KABUPATEN MAJALENGKA,32,JAWA BARAT
321021,Sindangwangi,3210,KABUPATEN MAJALENGKA,32,JAWA BARAT
321022,Banjaran,3210,KABUPATEN MAJALENGKA,32,JAWA BARAT
321023,Cingambul,3210,KABUPATEN MAJALENGKA,32,JAWA BARAT
321024,Kasokandel,3210,KABUPATEN MAJALENGKA,32,JAWA BARAT
321025,Sindang,3210,KABUPATEN MAJALENGKA,32,JAWA BARAT
321026,Malausma,3210,KABUPATEN MAJALENGKA,32,JAWA BARAT
321101,Wado,3211,KABUPATEN SUMEDANG,32,JAWA BARAT
321102,Jatinunggal,3211,KABUPATEN SUMEDANG,32,JAWA BARAT
321103,Darmaraja,3211,KABUPATEN SUMEDANG,32,JAWA BARAT
321104,Cibugel,3211,KABUPATEN SUMEDANG,32,JAWA BARAT
321105,Cisitu,3211,KABUPATEN SUMEDANG,32,JAWA BARAT
321106,Situraja,3211,KABUPATEN SUMEDANG,32,JAWA BARAT
321107,Conggeang,3211,KABUPATEN SUMEDANG,32,JAWA BARAT
321108,Paseh,3211,KABUPATEN SUMEDANG,32,JAWA BARAT
321109,Surian,3211,KABUPATEN SUMEDANG,32,JAWA BARAT
321110,Buahdua,3211,KABUPATEN SUMEDANG,32,JAWA BARAT
321111,Tanjungsari,3211,KABUPATEN SUMEDANG,32,JAWA BARAT
321112,Sukasari,3211,KABUPATEN SUMEDANG,32,JAWA BARAT
321113,Pamulihan,3211,KABUPATEN SUMEDANG,32,JAWA BARAT
321114,Cimanggung,3211,KABUPATEN SUMEDANG,32,JAWA BARAT
321115,Jatinangor,3211,KABUPATEN SUMEDANG,32,JAWA BARAT
321116,Rancakalong,3211,KABUPATEN SUMEDANG,32,JAWA BARAT
321117,Sumedang Selatan,3211,KABUPATEN SUMEDANG,32,JAWA BARAT
321118,Sumedang Utara,3211,KABUPATEN SUMEDANG,32,JAWA BARAT
321119,Ganeas,3211,KABUPATEN SUMEDANG,32,JAWA BARAT
321120,Tanjungkerta,3211,KABUPATEN SUMEDANG,32,JAWA BARAT
321121,Tanjungmedar,3211,KABUPATEN SUMEDANG,32,JAWA BARAT
321122,Cimalaka,3211,KABUPATEN SUMEDANG,32,JAWA BARAT
321123,Cisarua,3211,KABUPATEN SUMEDANG,32,JAWA BARAT
321124,Tomo,3211,KABUPATEN SUMEDANG,32,JAWA BARAT
321125,Ujungjaya,3211,KABUPATEN SUMEDANG,32,JAWA BARAT
321126,Jatigede,3211,KABUPATEN SUMEDANG,32,JAWA BARAT
321201,Haurgeulis,3212,KABUPATEN INDRAMAYU,32,JAWA BARAT
321202,Kroya,3212,KABUPATEN INDRAMAYU,32,JAWA BARAT
321203,Gabuswetan,3212,KABUPATEN INDRAMAYU,32,JAWA BARAT
321204,Cikedung,3212,KABUPATEN INDRAMAYU,32,JAWA BARAT
321205,Lelea,3212,KABUPATEN INDRAMAYU,32,JAWA BARAT
321206,Bangodua,3212,KABUPATEN INDRAMAYU,32,JAWA BARAT
321207,Widasari,3212,KABUPATEN INDRAMAYU,32,JAWA BARAT
321208,Kertasemaya,3212,KABUPATEN INDRAMAYU,32,JAWA BARAT
321209,Krangkeng,3212,KABUPATEN INDRAMAYU,32,JAWA BARAT
321210,Karangampel,3212,KABUPATEN INDRAMAYU,32,JAWA BARAT
321211,Juntinyuat,3212,KABUPATEN INDRAMAYU,32,JAWA BARAT
321212,Sliyeg,3212,KABUPATEN INDRAMAYU,32,JAWA BARAT
321213,Jatibarang,3212,KABUPATEN INDRAMAYU,32,JAWA BARAT
321214,Balongan,3212,KABUPATEN INDRAMAYU,32,JAWA BARAT
321215,Indramayu,3212,KABUPATEN INDRAMAYU,32,JAWA BARAT
321216,Sindang,3212,KABUPATEN INDRAMAYU,32,JAWA BARAT
321217,Cantigi,3212,KABUPATEN INDRAMAYU,32,JAWA BARAT
321218,Lohbener,3212,KABUPATEN INDRAMAYU,32,JAWA BARAT
321219,Arahan,3212,KABUPATEN INDRAMAYU,32,JAWA BARAT
321220,Losarang,3212,KABUPATEN INDRAMAYU,32,JAWA BARAT
321221,Kandanghaur,3212,KABUPATEN INDRAMAYU,32,JAWA BARAT
321222,Bongas,3212,KABUPATEN INDRAMAYU,32,JAWA BARAT
321223,Anjatan,3212,KABUPATEN INDRAMAYU,32,JAWA BARAT
321224,Sukra,3212,KABUPATEN INDRAMAYU,32,JAWA BARAT
321225,Gantar,3212,KABUPATEN INDRAMAYU,32,JAWA BARAT
321226,Trisi,3212,KABUPATEN INDRAMAYU,32,JAWA BARAT
321227,Sukagumiwang,3212,KABUPATEN INDRAMAYU,32,JAWA BARAT
321228,Kedokan Bunder,3212,KABUPATEN INDRAMAYU,32,JAWA BARAT
321229,Pasekan,3212,KABUPATEN INDRAMAYU,32,JAWA BARAT
321230,Tukdana,3212,KABUPATEN INDRAMAYU,32,JAWA BARAT
321231,Patrol,3212,KABUPATEN INDRAMAYU,32,JAWA BARAT
321301,Sagalaherang,3213,KABUPATEN SUBANG,32,JAWA BARAT
321302,Cisalak,3213,KABUPATEN SUBANG,32,JAWA BARAT
321303,Subang,3213,KABUPATEN SUBANG,32,JAWA BARAT
321304,Kalijati,3213,KABUPATEN SUBANG,32,JAWA BARAT
321305,Pabuaran,3213,KABUPATEN SUBANG,32,JAWA BARAT
321306,Purwadadi,3213,KABUPATEN SUBANG,32,JAWA BARAT
321307,Pagaden,3213,KABUPATEN SUBANG,32,JAWA BARAT
321308,Binong,3213,KABUPATEN SUBANG,32,JAWA BARAT
321309,Ciasem,3213,KABUPATEN SUBANG,32,JAWA BARAT
321310,Pusakanagara,3213,KABUPATEN SUBANG,32,JAWA BARAT
321311,Pamanukan,3213,KABUPATEN SUBANG,32,JAWA BARAT
321312,Jalancagak,3213,KABUPATEN SUBANG,32,JAWA BARAT
321313,Blanakan,3213,KABUPATEN SUBANG,32,JAWA BARAT
321314,Tanjungsiang,3213,KABUPATEN SUBANG,32,JAWA BARAT
321315,Compreng,3213,KABUPATEN SUBANG,32,JAWA BARAT
321316,Patokbeusi,3213,KABUPATEN SUBANG,32,JAWA BARAT
321317,Cibogo,3213,KABUPATEN SUBANG,32,JAWA BARAT
321318,Cipunagara,3213,KABUPATEN SUBANG,32,JAWA BARAT
321319,Cijambe,3213,KABUPATEN SUBANG,32,JAWA BARAT
321320,Cipeundeuy,3213,KABUPATEN SUBANG,32,JAWA BARAT
321321,Legonkulon,3213,KABUPATEN SUBANG,32,JAWA BARAT
321322,Cikaum,3213,KABUPATEN SUBANG,32,JAWA BARAT
321323,Serangpanjang,3213,KABUPATEN SUBANG,32,JAWA BARAT
321324,Sukasari,3213,KABUPATEN SUBANG,32,JAWA BARAT
321325,Tambakdahan,3213,KABUPATEN SUBANG,32,JAWA BARAT
321326,Kasomalang,3213,KABUPATEN SUBANG,32,JAWA BARAT
321327,Dawuan,3213,KABUPATEN SUBANG,32,JAWA BARAT
321328,Pagaden Barat,3213,KABUPATEN SUBANG,32,JAWA BARAT
321329,Ciater,3213,KABUPATEN SUBANG,32,JAWA BARAT
321330,Pusakajaya,3213,KABUPATEN SUBANG,32,JAWA BARAT
321401,Purwakarta,3214,KABUPATEN PURWAKARTA,32,JAWA BARAT
321402,Campaka,3214,KABUPATEN PURWAKARTA,32,JAWA BARAT
321403,Jatiluhur,3214,KABUPATEN PURWAKARTA,32,JAWA BARAT
321404,Plered,3214,KABUPATEN PURWAKARTA,32,JAWA BARAT
321405,Sukatani,3214,KABUPATEN PURWAKARTA,32,JAWA BARAT
321406,Darangdan,3214,KABUPATEN PURWAKARTA,32,JAWA BARAT
321407,Maniis,3214,KABUPATEN PURWAKARTA,32,JAWA BARAT
321408,Tegalwaru,3214,KABUPATEN PURWAKARTA,32,JAWA BARAT
321409,Wanayasa,3214,KABUPATEN PURWAKARTA,32,JAWA BARAT
321410,Pasawahan,3214,KABUPATEN PURWAKARTA,32,JAWA BARAT
321411,Bojong,3214,KABUPATEN PURWAKARTA,32,JAWA BARAT
321412,Babakancikao,3214,KABUPATEN PURWAKARTA,32,JAWA BARAT
321413,Bungursari,3214,KABUPATEN PURWAKARTA,32,JAWA BARAT
321414,Cibatu,3214,KABUPATEN PURWAKARTA,32,JAWA BARAT
321415,Sukasari,3214,KABUPATEN PURWAKARTA,32,JAWA BARAT
321416,Pondoksalam,3214,KABUPATEN PURWAKARTA,32,JAWA BARAT
321417,Kiarapedes,3214,KABUPATEN PURWAKARTA,32,JAWA BARAT
321501,Karawang Barat,3215,KABUPATEN KARAWANG,32,JAWA BARAT
321502,Pangkalan,3215,KABUPATEN KARAWANG,32,JAWA BARAT
321503,Telukjambe Timur,3215,KABUPATEN KARAWANG,32,JAWA BARAT
321504,Ciampel,3215,KABUPATEN KARAWANG,32,JAWA BARAT
321505,Klari,3215,KABUPATEN KARAWANG,32,JAWA BARAT
321506,Rengasdengklok,3215,KABUPATEN KARAWANG,32,JAWA BARAT
321507,Kutawaluya,3215,KABUPATEN KARAWANG,32,JAWA BARAT
321508,Batujaya,3215,KABUPATEN KARAWANG,32,JAWA BARAT
321509,Tirtajaya,3215,KABUPATEN KARAWANG,32,JAWA BARAT
321510,Pedes,3215,KABUPATEN KARAWANG,32,JAWA BARAT
321511,Cibuaya,3215,KABUPATEN KARAWANG,32,JAWA BARAT
321512,Pakisjaya,3215,KABUPATEN KARAWANG,32,JAWA BARAT
321513,Cikampek,3215,KABUPATEN KARAWANG,32,JAWA BARAT
321514,Jatisari,3215,KABUPATEN KARAWANG,32,JAWA BARAT
321515,Cilamaya Wetan,3215,KABUPATEN KARAWANG,32,JAWA BARAT
321516,Tirtamulya,3215,KABUPATEN KARAWANG,32,JAWA BARAT
321517,Telagasari,3215,KABUPATEN KARAWANG,32,JAWA BARAT
321518,Rawamerta,3215,KABUPATEN KARAWANG,32,JAWA BARAT
321519,Lemahabang,3215,KABUPATEN KARAWANG,32,JAWA BARAT
321520,Tempuran,3215,KABUPATEN KARAWANG,32,JAWA BARAT
321521,Majalaya,3215,KABUPATEN KARAWANG,32,JAWA BARAT
321522,Jayakerta,3215,KABUPATEN KARAWANG,32,JAWA BARAT
321523,Cilamaya Kulon,3215,KABUPATEN KARAWANG,32,JAWA BARAT
321524,Banyusari,3215,KABUPATEN KARAWANG,32,JAWA BARAT
321525,Kota Baru,3215,KABUPATEN KARAWANG,32,JAWA BARAT
321526,Karawang Timur,3215,KABUPATEN KARAWANG,32,JAWA BARAT
321527,Telukjambe Barat,3215,KABUPATEN KARAWANG,32,JAWA BARAT
321528,Tegalwaru,3215,KABUPATEN KARAWANG,32,JAWA BARAT
321529,Purwasari,3215,KABUPATEN KARAWANG,32,JAWA BARAT
321530,Cilebar,3215,KABUPATEN KARAWANG,32,JAWA BARAT
321601,Tarumajaya,3216,KABUPATEN BEKASI,32,JAWA BARAT
321602,Babelan,3216,KABUPATEN BEKASI,32,JAWA BARAT
321603,Sukawangi,3216,KABUPATEN BEKASI,32,JAWA BARAT
321604,Tambelang,3216,KABUPATEN BEKASI,32,JAWA BARAT
321605,Tambun Utara,3216,KABUPATEN BEKASI,32,JAWA BARAT
321606,Tambun Selatan,3216,KABUPATEN BEKASI,32,JAWA BARAT
321607,Cibitung,3216,KABUPATEN BEKASI,32,JAWA BARAT
321608,Cikarang Barat,3216,KABUPATEN BEKASI,32,JAWA BARAT
321609,Cikarang Utara,3216,KABUPATEN BEKASI,32,JAWA BARAT
321610,Karang Bahagia,3216,KABUPATEN BEKASI,32,JAWA BARAT
321611,Cikarang Timur,3216,KABUPATEN BEKASI,32,JAWA BARAT
321612,Kedung Waringin,3216,KABUPATEN BEKASI,32,JAWA BARAT
321613,Pebayuran,3216,KABUPATEN BEKASI,32,JAWA BARAT
321614,Sukakarya,3216,KABUPATEN BEKASI,32,JAWA BARAT
321615,Sukatani,3216,KABUPATEN BEKASI,32,JAWA BARAT
321616,Cabangbungin,3216,KABUPATEN BEKASI,32,JAWA BARAT
321617,Muaragembong,3216,KABUPATEN BEKASI,32,JAWA BARAT
321618,Setu,3216,KABUPATEN BEKASI,32,JAWA BARAT
321619,Cikarang Selatan,3216,KABUPATEN BEKASI,32,JAWA BARAT
321620,Cikarang Pusat,3216,KABUPATEN BEKASI,32,JAWA BARAT
321621,Serang Baru,3216,KABUPATEN BEKASI,32,JAWA BARAT
321622,Cibarusah,3216,KABUPATEN BEKASI,32,JAWA BARAT
321623,Bojongmangu,3216,KABUPATEN BEKASI,32,JAWA BARAT
321701,Lembang,3217,KABUPATEN BANDUNG BARAT,32,JAWA BARAT
321702,Parongpong,3217,KABUPATEN BANDUNG BARAT,32,JAWA BARAT
321703,Cisarua,3217,KABUPATEN BANDUNG BARAT,32,JAWA BARAT
321704,Cikalongwetan,3217,KABUPATEN BANDUNG BARAT,32,JAWA BARAT
321705,Cipeundeuy,3217,KABUPATEN BANDUNG BARAT,32,JAWA BARAT
321706,Ngamprah,3217,KABUPATEN BANDUNG BARAT,32,JAWA BARAT
321707,Cipatat,3217,KABUPATEN BANDUNG BARAT,32,JAWA BARAT
321708,Padalarang,3217,KABUPATEN BANDUNG BARAT,32,JAWA BARAT
321709,Batujajar,3217,KABUPATEN BANDUNG BARAT,32,JAWA BARAT
321710,Cihampelas,3217,KABUPATEN BANDUNG BARAT,32,JAWA BARAT
321711,Cililin,3217,KABUPATEN BANDUNG BARAT,32,JAWA BARAT
321712,Cipongkor,3217,KABUPATEN BANDUNG BARAT,32,JAWA BARAT
321713,Rongga,3217,KABUPATEN BANDUNG BARAT,32,JAWA BARAT
321714,Sindangkerta,3217,KABUPATEN BANDUNG BARAT,32,JAWA BARAT
321715,Gununghalu,3217,KABUPATEN BANDUNG BARAT,32,JAWA BARAT
321716,Saguling,3217,KABUPATEN BANDUNG BARAT,32,JAWA BARAT
321801,Parigi,3218,KABUPATEN PANGANDARAN,32,JAWA BARAT
321802,Cijulang,3218,KABUPATEN PANGANDARAN,32,JAWA BARAT
321803,Cimerak,3218,KABUPATEN PANGANDARAN,32,JAWA BARAT
321804,Cigugur,3218,KABUPATEN PANGANDARAN,32,JAWA BARAT
321805,Langkaplancar,3218,KABUPATEN PANGANDARAN,32,JAWA BARAT
321806,Mangunjaya,3218,KABUPATEN PANGANDARAN,32,JAWA BARAT
321807,Padaherang,3218,KABUPATEN PANGANDARAN,32,JAWA BARAT
321808,Kalipucang,3218,KABUPATEN PANGANDARAN,32,JAWA BARAT
321809,Pangandaran,3218,KABUPATEN PANGANDARAN,32,JAWA BARAT
321810,Sidamulih,3218,KABUPATEN PANGANDARAN,32,JAWA BARAT
327101,Bogor Selatan,3271,KOTA BOGOR,32,JAWA BARAT
327102,Bogor Timur,3271,KOTA BOGOR,32,JAWA BARAT
327103,Bogor Tengah,3271,KOTA BOGOR,32,JAWA BARAT
327104,Bogor Barat,3271,KOTA BOGOR,32,JAWA BARAT
327105,Bogor Utara,3271,KOTA BOGOR,32,JAWA BARAT
327106,Tanah Sareal,3271,KOTA BOGOR,32,JAWA BARAT
327201,Gunungpuyuh,3272,KOTA SUKABUPATENUMI,32,JAWA BARAT
327202,Cikole,3272,KOTA SUKABUPATENUMI,32,JAWA BARAT
327203,Citamiang,3272,KOTA SUKABUPATENUMI,32,JAWA BARAT
327204,Warudoyong,3272,KOTA SUKABUPATENUMI,32,JAWA BARAT
327205,Baros,3272,KOTA SUKABUPATENUMI,32,JAWA BARAT
327206,Lembursitu,3272,KOTA SUKABUPATENUMI,32,JAWA BARAT
327207,Cibeureum,3272,KOTA SUKABUPATENUMI,32,JAWA BARAT
327301,Sukasari,3273,KOTA BANDUNG,32,JAWA BARAT
327302,Coblong,3273,KOTA BANDUNG,32,JAWA BARAT
327303,Babakan Ciparay,3273,KOTA BANDUNG,32,JAWA BARAT
327304,Bojongloa Kaler,3273,KOTA BANDUNG,32,JAWA BARAT
327305,Andir,3273,KOTA BANDUNG,32,JAWA BARAT
327306,Cicendo,3273,KOTA BANDUNG,32,JAWA BARAT
327307,Sukajadi,3273,KOTA BANDUNG,32,JAWA BARAT
327308,Cidadap,3273,KOTA BANDUNG,32,JAWA BARAT
327309,Bandung Wetan,3273,KOTA BANDUNG,32,JAWA BARAT
327310,Astana Anyar,3273,KOTA BANDUNG,32,JAWA BARAT
327311,Regol,3273,KOTA BANDUNG,32,JAWA BARAT
327312,Batununggal,3273,KOTA BANDUNG,32,JAWA BARAT
327313,Lengkong,3273,KOTA BANDUNG,32,JAWA BARAT
327314,Cibeunying Kidul,3273,KOTA BANDUNG,32,JAWA BARAT
327315,Bandung Kulon,3273,KOTA BANDUNG,32,JAWA BARAT
327316,Kiaracondong,3273,KOTA BANDUNG,32,JAWA BARAT
327317,Bojongloa Kidul,3273,KOTA BANDUNG,32,JAWA BARAT
327318,Cibeunying Kaler,3273,KOTA BANDUNG,32,JAWA BARAT
327319,Sumur Bandung,3273,KOTA BANDUNG,32,JAWA BARAT
327320,Antapani,3273,KOTA BANDUNG,32,JAWA BARAT
327321,Bandung Kidul,3273,KOTA BANDUNG,32,JAWA BARAT
327322,Buahbatu,3273,KOTA BANDUNG,32,JAWA BARAT
327323,Rancasari,3273,KOTA BANDUNG,32,JAWA BARAT
327324,Arcamanik,3273,KOTA BANDUNG,32,JAWA BARAT
327325,Cibiru,3273,KOTA BANDUNG,32,JAWA BARAT
327326,Ujungberung,3273,KOTA BANDUNG,32,JAWA BARAT
327327,Gedebage,3273,KOTA BANDUNG,32,JAWA BARAT
327328,Panyileukan,3273,KOTA BANDUNG,32,JAWA BARAT
327329,Cinambo,3273,KOTA BANDUNG,32,JAWA BARAT
327330,Mandalajati,3273,KOTA BANDUNG,32,JAWA BARAT
327401,Kejaksan,3274,KOTA CIREBON,32,JAWA BARAT
327402,Lemah Wungkuk,3274,KOTA CIREBON,32,JAWA BARAT
327403,Harjamukti,3274,KOTA CIREBON,32,JAWA BARAT
327404,Pekalipan,3274,KOTA CIREBON,32,JAWA BARAT
327405,Kesambi,3274,KOTA CIREBON,32,JAWA BARAT
327501,Bekasi Timur,3275,KOTA BEKASI,32,JAWA BARAT
327502,Bekasi Barat,3275,KOTA BEKASI,32,JAWA BARAT
327503,Bekasi Utara,3275,KOTA BEKASI,32,JAWA BARAT
327504,Bekasi Selatan,3275,KOTA BEKASI,32,JAWA BARAT
327505,Rawalumbu,3275,KOTA BEKASI,32,JAWA BARAT
327506,Medansatria,3275,KOTA BEKASI,32,JAWA BARAT
327507,Bantargebang,3275,KOTA BEKASI,32,JAWA BARAT
327508,Pondokgede,3275,KOTA BEKASI,32,JAWA BARAT
327509,Jatiasih,3275,KOTA BEKASI,32,JAWA BARAT
327510,Jatisampurna,3275,KOTA BEKASI,32,JAWA BARAT
327511,Mustikajaya,3275,KOTA BEKASI,32,JAWA BARAT
327512,Pondokmelati,3275,KOTA BEKASI,32,JAWA BARAT
327601,Pancoran Mas,3276,KOTA DEPOK,32,JAWA BARAT
327602,Cimanggis,3276,KOTA DEPOK,32,JAWA BARAT
327603,Sawangan,3276,KOTA DEPOK,32,JAWA BARAT
327604,Limo,3276,KOTA DEPOK,32,JAWA BARAT
327605,Sukmajaya,3276,KOTA DEPOK,32,JAWA BARAT
327606,Beji,3276,KOTA DEPOK,32,JAWA BARAT
327607,Cipayung,3276,KOTA DEPOK,32,JAWA BARAT
327608,Cilodong,3276,KOTA DEPOK,32,JAWA BARAT
327609,Cinere,3276,KOTA DEPOK,32,JAWA BARAT
327610,Tapos,3276,KOTA DEPOK,32,JAWA BARAT
327611,Bojongsari,3276,KOTA DEPOK,32,JAWA BARAT
327701,Cimahi Selatan,3277,KOTA CIMAHI,32,JAWA BARAT
327702,Cimahi Tengah,3277,KOTA CIMAHI,32,JAWA BARAT
327703,Cimahi Utara,3277,KOTA CIMAHI,32,JAWA BARAT
327801,Cihideung,3278,KOTA TASIKMALAYA,32,JAWA BARAT
327802,Cipedes,3278,KOTA TASIKMALAYA,32,JAWA BARAT
327803,Tawang,3278,KOTA TASIKMALAYA,32,JAWA BARAT
327804,Indihiang,3278,KOTA TASIKMALAYA,32,JAWA BARAT
327805,Kawalu,3278,KOTA TASIKMALAYA,32,JAWA BARAT
327806,Cibeureum,3278,KOTA TASIKMALAYA,32,JAWA BARAT
327807,Tamansari,3278,KOTA TASIKMALAYA,32,JAWA BARAT
327808,Mangkubumi,3278,KOTA TASIKMALAYA,32,JAWA BARAT
327809,Bungursari,3278,KOTA TASIKMALAYA,32,JAWA BARAT
327810,Purbaratu,3278,KOTA TASIKMALAYA,32,JAWA BARAT
327901,Banjar,3279,KOTA BANJAR,32,JAWA BARAT
327902,Pataruman,3279,KOTA BANJAR,32,JAWA BARAT
327903,Purwaharja,3279,KOTA BANJAR,32,JAWA BARAT
327904,Langensari,3279,KOTA BANJAR,32,JAWA BARAT
330101,Kedungreja,3301,KABUPATEN CILACAP,33,JAWA TENGAH
330102,Kesugihan,3301,KABUPATEN CILACAP,33,JAWA TENGAH
330103,Adipala,3301,KABUPATEN CILACAP,33,JAWA TENGAH
330104,Binangun,3301,KABUPATEN CILACAP,33,JAWA TENGAH
330105,Nusawungu,3301,KABUPATEN CILACAP,33,JAWA TENGAH
330106,Kroya,3301,KABUPATEN CILACAP,33,JAWA TENGAH
330107,Maos,3301,KABUPATEN CILACAP,33,JAWA TENGAH
330108,Jeruklegi,3301,KABUPATEN CILACAP,33,JAWA TENGAH
330109,Kawunganten,3301,KABUPATEN CILACAP,33,JAWA TENGAH
330110,Gandrungmangu,3301,KABUPATEN CILACAP,33,JAWA TENGAH
330111,Sidareja,3301,KABUPATEN CILACAP,33,JAWA TENGAH
330112,Karangpucung,3301,KABUPATEN CILACAP,33,JAWA TENGAH
330113,Cimanggu,3301,KABUPATEN CILACAP,33,JAWA TENGAH
330114,Majenang,3301,KABUPATEN CILACAP,33,JAWA TENGAH
330115,Wanareja,3301,KABUPATEN CILACAP,33,JAWA TENGAH
330116,Dayeuhluhur,3301,KABUPATEN CILACAP,33,JAWA TENGAH
330117,Sampang,3301,KABUPATEN CILACAP,33,JAWA TENGAH
330118,Cipari,3301,KABUPATEN CILACAP,33,JAWA TENGAH
330119,Patimuan,3301,KABUPATEN CILACAP,33,JAWA TENGAH
330120,Bantarsari,3301,KABUPATEN CILACAP,33,JAWA TENGAH
330121,Cilacap Selatan,3301,KABUPATEN CILACAP,33,JAWA TENGAH
330122,Cilacap Tengah,3301,KABUPATEN CILACAP,33,JAWA TENGAH
330123,Cilacap Utara,3301,KABUPATEN CILACAP,33,JAWA TENGAH
330124,Kampung Laut,3301,KABUPATEN CILACAP,33,JAWA TENGAH
330201,Lumbir,3302,KABUPATEN BANYUMAS,33,JAWA TENGAH
330202,Wangon,3302,KABUPATEN BANYUMAS,33,JAWA TENGAH
330203,Jatilawang,3302,KABUPATEN BANYUMAS,33,JAWA TENGAH
330204,Rawalo,3302,KABUPATEN BANYUMAS,33,JAWA TENGAH
330205,Kebasen,3302,KABUPATEN BANYUMAS,33,JAWA TENGAH
330206,Kemranjen,3302,KABUPATEN BANYUMAS,33,JAWA TENGAH
330207,Sumpiuh,3302,KABUPATEN BANYUMAS,33,JAWA TENGAH
330208,Tambak,3302,KABUPATEN BANYUMAS,33,JAWA TENGAH
330209,Somagede,3302,KABUPATEN BANYUMAS,33,JAWA TENGAH
330210,Kalibagor,3302,KABUPATEN BANYUMAS,33,JAWA TENGAH
330211,Banyumas,3302,KABUPATEN BANYUMAS,33,JAWA TENGAH
330212,Patikraja,3302,KABUPATEN BANYUMAS,33,JAWA TENGAH
330213,Purwojati,3302,KABUPATEN BANYUMAS,33,JAWA TENGAH
330214,Ajibarang,3302,KABUPATEN BANYUMAS,33,JAWA TENGAH
330215,Gumelar,3302,KABUPATEN BANYUMAS,33,JAWA TENGAH
330216,Pekuncen,3302,KABUPATEN BANYUMAS,33,JAWA TENGAH
330217,Cilongok,3302,KABUPATEN BANYUMAS,33,JAWA TENGAH
330218,Karanglewas,3302,KABUPATEN BANYUMAS,33,JAWA TENGAH
330219,Sokaraja,3302,KABUPATEN BANYUMAS,33,JAWA TENGAH
330220,Kembaran,3302,KABUPATEN BANYUMAS,33,JAWA TENGAH
330221,Sumbang,3302,KABUPATEN BANYUMAS,33,JAWA TENGAH
330222,Baturraden,3302,KABUPATEN BANYUMAS,33,JAWA TENGAH
330223,Kedungbanteng,3302,KABUPATEN BANYUMAS,33,JAWA TENGAH
330224,Purwokerto Selatan,3302,KABUPATEN BANYUMAS,33,JAWA TENGAH
330225,Purwokerto Barat,3302,KABUPATEN BANYUMAS,33,JAWA TENGAH
330226,Purwokerto Timur,3302,KABUPATEN BANYUMAS,33,JAWA TENGAH
330227,Purwokerto Utara,3302,KABUPATEN BANYUMAS,33,JAWA TENGAH
330301,Kemangkon,3303,KABUPATEN PURBALINGGA,33,JAWA TENGAH
330302,Bukateja,3303,KABUPATEN PURBALINGGA,33,JAWA TENGAH
330303,Kejobong,3303,KABUPATEN PURBALINGGA,33,JAWA TENGAH
330304,Kaligondang,3303,KABUPATEN PURBALINGGA,33,JAWA TENGAH
330305,Purbalingga,3303,KABUPATEN PURBALINGGA,33,JAWA TENGAH
330306,Kalimanah,3303,KABUPATEN PURBALINGGA,33,JAWA TENGAH
330307,Kutasari,3303,KABUPATEN PURBALINGGA,33,JAWA TENGAH
330308,Mrebet,3303,KABUPATEN PURBALINGGA,33,JAWA TENGAH
330309,Bobotsari,3303,KABUPATEN PURBALINGGA,33,JAWA TENGAH
330310,Karangreja,3303,KABUPATEN PURBALINGGA,33,JAWA TENGAH
330311,Karanganyar,3303,KABUPATEN PURBALINGGA,33,JAWA TENGAH
330312,Karangmoncol,3303,KABUPATEN PURBALINGGA,33,JAWA TENGAH
330313,Rembang,3303,KABUPATEN PURBALINGGA,33,JAWA TENGAH
330314,Bojongsari,3303,KABUPATEN PURBALINGGA,33,JAWA TENGAH
330315,Padamara,3303,KABUPATEN PURBALINGGA,33,JAWA TENGAH
330316,Pengadegan,3303,KABUPATEN PURBALINGGA,33,JAWA TENGAH
330317,Karangjambu,3303,KABUPATEN PURBALINGGA,33,JAWA TENGAH
330318,Kertanegara,3303,KABUPATEN PURBALINGGA,33,JAWA TENGAH
330401,Susukan,3304,KABUPATEN BANJARNEGARA,33,JAWA TENGAH
330402,Purworeja Klampok,3304,KABUPATEN BANJARNEGARA,33,JAWA TENGAH
330403,Mandiraja,3304,KABUPATEN BANJARNEGARA,33,JAWA TENGAH
330404,Purwanegara,3304,KABUPATEN BANJARNEGARA,33,JAWA TENGAH
330405,Bawang,3304,KABUPATEN BANJARNEGARA,33,JAWA TENGAH
330406,Banjarnegara,3304,KABUPATEN BANJARNEGARA,33,JAWA TENGAH
330407,Sigaluh,3304,KABUPATEN BANJARNEGARA,33,JAWA TENGAH
330408,Madukara,3304,KABUPATEN BANJARNEGARA,33,JAWA TENGAH
330409,Banjarmangu,3304,KABUPATEN BANJARNEGARA,33,JAWA TENGAH
330410,Wanadadi,3304,KABUPATEN BANJARNEGARA,33,JAWA TENGAH
330411,Rakit,3304,KABUPATEN BANJARNEGARA,33,JAWA TENGAH
330412,Punggelan,3304,KABUPATEN BANJARNEGARA,33,JAWA TENGAH
330413,Karangkobar,3304,KABUPATEN BANJARNEGARA,33,JAWA TENGAH
330414,Pagentan,3304,KABUPATEN BANJARNEGARA,33,JAWA TENGAH
330415,Pejawaran,3304,KABUPATEN BANJARNEGARA,33,JAWA TENGAH
330416,Batur,3304,KABUPATEN BANJARNEGARA,33,JAWA TENGAH
330417,Wanayasa,3304,KABUPATEN BANJARNEGARA,33,JAWA TENGAH
330418,Kalibening,3304,KABUPATEN BANJARNEGARA,33,JAWA TENGAH
330419,Pandanarum,3304,KABUPATEN BANJARNEGARA,33,JAWA TENGAH
330420,Pagedongan,3304,KABUPATEN BANJARNEGARA,33,JAWA TENGAH
330501,Ayah,3305,KABUPATEN KEBUMEN,33,JAWA TENGAH
330502,Buayan,3305,KABUPATEN KEBUMEN,33,JAWA TENGAH
330503,Puring,3305,KABUPATEN KEBUMEN,33,JAWA TENGAH
330504,Petanahan,3305,KABUPATEN KEBUMEN,33,JAWA TENGAH
330505,Klirong,3305,KABUPATEN KEBUMEN,33,JAWA TENGAH
330506,Buluspesantren,3305,KABUPATEN KEBUMEN,33,JAWA TENGAH
330507,Ambal,3305,KABUPATEN KEBUMEN,33,JAWA TENGAH
330508,Mirit,3305,KABUPATEN KEBUMEN,33,JAWA TENGAH
330509,Prembun,3305,KABUPATEN KEBUMEN,33,JAWA TENGAH
330510,Kutowinangun,3305,KABUPATEN KEBUMEN,33,JAWA TENGAH
330511,Alian,3305,KABUPATEN KEBUMEN,33,JAWA TENGAH
330512,Kebumen,3305,KABUPATEN KEBUMEN,33,JAWA TENGAH
330513,Pejagoan,3305,KABUPATEN KEBUMEN,33,JAWA TENGAH
330514,Sruweng,3305,KABUPATEN KEBUMEN,33,JAWA TENGAH
330515,Adimulyo,3305,KABUPATEN KEBUMEN,33,JAWA TENGAH
330516,Kuwarasan,3305,KABUPATEN KEBUMEN,33,JAWA TENGAH
330517,Rowokele,3305,KABUPATEN KEBUMEN,33,JAWA TENGAH
330518,Sempor,3305,KABUPATEN KEBUMEN,33,JAWA TENGAH
330519,Gombong,3305,KABUPATEN KEBUMEN,33,JAWA TENGAH
330520,Karanganyar,3305,KABUPATEN KEBUMEN,33,JAWA TENGAH
330521,Karanggayam,3305,KABUPATEN KEBUMEN,33,JAWA TENGAH
330522,Sadang,3305,KABUPATEN KEBUMEN,33,JAWA TENGAH
330523,Bonorowo,3305,KABUPATEN KEBUMEN,33,JAWA TENGAH
330524,Padureso,3305,KABUPATEN KEBUMEN,33,JAWA TENGAH
330525,Poncowarno,3305,KABUPATEN KEBUMEN,33,JAWA TENGAH
330526,Karangsambung,3305,KABUPATEN KEBUMEN,33,JAWA TENGAH
330601,Grabag,3306,KABUPATEN PURWOREJO,33,JAWA TENGAH
330602,Ngombol,3306,KABUPATEN PURWOREJO,33,JAWA TENGAH
330603,Purwodadi,3306,KABUPATEN PURWOREJO,33,JAWA TENGAH
330604,Bagelen,3306,KABUPATEN PURWOREJO,33,JAWA TENGAH
330605,Kaligesing,3306,KABUPATEN PURWOREJO,33,JAWA TENGAH
330606,Purworejo,3306,KABUPATEN PURWOREJO,33,JAWA TENGAH
330607,Banyuurip,3306,KABUPATEN PURWOREJO,33,JAWA TENGAH
330608,Bayan,3306,KABUPATEN PURWOREJO,33,JAWA TENGAH
330609,Kutoarjo,3306,KABUPATEN PURWOREJO,33,JAWA TENGAH
330610,Butuh,3306,KABUPATEN PURWOREJO,33,JAWA TENGAH
330611,Pituruh,3306,KABUPATEN PURWOREJO,33,JAWA TENGAH
330612,Kemiri,3306,KABUPATEN PURWOREJO,33,JAWA TENGAH
330613,Bruno,3306,KABUPATEN PURWOREJO,33,JAWA TENGAH
330614,Gebang,3306,KABUPATEN PURWOREJO,33,JAWA TENGAH
330615,Loano,3306,KABUPATEN PURWOREJO,33,JAWA TENGAH
330616,Bener,3306,KABUPATEN PURWOREJO,33,JAWA TENGAH
330701,Wadaslintang,3307,KABUPATEN WONOSOBO,33,JAWA TENGAH
330702,Kepil,3307,KABUPATEN WONOSOBO,33,JAWA TENGAH
330703,Sapuran,3307,KABUPATEN WONOSOBO,33,JAWA TENGAH
330704,Kaliwiro,3307,KABUPATEN WONOSOBO,33,JAWA TENGAH
330705,Leksono,3307,KABUPATEN WONOSOBO,33,JAWA TENGAH
330706,Selomerto,3307,KABUPATEN WONOSOBO,33,JAWA TENGAH
330707,Kalikajar,3307,KABUPATEN WONOSOBO,33,JAWA TENGAH
330708,Kertek,3307,KABUPATEN WONOSOBO,33,JAWA TENGAH
330709,Wonosobo,3307,KABUPATEN WONOSOBO,33,JAWA TENGAH
330710,Watumalang,3307,KABUPATEN WONOSOBO,33,JAWA TENGAH
330711,Mojotengah,3307,KABUPATEN WONOSOBO,33,JAWA TENGAH
330712,Garung,3307,KABUPATEN WONOSOBO,33,JAWA TENGAH
330713,Kejajar,3307,KABUPATEN WONOSOBO,33,JAWA TENGAH
330714,Sukoharjo,3307,KABUPATEN WONOSOBO,33,JAWA TENGAH
330715,Kalibawang,3307,KABUPATEN WONOSOBO,33,JAWA TENGAH
330801,Salaman,3308,KABUPATEN MAGELANG,33,JAWA TENGAH
330802,Borobudur,3308,KABUPATEN MAGELANG,33,JAWA TENGAH
330803,Ngluwar,3308,KABUPATEN MAGELANG,33,JAWA TENGAH
330804,Salam,3308,KABUPATEN MAGELANG,33,JAWA TENGAH
330805,Srumbung,3308,KABUPATEN MAGELANG,33,JAWA TENGAH
330806,Dukun,3308,KABUPATEN MAGELANG,33,JAWA TENGAH
330807,Sawangan,3308,KABUPATEN MAGELANG,33,JAWA TENGAH
330808,Muntilan,3308,KABUPATEN MAGELANG,33,JAWA TENGAH
330809,Mungkid,3308,KABUPATEN MAGELANG,33,JAWA TENGAH
330810,Mertoyudan,3308,KABUPATEN MAGELANG,33,JAWA TENGAH
330811,Tempuran,3308,KABUPATEN MAGELANG,33,JAWA TENGAH
330812,Kajoran,3308,KABUPATEN MAGELANG,33,JAWA TENGAH
330813,Kaliangkrik,3308,KABUPATEN MAGELANG,33,JAWA TENGAH
330814,Bandongan,3308,KABUPATEN MAGELANG,33,JAWA TENGAH
330815,Candimulyo,3308,KABUPATEN MAGELANG,33,JAWA TENGAH
330816,Pakis,3308,KABUPATEN MAGELANG,33,JAWA TENGAH
330817,Ngablak,3308,KABUPATEN MAGELANG,33,JAWA TENGAH
330818,Grabag,3308,KABUPATEN MAGELANG,33,JAWA TENGAH
330819,Tegalrejo,3308,KABUPATEN MAGELANG,33,JAWA TENGAH
330820,Secang,3308,KABUPATEN MAGELANG,33,JAWA TENGAH
330821,Windusari,3308,KABUPATEN MAGELANG,33,JAWA TENGAH
330901,Selo,3309,KABUPATEN BOYOLALI,33,JAWA TENGAH
330902,Ampel,3309,KABUPATEN BOYOLALI,33,JAWA TENGAH
330903,Cepogo,3309,KABUPATEN BOYOLALI,33,JAWA TENGAH
330904,Musuk,3309,KABUPATEN BOYOLALI,33,JAWA TENGAH
330905,Boyolali,3309,KABUPATEN BOYOLALI,33,JAWA TENGAH
330906,Mojosongo,3309,KABUPATEN BOYOLALI,33,JAWA TENGAH
330907,Teras,3309,KABUPATEN BOYOLALI,33,JAWA TENGAH
330908,Sawit,3309,KABUPATEN BOYOLALI,33,JAWA TENGAH
330909,Banyudono,3309,KABUPATEN BOYOLALI,33,JAWA TENGAH
330910,Sambi,3309,KABUPATEN BOYOLALI,33,JAWA TENGAH
330911,Ngemplak,3309,KABUPATEN BOYOLALI,33,JAWA TENGAH
330912,Nogosari,3309,KABUPATEN BOYOLALI,33,JAWA TENGAH
330913,Simo,3309,KABUPATEN BOYOLALI,33,JAWA TENGAH
330914,Karanggede,3309,KABUPATEN BOYOLALI,33,JAWA TENGAH
330915,Klego,3309,KABUPATEN BOYOLALI,33,JAWA TENGAH
330916,Andong,3309,KABUPATEN BOYOLALI,33,JAWA TENGAH
330917,Kemusu,3309,KABUPATEN BOYOLALI,33,JAWA TENGAH
330918,Wonosegoro,3309,KABUPATEN BOYOLALI,33,JAWA TENGAH
330919,Juwangi,3309,KABUPATEN BOYOLALI,33,JAWA TENGAH
330920,Gladagsari,3309,KABUPATEN BOYOLALI,33,JAWA TENGAH
330921,Tamansari,3309,KABUPATEN BOYOLALI,33,JAWA TENGAH
330922,Wonosamodro,3309,KABUPATEN BOYOLALI,33,JAWA TENGAH
331001,Prambanan,3310,KABUPATEN KLATEN,33,JAWA TENGAH
331002,Gantiwarno,3310,KABUPATEN KLATEN,33,JAWA TENGAH
331003,Wedi,3310,KABUPATEN KLATEN,33,JAWA TENGAH
331004,Bayat,3310,KABUPATEN KLATEN,33,JAWA TENGAH
331005,Cawas,3310,KABUPATEN KLATEN,33,JAWA TENGAH
331006,Trucuk,3310,KABUPATEN KLATEN,33,JAWA TENGAH
331007,Kebonarum,3310,KABUPATEN KLATEN,33,JAWA TENGAH
331008,Jogonalan,3310,KABUPATEN KLATEN,33,JAWA TENGAH
331009,Manisrenggo,3310,KABUPATEN KLATEN,33,JAWA TENGAH
331010,Karangnongko,3310,KABUPATEN KLATEN,33,JAWA TENGAH
331011,Ceper,3310,KABUPATEN KLATEN,33,JAWA TENGAH
331012,Pedan,3310,KABUPATEN KLATEN,33,JAWA TENGAH
331013,Karangdowo,3310,KABUPATEN KLATEN,33,JAWA TENGAH
331014,Juwiring,3310,KABUPATEN KLATEN,33,JAWA TENGAH
331015,Wonosari,3310,KABUPATEN KLATEN,33,JAWA TENGAH
331016,Delanggu,3310,KABUPATEN KLATEN,33,JAWA TENGAH
331017,Polanharjo,3310,KABUPATEN KLATEN,33,JAWA TENGAH
331018,Karanganom,3310,KABUPATEN KLATEN,33,JAWA TENGAH
331019,Tulung,3310,KABUPATEN KLATEN,33,JAWA TENGAH
331020,Jatinom,3310,KABUPATEN KLATEN,33,JAWA TENGAH
331021,Kemalang,3310,KABUPATEN KLATEN,33,JAWA TENGAH
331022,Ngawen,3310,KABUPATEN KLATEN,33,JAWA TENGAH
331023,Kalikotes,3310,KABUPATEN KLATEN,33,JAWA TENGAH
331024,Klaten Utara,3310,KABUPATEN KLATEN,33,JAWA TENGAH
331025,Klaten Tengah,3310,KABUPATEN KLATEN,33,JAWA TENGAH
331026,Klaten Selatan,3310,KABUPATEN KLATEN,33,JAWA TENGAH
331101,Weru,3311,KABUPATEN SUKOHARJO,33,JAWA TENGAH
331102,Bulu,3311,KABUPATEN SUKOHARJO,33,JAWA TENGAH
331103,Tawangsari,3311,KABUPATEN SUKOHARJO,33,JAWA TENGAH
331104,Sukoharjo,3311,KABUPATEN SUKOHARJO,33,JAWA TENGAH
331105,Nguter,3311,KABUPATEN SUKOHARJO,33,JAWA TENGAH
331106,Bendosari,3311,KABUPATEN SUKOHARJO,33,JAWA TENGAH
331107,Polokarto,3311,KABUPATEN SUKOHARJO,33,JAWA TENGAH
331108,Mojolaban,3311,KABUPATEN SUKOHARJO,33,JAWA TENGAH
331109,Grogol,3311,KABUPATEN SUKOHARJO,33,JAWA TENGAH
331110,Baki,3311,KABUPATEN SUKOHARJO,33,JAWA TENGAH
331111,Gatak,3311,KABUPATEN SUKOHARJO,33,JAWA TENGAH
331112,Kartasura,3311,KABUPATEN SUKOHARJO,33,JAWA TENGAH
331201,Pracimantoro,3312,KABUPATEN WONOGIRI,33,JAWA TENGAH
331202,Giritontro,3312,KABUPATEN WONOGIRI,33,JAWA TENGAH
331203,Giriwoyo,3312,KABUPATEN WONOGIRI,33,JAWA TENGAH
331204,Batuwarno,3312,KABUPATEN WONOGIRI,33,JAWA TENGAH
331205,Tirtomoyo,3312,KABUPATEN WONOGIRI,33,JAWA TENGAH
331206,Nguntoronadi,3312,KABUPATEN WONOGIRI,33,JAWA TENGAH
331207,Baturetno,3312,KABUPATEN WONOGIRI,33,JAWA TENGAH
331208,Eromoko,3312,KABUPATEN WONOGIRI,33,JAWA TENGAH
331209,Wuryantoro,3312,KABUPATEN WONOGIRI,33,JAWA TENGAH
331210,Manyaran,3312,KABUPATEN WONOGIRI,33,JAWA TENGAH
331211,Selogiri,3312,KABUPATEN WONOGIRI,33,JAWA TENGAH
331212,Wonogiri,3312,KABUPATEN WONOGIRI,33,JAWA TENGAH
331213,Ngadirojo,3312,KABUPATEN WONOGIRI,33,JAWA TENGAH
331214,Sidoharjo,3312,KABUPATEN WONOGIRI,33,JAWA TENGAH
331215,Jatiroto,3312,KABUPATEN WONOGIRI,33,JAWA TENGAH
331216,Kismantoro,3312,KABUPATEN WONOGIRI,33,JAWA TENGAH
331217,Purwantoro,3312,KABUPATEN WONOGIRI,33,JAWA TENGAH
331218,Bulukerto,3312,KABUPATEN WONOGIRI,33,JAWA TENGAH
331219,Slogohimo,3312,KABUPATEN WONOGIRI,33,JAWA TENGAH
331220,Jatisrono,3312,KABUPATEN WONOGIRI,33,JAWA TENGAH
331221,Jatipurno,3312,KABUPATEN WONOGIRI,33,JAWA TENGAH
331222,Girimarto,3312,KABUPATEN WONOGIRI,33,JAWA TENGAH
331223,Karangtengah,3312,KABUPATEN WONOGIRI,33,JAWA TENGAH
331224,Paranggupito,3312,KABUPATEN WONOGIRI,33,JAWA TENGAH
331225,Puhpelem,3312,KABUPATEN WONOGIRI,33,JAWA TENGAH
331301,Jatipuro,3313,KABUPATEN KARANGANYAR,33,JAWA TENGAH
331302,Jatiyoso,3313,KABUPATEN KARANGANYAR,33,JAWA TENGAH
331303,Jumapolo,3313,KABUPATEN KARANGANYAR,33,JAWA TENGAH
331304,Jumantono,3313,KABUPATEN KARANGANYAR,33,JAWA TENGAH
331305,Matesih,3313,KABUPATEN KARANGANYAR,33,JAWA TENGAH
331306,Tawangmangu,3313,KABUPATEN KARANGANYAR,33,JAWA TENGAH
331307,Ngargoyoso,3313,KABUPATEN KARANGANYAR,33,JAWA TENGAH
331308,Karangpandan,3313,KABUPATEN KARANGANYAR,33,JAWA TENGAH
331309,Karanganyar,3313,KABUPATEN KARANGANYAR,33,JAWA TENGAH
331310,Tasikmadu,3313,KABUPATEN KARANGANYAR,33,JAWA TENGAH
331311,Jaten,3313,KABUPATEN KARANGANYAR,33,JAWA TENGAH
331312,Colomadu,3313,KABUPATEN KARANGANYAR,33,JAWA TENGAH
331313,Gondangrejo,3313,KABUPATEN KARANGANYAR,33,JAWA TENGAH
331314,Kebakkramat,3313,KABUPATEN KARANGANYAR,33,JAWA TENGAH
331315,Mojogedang,3313,KABUPATEN KARANGANYAR,33,JAWA TENGAH
331316,Kerjo,3313,KABUPATEN KARANGANYAR,33,JAWA TENGAH
331317,Jenawi,3313,KABUPATEN KARANGANYAR,33,JAWA TENGAH
331401,Kalijambe,3314,KABUPATEN SRAGEN,33,JAWA TENGAH
331402,Plupuh,3314,KABUPATEN SRAGEN,33,JAWA TENGAH
331403,Masaran,3314,KABUPATEN SRAGEN,33,JAWA TENGAH
331404,Kedawung,3314,KABUPATEN SRAGEN,33,JAWA TENGAH
331405,Sambirejo,3314,KABUPATEN SRAGEN,33,JAWA TENGAH
331406,Gondang,3314,KABUPATEN SRAGEN,33,JAWA TENGAH
331407,Sambungmacan,3314,KABUPATEN SRAGEN,33,JAWA TENGAH
331408,Ngrampal,3314,KABUPATEN SRAGEN,33,JAWA TENGAH
331409,Karangmalang,3314,KABUPATEN SRAGEN,33,JAWA TENGAH
331410,Sragen,3314,KABUPATEN SRAGEN,33,JAWA TENGAH
331411,Sidoharjo,3314,KABUPATEN SRAGEN,33,JAWA TENGAH
331412,Tanon,3314,KABUPATEN SRAGEN,33,JAWA TENGAH
331413,Gemolong,3314,KABUPATEN SRAGEN,33,JAWA TENGAH
331414,Miri,3314,KABUPATEN SRAGEN,33,JAWA TENGAH
331415,Sumberlawang,3314,KABUPATEN SRAGEN,33,JAWA TENGAH
331416,Mondokan,3314,KABUPATEN SRAGEN,33,JAWA TENGAH
331417,Sukodono,3314,KABUPATEN SRAGEN,33,JAWA TENGAH
331418,Gesi,3314,KABUPATEN SRAGEN,33,JAWA TENGAH
331419,Tangen,3314,KABUPATEN SRAGEN,33,JAWA TENGAH
331420,Jenar,3314,KABUPATEN SRAGEN,33,JAWA TENGAH
331501,Kedungjati,3315,KABUPATEN GROBOGAN,33,JAWA TENGAH
331502,Karangrayung,3315,KABUPATEN GROBOGAN,33,JAWA TENGAH
331503,Penawangan,3315,KABUPATEN GROBOGAN,33,JAWA TENGAH
331504,Toroh,3315,KABUPATEN GROBOGAN,33,JAWA TENGAH
331505,Geyer,3315,KABUPATEN GROBOGAN,33,JAWA TENGAH
331506,Pulokulon,3315,KABUPATEN GROBOGAN,33,JAWA TENGAH
331507,Kradenan,3315,KABUPATEN GROBOGAN,33,JAWA TENGAH
331508,Gabus,3315,KABUPATEN GROBOGAN,33,JAWA TENGAH
331509,Ngaringan,3315,KABUPATEN GROBOGAN,33,JAWA TENGAH
331510,Wirosari,3315,KABUPATEN GROBOGAN,33,JAWA TENGAH
331511,Tawangharjo,3315,KABUPATEN GROBOGAN,33,JAWA TENGAH
331512,Grobogan,3315,KABUPATEN GROBOGAN,33,JAWA TENGAH
331513,Purwodadi,3315,KABUPATEN GROBOGAN,33,JAWA TENGAH
331514,Brati,3315,KABUPATEN GROBOGAN,33,JAWA TENGAH
331515,Klambu,3315,KABUPATEN GROBOGAN,33,JAWA TENGAH
331516,Godong,3315,KABUPATEN GROBOGAN,33,JAWA TENGAH
331517,Gubug,3315,KABUPATEN GROBOGAN,33,JAWA TENGAH
331518,Tegowanu,3315,KABUPATEN GROBOGAN,33,JAWA TENGAH
331519,Tanggungharjo,3315,KABUPATEN GROBOGAN,33,JAWA TENGAH
331601,Jati,3316,KABUPATEN BLORA,33,JAWA TENGAH
331602,Randublatung,3316,KABUPATEN BLORA,33,JAWA TENGAH
331603,Kradenan,3316,KABUPATEN BLORA,33,JAWA TENGAH
331604,Kedungtuban,3316,KABUPATEN BLORA,33,JAWA TENGAH
331605,Cepu,3316,KABUPATEN BLORA,33,JAWA TENGAH
331606,Sambong,3316,KABUPATEN BLORA,33,JAWA TENGAH
331607,Jiken,3316,KABUPATEN BLORA,33,JAWA TENGAH
331608,Jepon,3316,KABUPATEN BLORA,33,JAWA TENGAH
331609,Blora,3316,KABUPATEN BLORA,33,JAWA TENGAH
331610,Tunjungan,3316,KABUPATEN BLORA,33,JAWA TENGAH
331611,Banjarejo,3316,KABUPATEN BLORA,33,JAWA TENGAH
331612,Ngawen,3316,KABUPATEN BLORA,33,JAWA TENGAH
331613,Kunduran,3316,KABUPATEN BLORA,33,JAWA TENGAH
331614,Todanan,3316,KABUPATEN BLORA,33,JAWA TENGAH
331615,Bogorejo,3316,KABUPATEN BLORA,33,JAWA TENGAH
331616,Japah,3316,KABUPATEN BLORA,33,JAWA TENGAH
331701,Sumber,3317,KABUPATEN REMBANG,33,JAWA TENGAH
331702,Bulu,3317,KABUPATEN REMBANG,33,JAWA TENGAH
331703,Gunem,3317,KABUPATEN REMBANG,33,JAWA TENGAH
331704,Sale,3317,KABUPATEN REMBANG,33,JAWA TENGAH
331705,Sarang,3317,KABUPATEN REMBANG,33,JAWA TENGAH
331706,Sedan,3317,KABUPATEN REMBANG,33,JAWA TENGAH
331707,Pamotan,3317,KABUPATEN REMBANG,33,JAWA TENGAH
331708,Sulang,3317,KABUPATEN REMBANG,33,JAWA TENGAH
331709,Kaliori,3317,KABUPATEN REMBANG,33,JAWA TENGAH
331710,Rembang,3317,KABUPATEN REMBANG,33,JAWA TENGAH
331711,Pancur,3317,KABUPATEN REMBANG,33,JAWA TENGAH
331712,Kragan,3317,KABUPATEN REMBANG,33,JAWA TENGAH
331713,Sluke,3317,KABUPATEN REMBANG,33,JAWA TENGAH
331714,Lasem,3317,KABUPATEN REMBANG,33,JAWA TENGAH
331801,Sukolilo,3318,KABUPATEN PATI,33,JAWA TENGAH
331802,Kayen,3318,KABUPATEN PATI,33,JAWA TENGAH
331803,Tambakromo,3318,KABUPATEN PATI,33,JAWA TENGAH
331804,Winong,3318,KABUPATEN PATI,33,JAWA TENGAH
331805,Pucakwangi,3318,KABUPATEN PATI,33,JAWA TENGAH
331806,Jaken,3318,KABUPATEN PATI,33,JAWA TENGAH
331807,Batangan,3318,KABUPATEN PATI,33,JAWA TENGAH
331808,Juwana,3318,KABUPATEN PATI,33,JAWA TENGAH
331809,Jakenan,3318,KABUPATEN PATI,33,JAWA TENGAH
331810,Pati,3318,KABUPATEN PATI,33,JAWA TENGAH
331811,Gabus,3318,KABUPATEN PATI,33,JAWA TENGAH
331812,Margorejo,3318,KABUPATEN PATI,33,JAWA TENGAH
331813,Gembong,3318,KABUPATEN PATI,33,JAWA TENGAH
331814,Tlogowungu,3318,KABUPATEN PATI,33,JAWA TENGAH
331815,Wedarijaksa,3318,KABUPATEN PATI,33,JAWA TENGAH
331816,Margoyoso,3318,KABUPATEN PATI,33,JAWA TENGAH
331817,Gunungwungkal,3318,KABUPATEN PATI,33,JAWA TENGAH
331818,Cluwak,3318,KABUPATEN PATI,33,JAWA TENGAH
331819,Tayu,3318,KABUPATEN PATI,33,JAWA TENGAH
331820,Dukuhseti,3318,KABUPATEN PATI,33,JAWA TENGAH
331821,Trangkil,3318,KABUPATEN PATI,33,JAWA TENGAH
331901,Kaliwungu,3319,KABUPATEN KUDUS,33,JAWA TENGAH
331902,Kota Kudus,3319,KABUPATEN KUDUS,33,JAWA TENGAH
331903,Jati,3319,KABUPATEN KUDUS,33,JAWA TENGAH
331904,Undaan,3319,KABUPATEN KUDUS,33,JAWA TENGAH
331905,Mejobo,3319,KABUPATEN KUDUS,33,JAWA TENGAH
331906,Jekulo,3319,KABUPATEN KUDUS,33,JAWA TENGAH
331907,Bae,3319,KABUPATEN KUDUS,33,JAWA TENGAH
331908,Gebog,3319,KABUPATEN KUDUS,33,JAWA TENGAH
331909,Dawe,3319,KABUPATEN KUDUS,33,JAWA TENGAH
332001,Kedung,3320,KABUPATEN JEPARA,33,JAWA TENGAH
332002,Pecangaan,3320,KABUPATEN JEPARA,33,JAWA TENGAH
332003,Welahan,3320,KABUPATEN JEPARA,33,JAWA TENGAH
332004,Mayong,3320,KABUPATEN JEPARA,33,JAWA TENGAH
332005,Batealit,3320,KABUPATEN JEPARA,33,JAWA TENGAH
332006,Jepara,3320,KABUPATEN JEPARA,33,JAWA TENGAH
332007,Mlonggo,3320,KABUPATEN JEPARA,33,JAWA TENGAH
332008,Bangsri,3320,KABUPATEN JEPARA,33,JAWA TENGAH
332009,Keling,3320,KABUPATEN JEPARA,33,JAWA TENGAH
332010,Karimun Jawa,3320,KABUPATEN JEPARA,33,JAWA TENGAH
332011,Tahunan,3320,KABUPATEN JEPARA,33,JAWA TENGAH
332012,Nalumsari,3320,KABUPATEN JEPARA,33,JAWA TENGAH
332013,Kalinyamatan,3320,KABUPATEN JEPARA,33,JAWA TENGAH
332014,Kembang,3320,KABUPATEN JEPARA,33,JAWA TENGAH
332015,Pakis Aji,3320,KABUPATEN JEPARA,33,JAWA TENGAH
332016,Donorojo,3320,KABUPATEN JEPARA,33,JAWA TENGAH
332101,Mranggen,3321,KABUPATEN DEMAK,33,JAWA TENGAH
332102,Karangawen,3321,KABUPATEN DEMAK,33,JAWA TENGAH
332103,Guntur,3321,KABUPATEN DEMAK,33,JAWA TENGAH
332104,Sayung,3321,KABUPATEN DEMAK,33,JAWA TENGAH
332105,Karangtengah,3321,KABUPATEN DEMAK,33,JAWA TENGAH
332106,Wonosalam,3321,KABUPATEN DEMAK,33,JAWA TENGAH
332107,Dempet,3321,KABUPATEN DEMAK,33,JAWA TENGAH
332108,Gajah,3321,KABUPATEN DEMAK,33,JAWA TENGAH
332109,Karanganyar,3321,KABUPATEN DEMAK,33,JAWA TENGAH
332110,Mijen,3321,KABUPATEN DEMAK,33,JAWA TENGAH
332111,Demak,3321,KABUPATEN DEMAK,33,JAWA TENGAH
332112,Bonang,3321,KABUPATEN DEMAK,33,JAWA TENGAH
332113,Wedung,3321,KABUPATEN DEMAK,33,JAWA TENGAH
332114,Kebonagung,3321,KABUPATEN DEMAK,33,JAWA TENGAH
332201,Getasan,3322,KABUPATEN SEMARANG,33,JAWA TENGAH
332202,Tengaran,3322,KABUPATEN SEMARANG,33,JAWA TENGAH
332203,Susukan,3322,KABUPATEN SEMARANG,33,JAWA TENGAH
332204,Suruh,3322,KABUPATEN SEMARANG,33,JAWA TENGAH
332205,Pabelan,3322,KABUPATEN SEMARANG,33,JAWA TENGAH
332206,Tuntang,3322,KABUPATEN SEMARANG,33,JAWA TENGAH
332207,Banyubiru,3322,KABUPATEN SEMARANG,33,JAWA TENGAH
332208,Jambu,3322,KABUPATEN SEMARANG,33,JAWA TENGAH
332209,Sumowono,3322,KABUPATEN SEMARANG,33,JAWA TENGAH
332210,Ambarawa,3322,KABUPATEN SEMARANG,33,JAWA TENGAH
332211,Bawen,3322,KABUPATEN SEMARANG,33,JAWA TENGAH
332212,Bringin,3322,KABUPATEN SEMARANG,33,JAWA TENGAH
332213,Bergas,3322,KABUPATEN SEMARANG,33,JAWA TENGAH
332215,Pringapus,3322,KABUPATEN SEMARANG,33,JAWA TENGAH
332216,Bancak,3322,KABUPATEN SEMARANG,33,JAWA TENGAH
332217,Kaliwungu,3322,KABUPATEN SEMARANG,33,JAWA TENGAH
332218,Ungaran Barat,3322,KABUPATEN SEMARANG,33,JAWA TENGAH
332219,Ungaran Timur,3322,KABUPATEN SEMARANG,33,JAWA TENGAH
332220,Bandungan,3322,KABUPATEN SEMARANG,33,JAWA TENGAH
332301,Bulu,3323,KABUPATEN TEMANGGUNG,33,JAWA TENGAH
332302,Tembarak,3323,KABUPATEN TEMANGGUNG,33,JAWA TENGAH
332303,Temanggung,3323,KABUPATEN TEMANGGUNG,33,JAWA TENGAH
332304,Pringsurat,3323,KABUPATEN TEMANGGUNG,33,JAWA TENGAH
332305,Kaloran,3323,KABUPATEN TEMANGGUNG,33,JAWA TENGAH
332306,Kandangan,3323,KABUPATEN TEMANGGUNG,33,JAWA TENGAH
332307,Kedu,3323,KABUPATEN TEMANGGUNG,33,JAWA TENGAH
332308,Parakan,3323,KABUPATEN TEMANGGUNG,33,JAWA TENGAH
332309,Ngadirejo,3323,KABUPATEN TEMANGGUNG,33,JAWA TENGAH
332310,Jumo,3323,KABUPATEN TEMANGGUNG,33,JAWA TENGAH
332311,Tretep,3323,KABUPATEN TEMANGGUNG,33,JAWA TENGAH
332312,Candiroto,3323,KABUPATEN TEMANGGUNG,33,JAWA TENGAH
332313,Kranggan,3323,KABUPATEN TEMANGGUNG,33,JAWA TENGAH
332314,Tlogomulyo,3323,KABUPATEN TEMANGGUNG,33,JAWA TENGAH
332315,Selopampang,3323,KABUPATEN TEMANGGUNG,33,JAWA TENGAH
332316,Bansari,3323,KABUPATEN TEMANGGUNG,33,JAWA TENGAH
332317,Kledung,3323,KABUPATEN TEMANGGUNG,33,JAWA TENGAH
332318,Bejen,3323,KABUPATEN TEMANGGUNG,33,JAWA TENGAH
332319,Wonoboyo,3323,KABUPATEN TEMANGGUNG,33,JAWA TENGAH
332320,Gemawang,3323,KABUPATEN TEMANGGUNG,33,JAWA TENGAH
332401,Plantungan,3324,KABUPATEN KENDAL,33,JAWA TENGAH
332402,Pageruyung,3324,KABUPATEN KENDAL,33,JAWA TENGAH
332403,Sukorejo,3324,KABUPATEN KENDAL,33,JAWA TENGAH
332404,Patean,3324,KABUPATEN KENDAL,33,JAWA TENGAH
332405,Singorojo,3324,KABUPATEN KENDAL,33,JAWA TENGAH
332406,Limbangan,3324,KABUPATEN KENDAL,33,JAWA TENGAH
332407,Boja,3324,KABUPATEN KENDAL,33,JAWA TENGAH
332408,Kaliwungu,3324,KABUPATEN KENDAL,33,JAWA TENGAH
332409,Brangsong,3324,KABUPATEN KENDAL,33,JAWA TENGAH
332410,Pegandon,3324,KABUPATEN KENDAL,33,JAWA TENGAH
332411,Gemuh,3324,KABUPATEN KENDAL,33,JAWA TENGAH
332412,Weleri,3324,KABUPATEN KENDAL,33,JAWA TENGAH
332413,Cepiring,3324,KABUPATEN KENDAL,33,JAWA TENGAH
332414,Patebon,3324,KABUPATEN KENDAL,33,JAWA TENGAH
332415,Kendal,3324,KABUPATEN KENDAL,33,JAWA TENGAH
332416,Rowosari,3324,KABUPATEN KENDAL,33,JAWA TENGAH
332417,Kangkung,3324,KABUPATEN KENDAL,33,JAWA TENGAH
332418,Ringinarum,3324,KABUPATEN KENDAL,33,JAWA TENGAH
332419,Ngampel,3324,KABUPATEN KENDAL,33,JAWA TENGAH
332420,Kaliwungu Selatan,3324,KABUPATEN KENDAL,33,JAWA TENGAH
332501,Wonotunggal,3325,KABUPATEN BATANG,33,JAWA TENGAH
332502,Bandar,3325,KABUPATEN BATANG,33,JAWA TENGAH
332503,Blado,3325,KABUPATEN BATANG,33,JAWA TENGAH
332504,Reban,3325,KABUPATEN BATANG,33,JAWA TENGAH
332505,Bawang,3325,KABUPATEN BATANG,33,JAWA TENGAH
332506,Tersono,3325,KABUPATEN BATANG,33,JAWA TENGAH
332507,Gringsing,3325,KABUPATEN BATANG,33,JAWA TENGAH
332508,Limpung,3325,KABUPATEN BATANG,33,JAWA TENGAH
332509,Subah,3325,KABUPATEN BATANG,33,JAWA TENGAH
332510,Tulis,3325,KABUPATEN BATANG,33,JAWA TENGAH
332511,Batang,3325,KABUPATEN BATANG,33,JAWA TENGAH
332512,Warungasem,3325,KABUPATEN BATANG,33,JAWA TENGAH
332513,Kandeman,3325,KABUPATEN BATANG,33,JAWA TENGAH
332514,Pecalungan,3325,KABUPATEN BATANG,33,JAWA TENGAH
332515,Banyuputih,3325,KABUPATEN BATANG,33,JAWA TENGAH
332601,Kandangserang,3326,KABUPATEN PEKALONGAN,33,JAWA TENGAH
332602,Paninggaran,3326,KABUPATEN PEKALONGAN,33,JAWA TENGAH
332603,Lebakbarang,3326,KABUPATEN PEKALONGAN,33,JAWA TENGAH
332604,Petungkriyono,3326,KABUPATEN PEKALONGAN,33,JAWA TENGAH
332605,Talun,3326,KABUPATEN PEKALONGAN,33,JAWA TENGAH
332606,Doro,3326,KABUPATEN PEKALONGAN,33,JAWA TENGAH
332607,Karanganyar,3326,KABUPATEN PEKALONGAN,33,JAWA TENGAH
332608,Kajen,3326,KABUPATEN PEKALONGAN,33,JAWA TENGAH
332609,Kesesi,3326,KABUPATEN PEKALONGAN,33,JAWA TENGAH
332610,Sragi,3326,KABUPATEN PEKALONGAN,33,JAWA TENGAH
332611,Bojong,3326,KABUPATEN PEKALONGAN,33,JAWA TENGAH
332612,Wonopringgo,3326,KABUPATEN PEKALONGAN,33,JAWA TENGAH
332613,Kedungwuni,3326,KABUPATEN PEKALONGAN,33,JAWA TENGAH
332614,Buaran,3326,KABUPATEN PEKALONGAN,33,JAWA TENGAH
332615,Tirto,3326,KABUPATEN PEKALONGAN,33,JAWA TENGAH
332616,Wiradesa,3326,KABUPATEN PEKALONGAN,33,JAWA TENGAH
332617,Siwalan,3326,KABUPATEN PEKALONGAN,33,JAWA TENGAH
332618,Karangdadap,3326,KABUPATEN PEKALONGAN,33,JAWA TENGAH
332619,Wonokerto,3326,KABUPATEN PEKALONGAN,33,JAWA TENGAH
332701,Moga,3327,KABUPATEN PEMALANG,33,JAWA TENGAH
332702,Pulosari,3327,KABUPATEN PEMALANG,33,JAWA TENGAH
332703,Belik,3327,KABUPATEN PEMALANG,33,JAWA TENGAH
332704,Watukumpul,3327,KABUPATEN PEMALANG,33,JAWA TENGAH
332705,Bodeh,3327,KABUPATEN PEMALANG,33,JAWA TENGAH
332706,Bantarbolang,3327,KABUPATEN PEMALANG,33,JAWA TENGAH
332707,Randudongkal,3327,KABUPATEN PEMALANG,33,JAWA TENGAH
332708,Pemalang,3327,KABUPATEN PEMALANG,33,JAWA TENGAH
332709,Taman,3327,KABUPATEN PEMALANG,33,JAWA TENGAH
332710,Petarukan,3327,KABUPATEN PEMALANG,33,JAWA TENGAH
332711,Ampelgading,3327,KABUPATEN PEMALANG,33,JAWA TENGAH
332712,Comal,3327,KABUPATEN PEMALANG,33,JAWA TENGAH
332713,Ulujami,3327,KABUPATEN PEMALANG,33,JAWA TENGAH
332714,Warungpring,3327,KABUPATEN PEMALANG,33,JAWA TENGAH
332801,Margasari,3328,KABUPATEN TEGAL,33,JAWA TENGAH
332802,Bumijawa,3328,KABUPATEN TEGAL,33,JAWA TENGAH
332803,Bojong,3328,KABUPATEN TEGAL,33,JAWA TENGAH
332804,Balapulang,3328,KABUPATEN TEGAL,33,JAWA TENGAH
332805,Pagerbarang,3328,KABUPATEN TEGAL,33,JAWA TENGAH
332806,Lebaksiu,3328,KABUPATEN TEGAL,33,JAWA TENGAH
332807,Jatinegara,3328,KABUPATEN TEGAL,33,JAWA TENGAH
332808,Kedungbanteng,3328,KABUPATEN TEGAL,33,JAWA TENGAH
332809,Pangkah,3328,KABUPATEN TEGAL,33,JAWA TENGAH
332810,Slawi,3328,KABUPATEN TEGAL,33,JAWA TENGAH
332811,Adiwerna,3328,KABUPATEN TEGAL,33,JAWA TENGAH
332812,Talang,3328,KABUPATEN TEGAL,33,JAWA TENGAH
332813,Dukuhturi,3328,KABUPATEN TEGAL,33,JAWA TENGAH
332814,Tarub,3328,KABUPATEN TEGAL,33,JAWA TENGAH
332815,Kramat,3328,KABUPATEN TEGAL,33,JAWA TENGAH
332816,Suradadi,3328,KABUPATEN TEGAL,33,JAWA TENGAH
332817,Warureja,3328,KABUPATEN TEGAL,33,JAWA TENGAH
332818,Dukuhwaru,3328,KABUPATEN TEGAL,33,JAWA TENGAH
332901,Salem,3329,KABUPATEN BREBES,33,JAWA TENGAH
332902,Bantarkawung,3329,KABUPATEN BREBES,33,JAWA TENGAH
332903,Bumiayu,3329,KABUPATEN BREBES,33,JAWA TENGAH
332904,Paguyangan,3329,KABUPATEN BREBES,33,JAWA TENGAH
332905,Sirampog,3329,KABUPATEN BREBES,33,JAWA TENGAH
332906,Tonjong,3329,KABUPATEN BREBES,33,JAWA TENGAH
332907,Jatibarang,3329,KABUPATEN BREBES,33,JAWA TENGAH
332908,Wanasari,3329,KABUPATEN BREBES,33,JAWA TENGAH
332909,Brebes,3329,KABUPATEN BREBES,33,JAWA TENGAH
332910,Songgom,3329,KABUPATEN BREBES,33,JAWA TENGAH
332911,Kersana,3329,KABUPATEN BREBES,33,JAWA TENGAH
332912,Losari,3329,KABUPATEN BREBES,33,JAWA TENGAH
332913,Tanjung,3329,KABUPATEN BREBES,33,JAWA TENGAH
332914,Bulakamba,3329,KABUPATEN BREBES,33,JAWA TENGAH
332915,Larangan,3329,KABUPATEN BREBES,33,JAWA TENGAH
332916,Ketanggungan,3329,KABUPATEN BREBES,33,JAWA TENGAH
332917,Banjarharjo,3329,KABUPATEN BREBES,33,JAWA TENGAH
337101,Magelang Selatan,3371,KOTA MAGELANG,33,JAWA TENGAH
337102,Magelang Utara,3371,KOTA MAGELANG,33,JAWA TENGAH
337103,Magelang Tengah,3371,KOTA MAGELANG,33,JAWA TENGAH
337201,Laweyan,3372,KOTA SURAKARTA,33,JAWA TENGAH
337202,Serengan,3372,KOTA SURAKARTA,33,JAWA TENGAH
337203,Pasar Kliwon,3372,KOTA SURAKARTA,33,JAWA TENGAH
337204,Jebres,3372,KOTA SURAKARTA,33,JAWA TENGAH
337205,Banjarsari,3372,KOTA SURAKARTA,33,JAWA TENGAH
337301,Sidorejo,3373,KOTA SALATIGA,33,JAWA TENGAH
337302,Tingkir,3373,KOTA SALATIGA,33,JAWA TENGAH
337303,Argomulyo,3373,KOTA SALATIGA,33,JAWA TENGAH
337304,Sidomukti,3373,KOTA SALATIGA,33,JAWA TENGAH
337401,Semarang Tengah,3374,KOTA SEMARANG,33,JAWA TENGAH
337402,Semarang Utara,3374,KOTA SEMARANG,33,JAWA TENGAH
337403,Semarang Timur,3374,KOTA SEMARANG,33,JAWA TENGAH
337404,Gayamsari,3374,KOTA SEMARANG,33,JAWA TENGAH
337405,Genuk,3374,KOTA SEMARANG,33,JAWA TENGAH
337406,Pedurungan,3374,KOTA SEMARANG,33,JAWA TENGAH
337407,Semarang Selatan,3374,KOTA SEMARANG,33,JAWA TENGAH
337408,Candisari,3374,KOTA SEMARANG,33,JAWA TENGAH
337409,Gajahmungkur,3374,KOTA SEMARANG,33,JAWA TENGAH
337410,Tembalang,3374,KOTA SEMARANG,33,JAWA TENGAH
337411,Banyumanik,3374,KOTA SEMARANG,33,JAWA TENGAH
337412,Gunungpati,3374,KOTA SEMARANG,33,JAWA TENGAH
337413,Semarang Barat,3374,KOTA SEMARANG,33,JAWA TENGAH
337414,Mijen,3374,KOTA SEMARANG,33,JAWA TENGAH
337415,Ngaliyan,3374,KOTA SEMARANG,33,JAWA TENGAH
337416,Tugu,3374,KOTA SEMARANG,33,JAWA TENGAH
337501,Pekalongan Barat,3375,KOTA PEKALONGAN,33,JAWA TENGAH
337502,Pekalongan Timur,3375,KOTA PEKALONGAN,33,JAWA TENGAH
337503,Pekalongan Utara,3375,KOTA PEKALONGAN,33,JAWA TENGAH
337504,Pekalongan Selatan,3375,KOTA PEKALONGAN,33,JAWA TENGAH
337601,Tegal Barat,3376,KOTA TEGAL,33,JAWA TENGAH
337602,Tegal Timur,3376,KOTA TEGAL,33,JAWA TENGAH
337603,Tegal Selatan,3376,KOTA TEGAL,33,JAWA TENGAH
337604,Margadana,3376,KOTA TEGAL,33,JAWA TENGAH
340101,Temon,3401,KABUPATEN KULON PROGO,34,DAERAH ISTIMEWA YOGYAKARTA
340102,Wates,3401,KABUPATEN KULON PROGO,34,DAERAH ISTIMEWA YOGYAKARTA
340103,Panjatan,3401,KABUPATEN KULON PROGO,34,DAERAH ISTIMEWA YOGYAKARTA
340104,Galur,3401,KABUPATEN KULON PROGO,34,DAERAH ISTIMEWA YOGYAKARTA
340105,Lendah,3401,KABUPATEN KULON PROGO,34,DAERAH ISTIMEWA YOGYAKARTA
340106,Sentolo,3401,KABUPATEN KULON PROGO,34,DAERAH ISTIMEWA YOGYAKARTA
340107,Pengasih,3401,KABUPATEN KULON PROGO,34,DAERAH ISTIMEWA YOGYAKARTA
340108,Kokap,3401,KABUPATEN KULON PROGO,34,DAERAH ISTIMEWA YOGYAKARTA
340109,Girimulyo,3401,KABUPATEN KULON PROGO,34,DAERAH ISTIMEWA YOGYAKARTA
340110,Nanggulan,3401,KABUPATEN KULON PROGO,34,DAERAH ISTIMEWA YOGYAKARTA
340111,Samigaluh,3401,KABUPATEN KULON PROGO,34,DAERAH ISTIMEWA YOGYAKARTA
340112,Kalibawang,3401,KABUPATEN KULON PROGO,34,DAERAH ISTIMEWA YOGYAKARTA
340201,Srandakan,3402,KABUPATEN BANTUL,34,DAERAH ISTIMEWA YOGYAKARTA
340202,Sanden,3402,KABUPATEN BANTUL,34,DAERAH ISTIMEWA YOGYAKARTA
340203,Kretek,3402,KABUPATEN BANTUL,34,DAERAH ISTIMEWA YOGYAKARTA
340204,Pundong,3402,KABUPATEN BANTUL,34,DAERAH ISTIMEWA YOGYAKARTA
340205,Bambanglipuro,3402,KABUPATEN BANTUL,34,DAERAH ISTIMEWA YOGYAKARTA
340206,Pandak,3402,KABUPATEN BANTUL,34,DAERAH ISTIMEWA YOGYAKARTA
340207,Pajangan,3402,KABUPATEN BANTUL,34,DAERAH ISTIMEWA YOGYAKARTA
340208,Bantul,3402,KABUPATEN BANTUL,34,DAERAH ISTIMEWA YOGYAKARTA
340209,Jetis,3402,KABUPATEN BANTUL,34,DAERAH ISTIMEWA YOGYAKARTA
340210,Imogiri,3402,KABUPATEN BANTUL,34,DAERAH ISTIMEWA YOGYAKARTA
340211,Dlingo,3402,KABUPATEN BANTUL,34,DAERAH ISTIMEWA YOGYAKARTA
340212,Banguntapan,3402,KABUPATEN BANTUL,34,DAERAH ISTIMEWA YOGYAKARTA
340213,Pleret,3402,KABUPATEN BANTUL,34,DAERAH ISTIMEWA YOGYAKARTA
340214,Piyungan,3402,KABUPATEN BANTUL,34,DAERAH ISTIMEWA YOGYAKARTA
340215,Sewon,3402,KABUPATEN BANTUL,34,DAERAH ISTIMEWA YOGYAKARTA
340216,Kasihan,3402,KABUPATEN BANTUL,34,DAERAH ISTIMEWA YOGYAKARTA
340217,Sedayu,3402,KABUPATEN BANTUL,34,DAERAH ISTIMEWA YOGYAKARTA
340301,Wonosari,3403,KABUPATEN GUNUNGKIDUL,34,DAERAH ISTIMEWA YOGYAKARTA
340302,Nglipar,3403,KABUPATEN GUNUNGKIDUL,34,DAERAH ISTIMEWA YOGYAKARTA
340303,Playen,3403,KABUPATEN GUNUNGKIDUL,34,DAERAH ISTIMEWA YOGYAKARTA
340304,Patuk,3403,KABUPATEN GUNUNGKIDUL,34,DAERAH ISTIMEWA YOGYAKARTA
340305,Paliyan,3403,KABUPATEN GUNUNGKIDUL,34,DAERAH ISTIMEWA YOGYAKARTA
340306,Panggang,3403,KABUPATEN GUNUNGKIDUL,34,DAERAH ISTIMEWA YOGYAKARTA
340307,Tepus,3403,KABUPATEN GUNUNGKIDUL,34,DAERAH ISTIMEWA YOGYAKARTA
340308,Semanu,3403,KABUPATEN GUNUNGKIDUL,34,DAERAH ISTIMEWA YOGYAKARTA
340309,Karangmojo,3403,KABUPATEN GUNUNGKIDUL,34,DAERAH ISTIMEWA YOGYAKARTA
340310,Ponjong,3403,KABUPATEN GUNUNGKIDUL,34,DAERAH ISTIMEWA YOGYAKARTA
340311,Rongkop,3403,KABUPATEN GUNUNGKIDUL,34,DAERAH ISTIMEWA YOGYAKARTA
340312,Semin,3403,KABUPATEN GUNUNGKIDUL,34,DAERAH ISTIMEWA YOGYAKARTA
340313,Ngawen,3403,KABUPATEN GUNUNGKIDUL,34,DAERAH ISTIMEWA YOGYAKARTA
340314,Gedangsari,3403,KABUPATEN GUNUNGKIDUL,34,DAERAH ISTIMEWA YOGYAKARTA
340315,Saptosari,3403,KABUPATEN GUNUNGKIDUL,34,DAERAH ISTIMEWA YOGYAKARTA
340316,Girisubo,3403,KABUPATEN GUNUNGKIDUL,34,DAERAH ISTIMEWA YOGYAKARTA
340317,Tanjungsari,3403,KABUPATEN GUNUNGKIDUL,34,DAERAH ISTIMEWA YOGYAKARTA
340318,Purwosari,3403,KABUPATEN GUNUNGKIDUL,34,DAERAH ISTIMEWA YOGYAKARTA
340401,Gamping,3404,KABUPATEN SLEMAN,34,DAERAH ISTIMEWA YOGYAKARTA
340402,Godean,3404,KABUPATEN SLEMAN,34,DAERAH ISTIMEWA YOGYAKARTA
340403,Moyudan,3404,KABUPATEN SLEMAN,34,DAERAH ISTIMEWA YOGYAKARTA
340404,Minggir,3404,KABUPATEN SLEMAN,34,DAERAH ISTIMEWA YOGYAKARTA
340405,Seyegan,3404,KABUPATEN SLEMAN,34,DAERAH ISTIMEWA YOGYAKARTA
340406,Mlati,3404,KABUPATEN SLEMAN,34,DAERAH ISTIMEWA YOGYAKARTA
340407,Depok,3404,KABUPATEN SLEMAN,34,DAERAH ISTIMEWA YOGYAKARTA
340408,Berbah,3404,KABUPATEN SLEMAN,34,DAERAH ISTIMEWA YOGYAKARTA
340409,Prambanan,3404,KABUPATEN SLEMAN,34,DAERAH ISTIMEWA YOGYAKARTA
340410,Kalasan,3404,KABUPATEN SLEMAN,34,DAERAH ISTIMEWA YOGYAKARTA
340411,Ngemplak,3404,KABUPATEN SLEMAN,34,DAERAH ISTIMEWA YOGYAKARTA
340412,Ngaglik,3404,KABUPATEN SLEMAN,34,DAERAH ISTIMEWA YOGYAKARTA
340413,Sleman,3404,KABUPATEN SLEMAN,34,DAERAH ISTIMEWA YOGYAKARTA
340414,Tempel,3404,KABUPATEN SLEMAN,34,DAERAH ISTIMEWA YOGYAKARTA
340415,Turi,3404,KABUPATEN SLEMAN,34,DAERAH ISTIMEWA YOGYAKARTA
340416,Pakem,3404,KABUPATEN SLEMAN,34,DAERAH ISTIMEWA YOGYAKARTA
340417,Cangkringan,3404,KABUPATEN SLEMAN,34,DAERAH ISTIMEWA YOGYAKARTA
347101,Tegalrejo,3471,KOTA YOGYAKARTA,34,DAERAH ISTIMEWA YOGYAKARTA
347102,Jetis,3471,KOTA YOGYAKARTA,34,DAERAH ISTIMEWA YOGYAKARTA
347103,Gondokusuman,3471,KOTA YOGYAKARTA,34,DAERAH ISTIMEWA YOGYAKARTA
347104,Danurejan,3471,KOTA YOGYAKARTA,34,DAERAH ISTIMEWA YOGYAKARTA
347105,Gedongtengen,3471,KOTA YOGYAKARTA,34,DAERAH ISTIMEWA YOGYAKARTA
347106,Ngampilan,3471,KOTA YOGYAKARTA,34,DAERAH ISTIMEWA YOGYAKARTA
347107,Wirobrajan,3471,KOTA YOGYAKARTA,34,DAERAH ISTIMEWA YOGYAKARTA
347108,Mantrijeron,3471,KOTA YOGYAKARTA,34,DAERAH ISTIMEWA YOGYAKARTA
347109,Kraton,3471,KOTA YOGYAKARTA,34,DAERAH ISTIMEWA YOGYAKARTA
347110,Gondomanan,3471,KOTA YOGYAKARTA,34,DAERAH ISTIMEWA YOGYAKARTA
347111,Pakualaman,3471,KOTA YOGYAKARTA,34,DAERAH ISTIMEWA YOGYAKARTA
347112,Mergangsan,3471,KOTA YOGYAKARTA,34,DAERAH ISTIMEWA YOGYAKARTA
347113,Umbulharjo,3471,KOTA YOGYAKARTA,34,DAERAH ISTIMEWA YOGYAKARTA
347114,Kotagede,3471,KOTA YOGYAKARTA,34,DAERAH ISTIMEWA YOGYAKARTA
350101,Donorojo,3501,KABUPATEN PACITAN,35,JAWA TIMUR
350102,Pringkuku,3501,KABUPATEN PACITAN,35,JAWA TIMUR
350103,Punung,3501,KABUPATEN PACITAN,35,JAWA TIMUR
350104,Pacitan,3501,KABUPATEN PACITAN,35,JAWA TIMUR
350105,Kebonagung,3501,KABUPATEN PACITAN,35,JAWA TIMUR
350106,Arjosari,3501,KABUPATEN PACITAN,35,JAWA TIMUR
350107,Nawangan,3501,KABUPATEN PACITAN,35,JAWA TIMUR
350108,Bandar,3501,KABUPATEN PACITAN,35,JAWA TIMUR
350109,Tegalombo,3501,KABUPATEN PACITAN,35,JAWA TIMUR
350110,Tulakan,3501,KABUPATEN PACITAN,35,JAWA TIMUR
350111,Ngadirojo,3501,KABUPATEN PACITAN,35,JAWA TIMUR
350112,Sudimoro,3501,KABUPATEN PACITAN,35,JAWA TIMUR
350201,Slahung,3502,KABUPATEN PONOROGO,35,JAWA TIMUR
350202,Ngrayun,3502,KABUPATEN PONOROGO,35,JAWA TIMUR
350203,Bungkal,3502,KABUPATEN PONOROGO,35,JAWA TIMUR
350204,Sambit,3502,KABUPATEN PONOROGO,35,JAWA TIMUR
350205,Sawoo,3502,KABUPATEN PONOROGO,35,JAWA TIMUR
350206,Sooko,3502,KABUPATEN PONOROGO,35,JAWA TIMUR
350207,Pulung,3502,KABUPATEN PONOROGO,35,JAWA TIMUR
350208,Mlarak,3502,KABUPATEN PONOROGO,35,JAWA TIMUR
350209,Jetis,3502,KABUPATEN PONOROGO,35,JAWA TIMUR
350210,Siman,3502,KABUPATEN PONOROGO,35,JAWA TIMUR
350211,Balong,3502,KABUPATEN PONOROGO,35,JAWA TIMUR
350212,Kauman,3502,KABUPATEN PONOROGO,35,JAWA TIMUR
350213,Badegan,3502,KABUPATEN PONOROGO,35,JAWA TIMUR
350214,Sampung,3502,KABUPATEN PONOROGO,35,JAWA TIMUR
350215,Sukorejo,3502,KABUPATEN PONOROGO,35,JAWA TIMUR
350216,Babadan,3502,KABUPATEN PONOROGO,35,JAWA TIMUR
350217,Ponorogo,3502,KABUPATEN PONOROGO,35,JAWA TIMUR
350218,Jenangan,3502,KABUPATEN PONOROGO,35,JAWA TIMUR
350219,Ngebel,3502,KABUPATEN PONOROGO,35,JAWA TIMUR
350220,Jambon,3502,KABUPATEN PONOROGO,35,JAWA TIMUR
350221,Pudak,3502,KABUPATEN PONOROGO,35,JAWA TIMUR
350301,Panggul,3503,KABUPATEN TRENGGALEK,35,JAWA TIMUR
350302,Munjungan,3503,KABUPATEN TRENGGALEK,35,JAWA TIMUR
350303,Pule,3503,KABUPATEN TRENGGALEK,35,JAWA TIMUR
350304,Dongko,3503,KABUPATEN TRENGGALEK,35,JAWA TIMUR
350305,Tugu,3503,KABUPATEN TRENGGALEK,35,JAWA TIMUR
350306,Karangan,3503,KABUPATEN TRENGGALEK,35,JAWA TIMUR
350307,Kampak,3503,KABUPATEN TRENGGALEK,35,JAWA TIMUR
350308,Watulimo,3503,KABUPATEN TRENGGALEK,35,JAWA TIMUR
350309,Bendungan,3503,KABUPATEN TRENGGALEK,35,JAWA TIMUR
350310,Gandusari,3503,KABUPATEN TRENGGALEK,35,JAWA TIMUR
350311,Trenggalek,3503,KABUPATEN TRENGGALEK,35,JAWA TIMUR
350312,Pogalan,3503,KABUPATEN TRENGGALEK,35,JAWA TIMUR
350313,Durenan,3503,KABUPATEN TRENGGALEK,35,JAWA TIMUR
350314,Suruh,3503,KABUPATEN TRENGGALEK,35,JAWA TIMUR
350401,Tulungagung,3504,KABUPATEN TULUNGAGUNG,35,JAWA TIMUR
350402,Boyolangu,3504,KABUPATEN TULUNGAGUNG,35,JAWA TIMUR
350403,Kedungwaru,3504,KABUPATEN TULUNGAGUNG,35,JAWA TIMUR
350404,Ngantru,3504,KABUPATEN TULUNGAGUNG,35,JAWA TIMUR
350405,Kauman,3504,KABUPATEN TULUNGAGUNG,35,JAWA TIMUR
350406,Pagerwojo,3504,KABUPATEN TULUNGAGUNG,35,JAWA TIMUR
350407,Sendang,3504,KABUPATEN TULUNGAGUNG,35,JAWA TIMUR
350408,Karangrejo,3504,KABUPATEN TULUNGAGUNG,35,JAWA TIMUR
350409,Gondang,3504,KABUPATEN TULUNGAGUNG,35,JAWA TIMUR
350410,Sumbergempol,3504,KABUPATEN TULUNGAGUNG,35,JAWA TIMUR
350411,Ngunut,3504,KABUPATEN TULUNGAGUNG,35,JAWA TIMUR
350412,Pucanglaban,3504,KABUPATEN TULUNGAGUNG,35,JAWA TIMUR
350413,Rejotangan,3504,KABUPATEN TULUNGAGUNG,35,JAWA TIMUR
350414,Kalidawir,3504,KABUPATEN TULUNGAGUNG,35,JAWA TIMUR
350415,Besuki,3504,KABUPATEN TULUNGAGUNG,35,JAWA TIMUR
350416,Campurdarat,3504,KABUPATEN TULUNGAGUNG,35,JAWA TIMUR
350417,Bandung,3504,KABUPATEN TULUNGAGUNG,35,JAWA TIMUR
350418,Pakel,3504,KABUPATEN TULUNGAGUNG,35,JAWA TIMUR
350419,Tanggunggunung,3504,KABUPATEN TULUNGAGUNG,35,JAWA TIMUR
350501,Wonodadi,3505,KABUPATEN BLITAR,35,JAWA TIMUR
350502,Udanawu,3505,KABUPATEN BLITAR,35,JAWA TIMUR
350503,Srengat,3505,KABUPATEN BLITAR,35,JAWA TIMUR
350504,Kademangan,3505,KABUPATEN BLITAR,35,JAWA TIMUR
350505,Bakung,3505,KABUPATEN BLITAR,35,JAWA TIMUR
350506,Ponggok,3505,KABUPATEN BLITAR,35,JAWA TIMUR
350507,Sanankulon,3505,KABUPATEN BLITAR,35,JAWA TIMUR
350508,Wonotirto,3505,KABUPATEN BLITAR,35,JAWA TIMUR
350509,Nglegok,3505,KABUPATEN BLITAR,35,JAWA TIMUR
350510,Kanigoro,3505,KABUPATEN BLITAR,35,JAWA TIMUR
350511,Garum,3505,KABUPATEN BLITAR,35,JAWA TIMUR
350512,Sutojayan,3505,KABUPATEN BLITAR,35,JAWA TIMUR
350513,Panggungrejo,3505,KABUPATEN BLITAR,35,JAWA TIMUR
350514,Talun,3505,KABUPATEN BLITAR,35,JAWA TIMUR
350515,Gandusari,3505,KABUPATEN BLITAR,35,JAWA TIMUR
350516,Binangun,3505,KABUPATEN BLITAR,35,JAWA TIMUR
350517,Wlingi,3505,KABUPATEN BLITAR,35,JAWA TIMUR
350518,Doko,3505,KABUPATEN BLITAR,35,JAWA TIMUR
350519,Kesamben,3505,KABUPATEN BLITAR,35,JAWA TIMUR
350520,Wates,3505,KABUPATEN BLITAR,35,JAWA TIMUR
350521,Selorejo,3505,KABUPATEN BLITAR,35,JAWA TIMUR
350522,Selopuro,3505,KABUPATEN BLITAR,35,JAWA TIMUR
350601,Semen,3506,KABUPATEN KEDIRI,35,JAWA TIMUR
350602,Mojo,3506,KABUPATEN KEDIRI,35,JAWA TIMUR
350603,Kras,3506,KABUPATEN KEDIRI,35,JAWA TIMUR
350604,Ngadiluwih,3506,KABUPATEN KEDIRI,35,JAWA TIMUR
350605,Kandat,3506,KABUPATEN KEDIRI,35,JAWA TIMUR
350606,Wates,3506,KABUPATEN KEDIRI,35,JAWA TIMUR
350607,Ngancar,3506,KABUPATEN KEDIRI,35,JAWA TIMUR
350608,Puncu,3506,KABUPATEN KEDIRI,35,JAWA TIMUR
350609,Plosoklaten,3506,KABUPATEN KEDIRI,35,JAWA TIMUR
350610,Gurah,3506,KABUPATEN KEDIRI,35,JAWA TIMUR
350611,Pagu,3506,KABUPATEN KEDIRI,35,JAWA TIMUR
350612,Gampengrejo,3506,KABUPATEN KEDIRI,35,JAWA TIMUR
350613,Grogol,3506,KABUPATEN KEDIRI,35,JAWA TIMUR
350614,Papar,3506,KABUPATEN KEDIRI,35,JAWA TIMUR
350615,Purwoasri,3506,KABUPATEN KEDIRI,35,JAWA TIMUR
350616,Plemahan,3506,KABUPATEN KEDIRI,35,JAWA TIMUR
350617,Pare,3506,KABUPATEN KEDIRI,35,JAWA TIMUR
350618,Kepung,3506,KABUPATEN KEDIRI,35,JAWA TIMUR
350619,Kandangan,3506,KABUPATEN KEDIRI,35,JAWA TIMUR
350620,Tarokan,3506,KABUPATEN KEDIRI,35,JAWA TIMUR
350621,Kunjang,3506,KABUPATEN KEDIRI,35,JAWA TIMUR
350622,Banyakan,3506,KABUPATEN KEDIRI,35,JAWA TIMUR
350623,Ringinrejo,3506,KABUPATEN KEDIRI,35,JAWA TIMUR
350624,Kayen Kidul,3506,KABUPATEN KEDIRI,35,JAWA TIMUR
350625,Ngasem,3506,KABUPATEN KEDIRI,35,JAWA TIMUR
350626,Badas,3506,KABUPATEN KEDIRI,35,JAWA TIMUR
350701,Donomulyo,3507,KABUPATEN MALANG,35,JAWA TIMUR
350702,Pagak,3507,KABUPATEN MALANG,35,JAWA TIMUR
350703,Bantur,3507,KABUPATEN MALANG,35,JAWA TIMUR
350704,Sumbermanjing Wetan,3507,KABUPATEN MALANG,35,JAWA TIMUR
350705,Dampit,3507,KABUPATEN MALANG,35,JAWA TIMUR
350706,Ampelgading,3507,KABUPATEN MALANG,35,JAWA TIMUR
350707,Poncokusumo,3507,KABUPATEN MALANG,35,JAWA TIMUR
350708,Wajak,3507,KABUPATEN MALANG,35,JAWA TIMUR
350709,Turen,3507,KABUPATEN MALANG,35,JAWA TIMUR
350710,Gondanglegi,3507,KABUPATEN MALANG,35,JAWA TIMUR
350711,Kalipare,3507,KABUPATEN MALANG,35,JAWA TIMUR
350712,Sumberpucung,3507,KABUPATEN MALANG,35,JAWA TIMUR
350713,Kepanjen,3507,KABUPATEN MALANG,35,JAWA TIMUR
350714,Bululawang,3507,KABUPATEN MALANG,35,JAWA TIMUR
350715,Tajinan,3507,KABUPATEN MALANG,35,JAWA TIMUR
350716,Tumpang,3507,KABUPATEN MALANG,35,JAWA TIMUR
350717,Jabung,3507,KABUPATEN MALANG,35,JAWA TIMUR
350718,Pakis,3507,KABUPATEN MALANG,35,JAWA TIMUR
350719,Pakisaji,3507,KABUPATEN MALANG,35,JAWA TIMUR
350720,Ngajum,3507,KABUPATEN MALANG,35,JAWA TIMUR
350721,Wagir,3507,KABUPATEN MALANG,35,JAWA TIMUR
350722,Dau,3507,KABUPATEN MALANG,35,JAWA TIMUR
350723,Karang Ploso,3507,KABUPATEN MALANG,35,JAWA TIMUR
350724,Singosari,3507,KABUPATEN MALANG,35,JAWA TIMUR
350725,Lawang,3507,KABUPATEN MALANG,35,JAWA TIMUR
350726,Pujon,3507,KABUPATEN MALANG,35,JAWA TIMUR
350727,Ngantang,3507,KABUPATEN MALANG,35,JAWA TIMUR
350728,Kasembon,3507,KABUPATEN MALANG,35,JAWA TIMUR
350729,Gedangan,3507,KABUPATEN MALANG,35,JAWA TIMUR
350730,Tirtoyudo,3507,KABUPATEN MALANG,35,JAWA TIMUR
350731,Kromengan,3507,KABUPATEN MALANG,35,JAWA TIMUR
350732,Wonosari,3507,KABUPATEN MALANG,35,JAWA TIMUR
350733,Pagelaran,3507,KABUPATEN MALANG,35,JAWA TIMUR
350801,Tempursari,3508,KABUPATEN LUMAJANG,35,JAWA TIMUR
350802,Pronojiwo,3508,KABUPATEN LUMAJANG,35,JAWA TIMUR
350803,Candipuro,3508,KABUPATEN LUMAJANG,35,JAWA TIMUR
350804,Pasirian,3508,KABUPATEN LUMAJANG,35,JAWA TIMUR
350805,Tempeh,3508,KABUPATEN LUMAJANG,35,JAWA TIMUR
350806,Kunir,3508,KABUPATEN LUMAJANG,35,JAWA TIMUR
350807,Yosowilangun,3508,KABUPATEN LUMAJANG,35,JAWA TIMUR
350808,Rowokangkung,3508,KABUPATEN LUMAJANG,35,JAWA TIMUR
350809,Tekung,3508,KABUPATEN LUMAJANG,35,JAWA TIMUR
350810,Lumajang,3508,KABUPATEN LUMAJANG,35,JAWA TIMUR
350811,Pasrujambe,3508,KABUPATEN LUMAJANG,35,JAWA TIMUR
350812,Senduro,3508,KABUPATEN LUMAJANG,35,JAWA TIMUR
350813,Gucialit,3508,KABUPATEN LUMAJANG,35,JAWA TIMUR
350814,Padang,3508,KABUPATEN LUMAJANG,35,JAWA TIMUR
350815,Sukodono,3508,KABUPATEN LUMAJANG,35,JAWA TIMUR
350816,Kedungjajang,3508,KABUPATEN LUMAJANG,35,JAWA TIMUR
350817,Jatiroto,3508,KABUPATEN LUMAJANG,35,JAWA TIMUR
350818,Randuagung,3508,KABUPATEN LUMAJANG,35,JAWA TIMUR
350819,Klakah,3508,KABUPATEN LUMAJANG,35,JAWA TIMUR
350820,Ranuyoso,3508,KABUPATEN LUMAJANG,35,JAWA TIMUR
350821,Sumbersuko,3508,KABUPATEN LUMAJANG,35,JAWA TIMUR
350901,Jombang,3509,KABUPATEN JEMBER,35,JAWA TIMUR
350902,Kencong,3509,KABUPATEN JEMBER,35,JAWA TIMUR
350903,Sumberbaru,3509,KABUPATEN JEMBER,35,JAWA TIMUR
350904,Gumukmas,3509,KABUPATEN JEMBER,35,JAWA TIMUR
350905,Umbulsari,3509,KABUPATEN JEMBER,35,JAWA TIMUR
350906,Tanggul,3509,KABUPATEN JEMBER,35,JAWA TIMUR
350907,Semboro,3509,KABUPATEN JEMBER,35,JAWA TIMUR
350908,Puger,3509,KABUPATEN JEMBER,35,JAWA TIMUR
350909,Bangsalsari,3509,KABUPATEN JEMBER,35,JAWA TIMUR
350910,Balung,3509,KABUPATEN JEMBER,35,JAWA TIMUR
350911,Wuluhan,3509,KABUPATEN JEMBER,35,JAWA TIMUR
350912,Ambulu,3509,KABUPATEN JEMBER,35,JAWA TIMUR
350913,Rambipuji,3509,KABUPATEN JEMBER,35,JAWA TIMUR
350914,Panti,3509,KABUPATEN JEMBER,35,JAWA TIMUR
350915,Sukorambi,3509,KABUPATEN JEMBER,35,JAWA TIMUR
350916,Jenggawah,3509,KABUPATEN JEMBER,35,JAWA TIMUR
350917,Ajung,3509,KABUPATEN JEMBER,35,JAWA TIMUR
350918,Tempurejo,3509,KABUPATEN JEMBER,35,JAWA TIMUR
350919,Kaliwates,3509,KABUPATEN JEMBER,35,JAWA TIMUR
350920,Patrang,3509,KABUPATEN JEMBER,35,JAWA TIMUR
350921,Sumbersari,3509,KABUPATEN JEMBER,35,JAWA TIMUR
350922,Arjasa,3509,KABUPATEN JEMBER,35,JAWA TIMUR
350923,Mumbulsari,3509,KABUPATEN JEMBER,35,JAWA TIMUR
350924,Pakusari,3509,KABUPATEN JEMBER,35,JAWA TIMUR
350925,Jelbuk,3509,KABUPATEN JEMBER,35,JAWA TIMUR
350926,Mayang,3509,KABUPATEN JEMBER,35,JAWA TIMUR
350927,Kalisat,3509,KABUPATEN JEMBER,35,JAWA TIMUR
350928,Ledokombo,3509,KABUPATEN JEMBER,35,JAWA TIMUR
350929,Sukowono,3509,KABUPATEN JEMBER,35,JAWA TIMUR
350930,Silo,3509,KABUPATEN JEMBER,35,JAWA TIMUR
350931,Sumberjambe,3509,KABUPATEN JEMBER,35,JAWA TIMUR
351001,Pesanggaran,3510,KABUPATEN BANYUWANGI,35,JAWA TIMUR
351002,Bangorejo,3510,KABUPATEN BANYUWANGI,35,JAWA TIMUR
351003,Purwoharjo,3510,KABUPATEN BANYUWANGI,35,JAWA TIMUR
351004,Tegaldlimo,3510,KABUPATEN BANYUWANGI,35,JAWA TIMUR
351005,Muncar,3510,KABUPATEN BANYUWANGI,35,JAWA TIMUR
351006,Cluring,3510,KABUPATEN BANYUWANGI,35,JAWA TIMUR
351007,Gambiran,3510,KABUPATEN BANYUWANGI,35,JAWA TIMUR
351008,Srono,3510,KABUPATEN BANYUWANGI,35,JAWA TIMUR
351009,Genteng,3510,KABUPATEN BANYUWANGI,35,JAWA TIMUR
351010,Glenmore,3510,KABUPATEN BANYUWANGI,35,JAWA TIMUR
351011,Kalibaru,3510,KABUPATEN BANYUWANGI,35,JAWA TIMUR
351012,Singojuruh,3510,KABUPATEN BANYUWANGI,35,JAWA TIMUR
351013,Rogojampi,3510,KABUPATEN BANYUWANGI,35,JAWA TIMUR
351014,Kabat,3510,KABUPATEN BANYUWANGI,35,JAWA TIMUR
351015,Glagah,3510,KABUPATEN BANYUWANGI,35,JAWA TIMUR
351016,Banyuwangi,3510,KABUPATEN BANYUWANGI,35,JAWA TIMUR
351017,Giri,3510,KABUPATEN BANYUWANGI,35,JAWA TIMUR
351018,Wongsorejo,3510,KABUPATEN BANYUWANGI,35,JAWA TIMUR
351019,Songgon,3510,KABUPATEN BANYUWANGI,35,JAWA TIMUR
351020,Sempu,3510,KABUPATEN BANYUWANGI,35,JAWA TIMUR
351021,Kalipuro,3510,KABUPATEN BANYUWANGI,35,JAWA TIMUR
351022,Siliragung,3510,KABUPATEN BANYUWANGI,35,JAWA TIMUR
351023,Tegalsari,3510,KABUPATEN BANYUWANGI,35,JAWA TIMUR
351024,Licin,3510,KABUPATEN BANYUWANGI,35,JAWA TIMUR
351025,Blimbingsari,3510,KABUPATEN BANYUWANGI,35,JAWA TIMUR
351101,Maesan,3511,KABUPATEN BONDOWOSO,35,JAWA TIMUR
351102,Tamanan,3511,KABUPATEN BONDOWOSO,35,JAWA TIMUR
351103,Tlogosari,3511,KABUPATEN BONDOWOSO,35,JAWA TIMUR
351104,Sukosari,3511,KABUPATEN BONDOWOSO,35,JAWA TIMUR
351105,Pujer,3511,KABUPATEN BONDOWOSO,35,JAWA TIMUR
351106,Grujugan,3511,KABUPATEN BONDOWOSO,35,JAWA TIMUR
351107,Curahdami,3511,KABUPATEN BONDOWOSO,35,JAWA TIMUR
351108,Tenggarang,3511,KABUPATEN BONDOWOSO,35,JAWA TIMUR
351109,Wonosari,3511,KABUPATEN BONDOWOSO,35,JAWA TIMUR
351110,Tapen,3511,KABUPATEN BONDOWOSO,35,JAWA TIMUR
351111,Bondowoso,3511,KABUPATEN BONDOWOSO,35,JAWA TIMUR
351112,Wringin,3511,KABUPATEN BONDOWOSO,35,JAWA TIMUR
351113,Tegalampel,3511,KABUPATEN BONDOWOSO,35,JAWA TIMUR
351114,Klabang,3511,KABUPATEN BONDOWOSO,35,JAWA TIMUR
351115,Cermee,3511,KABUPATEN BONDOWOSO,35,JAWA TIMUR
351116,Prajekan,3511,KABUPATEN BONDOWOSO,35,JAWA TIMUR
351117,Pakem,3511,KABUPATEN BONDOWOSO,35,JAWA TIMUR
351118,Sumberwringin,3511,KABUPATEN BONDOWOSO,35,JAWA TIMUR
351119,Sempol,3511,KABUPATEN BONDOWOSO,35,JAWA TIMUR
351120,Binakal,3511,KABUPATEN BONDOWOSO,35,JAWA TIMUR
351121,Taman Krocok,3511,KABUPATEN BONDOWOSO,35,JAWA TIMUR
351122,Botolinggo,3511,KABUPATEN BONDOWOSO,35,JAWA TIMUR
351123,Jambesari Darus Sholah,3511,KABUPATEN BONDOWOSO,35,JAWA TIMUR
351201,Jatibanteng,3512,KABUPATEN SITUBONDO,35,JAWA TIMUR
351202,Besuki,3512,KABUPATEN SITUBONDO,35,JAWA TIMUR
351203,Suboh,3512,KABUPATEN SITUBONDO,35,JAWA TIMUR
351204,Mlandingan,3512,KABUPATEN SITUBONDO,35,JAWA TIMUR
351205,Kendit,3512,KABUPATEN SITUBONDO,35,JAWA TIMUR
351206,Panarukan,3512,KABUPATEN SITUBONDO,35,JAWA TIMUR
351207,Situbondo,3512,KABUPATEN SITUBONDO,35,JAWA TIMUR
351208,Panji,3512,KABUPATEN SITUBONDO,35,JAWA TIMUR
351209,Mangaran,3512,KABUPATEN SITUBONDO,35,JAWA TIMUR
351210,Kapongan,3512,KABUPATEN SITUBONDO,35,JAWA TIMUR
351211,Arjasa,3512,KABUPATEN SITUBONDO,35,JAWA TIMUR
351212,Jangkar,3512,KABUPATEN SITUBONDO,35,JAWA TIMUR
351213,Asembagus,3512,KABUPATEN SITUBONDO,35,JAWA TIMUR
351214,Banyuputih,3512,KABUPATEN SITUBONDO,35,JAWA TIMUR
351215,Sumbermalang,3512,KABUPATEN SITUBONDO,35,JAWA TIMUR
351216,Banyuglugur,3512,KABUPATEN SITUBONDO,35,JAWA TIMUR
351217,Bungatan,3512,KABUPATEN SITUBONDO,35,JAWA TIMUR
351301,Sukapura,3513,KABUPATEN PROBOLINGGO,35,JAWA TIMUR
351302,Sumber,3513,KABUPATEN PROBOLINGGO,35,JAWA TIMUR
351303,Kuripan,3513,KABUPATEN PROBOLINGGO,35,JAWA TIMUR
351304,Bantaran,3513,KABUPATEN PROBOLINGGO,35,JAWA TIMUR
351305,Leces,3513,KABUPATEN PROBOLINGGO,35,JAWA TIMUR
351306,Banyuanyar,3513,KABUPATEN PROBOLINGGO,35,JAWA TIMUR
351307,Tiris,3513,KABUPATEN PROBOLINGGO,35,JAWA TIMUR
351308,Krucil,3513,KABUPATEN PROBOLINGGO,35,JAWA TIMUR
351309,Gading,3513,KABUPATEN PROBOLINGGO,35,JAWA TIMUR
351310,Pakuniran,3513,KABUPATEN PROBOLINGGO,35,JAWA TIMUR
351311,Kotaanyar,3513,KABUPATEN PROBOLINGGO,35,JAWA TIMUR
351312,Paiton,3513,KABUPATEN PROBOLINGGO,35,JAWA TIMUR
351313,Besuk,3513,KABUPATEN PROBOLINGGO,35,JAWA TIMUR
351314,Kraksaan,3513,KABUPATEN PROBOLINGGO,35,JAWA TIMUR
351315,Krejengan,3513,KABUPATEN PROBOLINGGO,35,JAWA TIMUR
351316,Pejarakan,3513,KABUPATEN PROBOLINGGO,35,JAWA TIMUR
351317,Maron,3513,KABUPATEN PROBOLINGGO,35,JAWA TIMUR
351318,Gending,3513,KABUPATEN PROBOLINGGO,35,JAWA TIMUR
351319,Dringu,3513,KABUPATEN PROBOLINGGO,35,JAWA TIMUR
351320,Tegalsiwalan,3513,KABUPATEN PROBOLINGGO,35,JAWA TIMUR
351321,Sumberasih,3513,KABUPATEN PROBOLINGGO,35,JAWA TIMUR
351322,Wonomerto,3513,KABUPATEN PROBOLINGGO,35,JAWA TIMUR
351323,Tongas,3513,KABUPATEN PROBOLINGGO,35,JAWA TIMUR
351324,Lumbang,3513,KABUPATEN PROBOLINGGO,35,JAWA TIMUR
351401,Purwodadi,3514,KABUPATEN PASURUAN,35,JAWA TIMUR
351402,Tutur,3514,KABUPATEN PASURUAN,35,JAWA TIMUR
351403,Puspo,3514,KABUPATEN PASURUAN,35,JAWA TIMUR
351404,Lumbang,3514,KABUPATEN PASURUAN,35,JAWA TIMUR
351405,Pasrepan,3514,KABUPATEN PASURUAN,35,JAWA TIMUR
351406,Kejayan,3514,KABUPATEN PASURUAN,35,JAWA TIMUR
351407,Wonorejo,3514,KABUPATEN PASURUAN,35,JAWA TIMUR
351408,Purwosari,3514,KABUPATEN PASURUAN,35,JAWA TIMUR
351409,Sukorejo,3514,KABUPATEN PASURUAN,35,JAWA TIMUR
351410,Prigen,3514,KABUPATEN PASURUAN,35,JAWA TIMUR
351411,Pandaan,3514,KABUPATEN PASURUAN,35,JAWA TIMUR
351412,Gempol,3514,KABUPATEN PASURUAN,35,JAWA TIMUR
351413,Beji,3514,KABUPATEN PASURUAN,35,JAWA TIMUR
351414,Bangil,3514,KABUPATEN PASURUAN,35,JAWA TIMUR
351415,Rembang,3514,KABUPATEN PASURUAN,35,JAWA TIMUR
351416,Kraton,3514,KABUPATEN PASURUAN,35,JAWA TIMUR
351417,Pohjentrek,3514,KABUPATEN PASURUAN,35,JAWA TIMUR
351418,Gondangwetan,3514,KABUPATEN PASURUAN,35,JAWA TIMUR
351419,Winongan,3514,KABUPATEN PASURUAN,35,JAWA TIMUR
351420,Grati,3514,KABUPATEN PASURUAN,35,JAWA TIMUR
351421,Nguling,3514,KABUPATEN PASURUAN,35,JAWA TIMUR
351422,Lekok,3514,KABUPATEN PASURUAN,35,JAWA TIMUR
351423,Rejoso,3514,KABUPATEN PASURUAN,35,JAWA TIMUR
351424,Tosari,3514,KABUPATEN PASURUAN,35,JAWA TIMUR
351501,Tarik,3515,KABUPATEN SIDOARJO,35,JAWA TIMUR
351502,Prambon,3515,KABUPATEN SIDOARJO,35,JAWA TIMUR
351503,Krembung,3515,KABUPATEN SIDOARJO,35,JAWA TIMUR
351504,Porong,3515,KABUPATEN SIDOARJO,35,JAWA TIMUR
351505,Jabon,3515,KABUPATEN SIDOARJO,35,JAWA TIMUR
351506,Tanggulangin,3515,KABUPATEN SIDOARJO,35,JAWA TIMUR
351507,Candi,3515,KABUPATEN SIDOARJO,35,JAWA TIMUR
351508,Sidoarjo,3515,KABUPATEN SIDOARJO,35,JAWA TIMUR
351509,Tulangan,3515,KABUPATEN SIDOARJO,35,JAWA TIMUR
351510,Wonoayu,3515,KABUPATEN SIDOARJO,35,JAWA TIMUR
351511,Krian,3515,KABUPATEN SIDOARJO,35,JAWA TIMUR
351512,Balongbendo,3515,KABUPATEN SIDOARJO,35,JAWA TIMUR
351513,Taman,3515,KABUPATEN SIDOARJO,35,JAWA TIMUR
351514,Sukodono,3515,KABUPATEN SIDOARJO,35,JAWA TIMUR
351515,Buduran,3515,KABUPATEN SIDOARJO,35,JAWA TIMUR
351516,Gedangan,3515,KABUPATEN SIDOARJO,35,JAWA TIMUR
351517,Sedati,3515,KABUPATEN SIDOARJO,35,JAWA TIMUR
351518,Waru,3515,KABUPATEN SIDOARJO,35,JAWA TIMUR
351601,Jatirejo,3516,KABUPATEN MOJOKERTO,35,JAWA TIMUR
351602,Gondang,3516,KABUPATEN MOJOKERTO,35,JAWA TIMUR
351603,Pacet,3516,KABUPATEN MOJOKERTO,35,JAWA TIMUR
351604,Trawas,3516,KABUPATEN MOJOKERTO,35,JAWA TIMUR
351605,Ngoro,3516,KABUPATEN MOJOKERTO,35,JAWA TIMUR
351606,Pungging,3516,KABUPATEN MOJOKERTO,35,JAWA TIMUR
351607,Kutorejo,3516,KABUPATEN MOJOKERTO,35,JAWA TIMUR
351608,Mojosari,3516,KABUPATEN MOJOKERTO,35,JAWA TIMUR
351609,Dlanggu,3516,KABUPATEN MOJOKERTO,35,JAWA TIMUR
351610,Bangsal,3516,KABUPATEN MOJOKERTO,35,JAWA TIMUR
351611,Puri,3516,KABUPATEN MOJOKERTO,35,JAWA TIMUR
351612,Trowulan,3516,KABUPATEN MOJOKERTO,35,JAWA TIMUR
351613,Sooko,3516,KABUPATEN MOJOKERTO,35,JAWA TIMUR
351614,Gedeg,3516,KABUPATEN MOJOKERTO,35,JAWA TIMUR
351615,Kemlagi,3516,KABUPATEN MOJOKERTO,35,JAWA TIMUR
351616,Jetis,3516,KABUPATEN MOJOKERTO,35,JAWA TIMUR
351617,Dawarblandong,3516,KABUPATEN MOJOKERTO,35,JAWA TIMUR
351618,Mojoanyar,3516,KABUPATEN MOJOKERTO,35,JAWA TIMUR
351701,Perak,3517,KABUPATEN JOMBANG,35,JAWA TIMUR
351702,Gudo,3517,KABUPATEN JOMBANG,35,JAWA TIMUR
351703,Ngoro,3517,KABUPATEN JOMBANG,35,JAWA TIMUR
351704,Bareng,3517,KABUPATEN JOMBANG,35,JAWA TIMUR
351705,Wonosalam,3517,KABUPATEN JOMBANG,35,JAWA TIMUR
351706,Mojoagung,3517,KABUPATEN JOMBANG,35,JAWA TIMUR
351707,Mojowarno,3517,KABUPATEN JOMBANG,35,JAWA TIMUR
351708,Diwek,3517,KABUPATEN JOMBANG,35,JAWA TIMUR
351709,Jombang,3517,KABUPATEN JOMBANG,35,JAWA TIMUR
351710,Peterongan,3517,KABUPATEN JOMBANG,35,JAWA TIMUR
351711,Sumobito,3517,KABUPATEN JOMBANG,35,JAWA TIMUR
351712,Kesamben,3517,KABUPATEN JOMBANG,35,JAWA TIMUR
351713,Tembelang,3517,KABUPATEN JOMBANG,35,JAWA TIMUR
351714,Ploso,3517,KABUPATEN JOMBANG,35,JAWA TIMUR
351715,Plandaan,3517,KABUPATEN JOMBANG,35,JAWA TIMUR
351716,Kabuh,3517,KABUPATEN JOMBANG,35,JAWA TIMUR
351717,Kudu,3517,KABUPATEN JOMBANG,35,JAWA TIMUR
351718,Bandarkedungmulyo,3517,KABUPATEN JOMBANG,35,JAWA TIMUR
351719,Jogoroto,3517,KABUPATEN JOMBANG,35,JAWA TIMUR
351720,Megaluh,3517,KABUPATEN JOMBANG,35,JAWA TIMUR
351721,Ngusikan,3517,KABUPATEN JOMBANG,35,JAWA TIMUR
351801,Sawahan,3518,KABUPATEN NGANJUK,35,JAWA TIMUR
351802,Ngetos,3518,KABUPATEN NGANJUK,35,JAWA TIMUR
351803,Berbek,3518,KABUPATEN NGANJUK,35,JAWA TIMUR
351804,Loceret,3518,KABUPATEN NGANJUK,35,JAWA TIMUR
351805,Pace,3518,KABUPATEN NGANJUK,35,JAWA TIMUR
351806,Prambon,3518,KABUPATEN NGANJUK,35,JAWA TIMUR
351807,Ngronggot,3518,KABUPATEN NGANJUK,35,JAWA TIMUR
351808,Kertosono,3518,KABUPATEN NGANJUK,35,JAWA TIMUR
351809,Patianrowo,3518,KABUPATEN NGANJUK,35,JAWA TIMUR
351810,Baron,3518,KABUPATEN NGANJUK,35,JAWA TIMUR
351811,Tanjunganom,3518,KABUPATEN NGANJUK,35,JAWA TIMUR
351812,Sukomoro,3518,KABUPATEN NGANJUK,35,JAWA TIMUR
351813,Nganjuk,3518,KABUPATEN NGANJUK,35,JAWA TIMUR
351814,Bagor,3518,KABUPATEN NGANJUK,35,JAWA TIMUR
351815,Wilangan,3518,KABUPATEN NGANJUK,35,JAWA TIMUR
351816,Rejoso,3518,KABUPATEN NGANJUK,35,JAWA TIMUR
351817,Gondang,3518,KABUPATEN NGANJUK,35,JAWA TIMUR
351818,Ngluyu,3518,KABUPATEN NGANJUK,35,JAWA TIMUR
351819,Lengkong,3518,KABUPATEN NGANJUK,35,JAWA TIMUR
351820,Jatikalen,3518,KABUPATEN NGANJUK,35,JAWA TIMUR
351901,Kebon Sari,3519,KABUPATEN MADIUN,35,JAWA TIMUR
351902,Dolopo,3519,KABUPATEN MADIUN,35,JAWA TIMUR
351903,Geger,3519,KABUPATEN MADIUN,35,JAWA TIMUR
351904,Dagangan,3519,KABUPATEN MADIUN,35,JAWA TIMUR
351905,Kare,3519,KABUPATEN MADIUN,35,JAWA TIMUR
351906,Gemarang,3519,KABUPATEN MADIUN,35,JAWA TIMUR
351907,Wungu,3519,KABUPATEN MADIUN,35,JAWA TIMUR
351908,Madiun,3519,KABUPATEN MADIUN,35,JAWA TIMUR
351909,Jiwan,3519,KABUPATEN MADIUN,35,JAWA TIMUR
351910,Balerejo,3519,KABUPATEN MADIUN,35,JAWA TIMUR
351911,Mejayan,3519,KABUPATEN MADIUN,35,JAWA TIMUR
351912,Saradan,3519,KABUPATEN MADIUN,35,JAWA TIMUR
351913,Pilangkenceng,3519,KABUPATEN MADIUN,35,JAWA TIMUR
351914,Sawahan,3519,KABUPATEN MADIUN,35,JAWA TIMUR
351915,Wonoasri,3519,KABUPATEN MADIUN,35,JAWA TIMUR
352001,Poncol,3520,KABUPATEN MAGETAN,35,JAWA TIMUR
352002,Parang,3520,KABUPATEN MAGETAN,35,JAWA TIMUR
352003,Lembeyan,3520,KABUPATEN MAGETAN,35,JAWA TIMUR
352004,Takeran,3520,KABUPATEN MAGETAN,35,JAWA TIMUR
352005,Kawedanan,3520,KABUPATEN MAGETAN,35,JAWA TIMUR
352006,Magetan,3520,KABUPATEN MAGETAN,35,JAWA TIMUR
352007,Plaosan,3520,KABUPATEN MAGETAN,35,JAWA TIMUR
352008,Panekan,3520,KABUPATEN MAGETAN,35,JAWA TIMUR
352009,Sukomoro,3520,KABUPATEN MAGETAN,35,JAWA TIMUR
352010,Bendo,3520,KABUPATEN MAGETAN,35,JAWA TIMUR
352011,Maospati,3520,KABUPATEN MAGETAN,35,JAWA TIMUR
352012,Barat,3520,KABUPATEN MAGETAN,35,JAWA TIMUR
352013,Karangrejo,3520,KABUPATEN MAGETAN,35,JAWA TIMUR
352014,Karas,3520,KABUPATEN MAGETAN,35,JAWA TIMUR
352015,Kartoharjo,3520,KABUPATEN MAGETAN,35,JAWA TIMUR
352016,Ngariboyo,3520,KABUPATEN MAGETAN,35,JAWA TIMUR
352017,Nguntoronadi,3520,KABUPATEN MAGETAN,35,JAWA TIMUR
352018,Sidorejo,3520,KABUPATEN MAGETAN,35,JAWA TIMUR
352101,Sine,3521,KABUPATEN NGAWI,35,JAWA TIMUR
352102,Ngrambe,3521,KABUPATEN NGAWI,35,JAWA TIMUR
352103,Jogorogo,3521,KABUPATEN NGAWI,35,JAWA TIMUR
352104,Kendal,3521,KABUPATEN NGAWI,35,JAWA TIMUR
352105,Geneng,3521,KABUPATEN NGAWI,35,JAWA TIMUR
352106,Kwadungan,3521,KABUPATEN NGAWI,35,JAWA TIMUR
352107,Karangjati,3521,KABUPATEN NGAWI,35,JAWA TIMUR
352108,Padas,3521,KABUPATEN NGAWI,35,JAWA TIMUR
352109,Ngawi,3521,KABUPATEN NGAWI,35,JAWA TIMUR
352110,Paron,3521,KABUPATEN NGAWI,35,JAWA TIMUR
352111,Kedunggalar,3521,KABUPATEN NGAWI,35,JAWA TIMUR
352112,Widodaren,3521,KABUPATEN NGAWI,35,JAWA TIMUR
352113,Mantingan,3521,KABUPATEN NGAWI,35,JAWA TIMUR
352114,Pangkur,3521,KABUPATEN NGAWI,35,JAWA TIMUR
352115,Bringin,3521,KABUPATEN NGAWI,35,JAWA TIMUR
352116,Pitu,3521,KABUPATEN NGAWI,35,JAWA TIMUR
352117,Karanganyar,3521,KABUPATEN NGAWI,35,JAWA TIMUR
352118,Gerih,3521,KABUPATEN NGAWI,35,JAWA TIMUR
352119,Kasreman,3521,KABUPATEN NGAWI,35,JAWA TIMUR
352201,Ngraho,3522,KABUPATEN BOJONEGORO,35,JAWA TIMUR
352202,Tambakrejo,3522,KABUPATEN BOJONEGORO,35,JAWA TIMUR
352203,Ngambon,3522,KABUPATEN BOJONEGORO,35,JAWA TIMUR
352204,Ngasem,3522,KABUPATEN BOJONEGORO,35,JAWA TIMUR
352205,Bubulan,3522,KABUPATEN BOJONEGORO,35,JAWA TIMUR
352206,Dander,3522,KABUPATEN BOJONEGORO,35,JAWA TIMUR
352207,Sugihwaras,3522,KABUPATEN BOJONEGORO,35,JAWA TIMUR
352208,Kedungadem,3522,KABUPATEN BOJONEGORO,35,JAWA TIMUR
352209,Kepohbaru,3522,KABUPATEN BOJONEGORO,35,JAWA TIMUR
352210,Baureno,3522,KABUPATEN BOJONEGORO,35,JAWA TIMUR
352211,Kanor,3522,KABUPATEN BOJONEGORO,35,JAWA TIMUR
352212,Sumberejo,3522,KABUPATEN BOJONEGORO,35,JAWA TIMUR
352213,Balen,3522,KABUPATEN BOJONEGORO,35,JAWA TIMUR
352214,Kapas,3522,KABUPATEN BOJONEGORO,35,JAWA TIMUR
352215,Bojonegoro,3522,KABUPATEN BOJONEGORO,35,JAWA TIMUR
352216,Kalitidu,3522,KABUPATEN BOJONEGORO,35,JAWA TIMUR
352217,Malo,3522,KABUPATEN BOJONEGORO,35,JAWA TIMUR
352218,Purwosari,3522,KABUPATEN BOJONEGORO,35,JAWA TIMUR
352219,Padangan,3522,KABUPATEN BOJONEGORO,35,JAWA TIMUR
352220,Kasiman,3522,KABUPATEN BOJONEGORO,35,JAWA TIMUR
352221,Temayang,3522,KABUPATEN BOJONEGORO,35,JAWA TIMUR
352222,Margomulyo,3522,KABUPATEN BOJONEGORO,35,JAWA TIMUR
352223,Trucuk,3522,KABUPATEN BOJONEGORO,35,JAWA TIMUR
352224,Sukosewu,3522,KABUPATEN BOJONEGORO,35,JAWA TIMUR
352225,Kedewan,3522,KABUPATEN BOJONEGORO,35,JAWA TIMUR
352226,Gondang,3522,KABUPATEN BOJONEGORO,35,JAWA TIMUR
352227,Sekar,3522,KABUPATEN BOJONEGORO,35,JAWA TIMUR
352228,Gayam,3522,KABUPATEN BOJONEGORO,35,JAWA TIMUR
352301,Kenduruan,3523,KABUPATEN TUBAN,35,JAWA TIMUR
352302,Jatirogo,3523,KABUPATEN TUBAN,35,JAWA TIMUR
352303,Bangilan,3523,KABUPATEN TUBAN,35,JAWA TIMUR
352304,Bancar,3523,KABUPATEN TUBAN,35,JAWA TIMUR
352305,Senori,3523,KABUPATEN TUBAN,35,JAWA TIMUR
352306,Tambakboyo,3523,KABUPATEN TUBAN,35,JAWA TIMUR
352307,Singgahan,3523,KABUPATEN TUBAN,35,JAWA TIMUR
352308,Kerek,3523,KABUPATEN TUBAN,35,JAWA TIMUR
352309,Parengan,3523,KABUPATEN TUBAN,35,JAWA TIMUR
352310,Montong,3523,KABUPATEN TUBAN,35,JAWA TIMUR
352311,Soko,3523,KABUPATEN TUBAN,35,JAWA TIMUR
352312,Jenu,3523,KABUPATEN TUBAN,35,JAWA TIMUR
352313,Merakurak,3523,KABUPATEN TUBAN,35,JAWA TIMUR
352314,Rengel,3523,KABUPATEN TUBAN,35,JAWA TIMUR
352315,Semanding,3523,KABUPATEN TUBAN,35,JAWA TIMUR
352316,Tuban,3523,KABUPATEN TUBAN,35,JAWA TIMUR
352317,Plumpang,3523,KABUPATEN TUBAN,35,JAWA TIMUR
352318,Palang,3523,KABUPATEN TUBAN,35,JAWA TIMUR
352319,Widang,3523,KABUPATEN TUBAN,35,JAWA TIMUR
352320,Grabagan,3523,KABUPATEN TUBAN,35,JAWA TIMUR
352401,Sukorame,3524,KABUPATEN LAMONGAN,35,JAWA TIMUR
352402,Bluluk,3524,KABUPATEN LAMONGAN,35,JAWA TIMUR
352403,Modo,3524,KABUPATEN LAMONGAN,35,JAWA TIMUR
352404,Ngimbang,3524,KABUPATEN LAMONGAN,35,JAWA TIMUR
352405,Babat,3524,KABUPATEN LAMONGAN,35,JAWA TIMUR
352406,Kedungpring,3524,KABUPATEN LAMONGAN,35,JAWA TIMUR
352407,Brondong,3524,KABUPATEN LAMONGAN,35,JAWA TIMUR
352408,Laren,3524,KABUPATEN LAMONGAN,35,JAWA TIMUR
352409,Sekaran,3524,KABUPATEN LAMONGAN,35,JAWA TIMUR
352410,Maduran,3524,KABUPATEN LAMONGAN,35,JAWA TIMUR
352411,Sambeng,3524,KABUPATEN LAMONGAN,35,JAWA TIMUR
352412,Sugio,3524,KABUPATEN LAMONGAN,35,JAWA TIMUR
352413,Pucuk,3524,KABUPATEN LAMONGAN,35,JAWA TIMUR
352414,Paciran,3524,KABUPATEN LAMONGAN,35,JAWA TIMUR
352415,Solokuro,3524,KABUPATEN LAMONGAN,35,JAWA TIMUR
352416,Mantup,3524,KABUPATEN LAMONGAN,35,JAWA TIMUR
352417,Sukodadi,3524,KABUPATEN LAMONGAN,35,JAWA TIMUR
352418,Karanggeneng,3524,KABUPATEN LAMONGAN,35,JAWA TIMUR
352419,Kembangbahu,3524,KABUPATEN LAMONGAN,35,JAWA TIMUR
352420,Kalitengah,3524,KABUPATEN LAMONGAN,35,JAWA TIMUR
352421,Turi,3524,KABUPATEN LAMONGAN,35,JAWA TIMUR
352422,Lamongan,3524,KABUPATEN LAMONGAN,35,JAWA TIMUR
352423,Tikung,3524,KABUPATEN LAMONGAN,35,JAWA TIMUR
352424,Karangbinangun,3524,KABUPATEN LAMONGAN,35,JAWA TIMUR
352425,Deket,3524,KABUPATEN LAMONGAN,35,JAWA TIMUR
352426,Glagah,3524,KABUPATEN LAMONGAN,35,JAWA TIMUR
352427,Sarirejo,3524,KABUPATEN LAMONGAN,35,JAWA TIMUR
352501,Dukun,3525,KABUPATEN GRESIK,35,JAWA TIMUR
352502,Balongpanggang,3525,KABUPATEN GRESIK,35,JAWA TIMUR
352503,Panceng,3525,KABUPATEN GRESIK,35,JAWA TIMUR
352504,Benjeng,3525,KABUPATEN GRESIK,35,JAWA TIMUR
352505,Duduksampeyan,3525,KABUPATEN GRESIK,35,JAWA TIMUR
352506,Wringinanom,3525,KABUPATEN GRESIK,35,JAWA TIMUR
352507,Ujungpangkah,3525,KABUPATEN GRESIK,35,JAWA TIMUR
352508,Kedamean,3525,KABUPATEN GRESIK,35,JAWA TIMUR
352509,Sidayu,3525,KABUPATEN GRESIK,35,JAWA TIMUR
352510,Manyar,3525,KABUPATEN GRESIK,35,JAWA TIMUR
352511,Cerme,3525,KABUPATEN GRESIK,35,JAWA TIMUR
352512,Bungah,3525,KABUPATEN GRESIK,35,JAWA TIMUR
352513,Menganti,3525,KABUPATEN GRESIK,35,JAWA TIMUR
352514,Kebomas,3525,KABUPATEN GRESIK,35,JAWA TIMUR
352515,Driyorejo,3525,KABUPATEN GRESIK,35,JAWA TIMUR
352516,Gresik,3525,KABUPATEN GRESIK,35,JAWA TIMUR
352517,Sangkapura,3525,KABUPATEN GRESIK,35,JAWA TIMUR
352518,Tambak,3525,KABUPATEN GRESIK,35,JAWA TIMUR
352601,Bangkalan,3526,KABUPATEN BANGKALAN,35,JAWA TIMUR
352602,Socah,3526,KABUPATEN BANGKALAN,35,JAWA TIMUR
352603,Burneh,3526,KABUPATEN BANGKALAN,35,JAWA TIMUR
352604,Kamal,3526,KABUPATEN BANGKALAN,35,JAWA TIMUR
352605,Arosbaya,3526,KABUPATEN BANGKALAN,35,JAWA TIMUR
352606,Geger,3526,KABUPATEN BANGKALAN,35,JAWA TIMUR
352607,Klampis,3526,KABUPATEN BANGKALAN,35,JAWA TIMUR
352608,Sepulu,3526,KABUPATEN BANGKALAN,35,JAWA TIMUR
352609,Tanjung Bumi,3526,KABUPATEN BANGKALAN,35,JAWA TIMUR
352610,Kokop,3526,KABUPATEN BANGKALAN,35,JAWA TIMUR
352611,Kwanyar,3526,KABUPATEN BANGKALAN,35,JAWA TIMUR
352612,Labang,3526,KABUPATEN BANGKALAN,35,JAWA TIMUR
352613,Tanah Merah,3526,KABUPATEN BANGKALAN,35,JAWA TIMUR
352614,Tragah,3526,KABUPATEN BANGKALAN,35,JAWA TIMUR
352615,Blega,3526,KABUPATEN BANGKALAN,35,JAWA TIMUR
352616,Modung,3526,KABUPATEN BANGKALAN,35,JAWA TIMUR
352617,Konang,3526,KABUPATEN BANGKALAN,35,JAWA TIMUR
352618,Galis,3526,KABUPATEN BANGKALAN,35,JAWA TIMUR
352701,Sreseh,3527,KABUPATEN SAMPANG,35,JAWA TIMUR
352702,Torjun,3527,KABUPATEN SAMPANG,35,JAWA TIMUR
352703,Sampang,3527,KABUPATEN SAMPANG,35,JAWA TIMUR
352704,Camplong,3527,KABUPATEN SAMPANG,35,JAWA TIMUR
352705,Omben,3527,KABUPATEN SAMPANG,35,JAWA TIMUR
352706,Kedungdung,3527,KABUPATEN SAMPANG,35,JAWA TIMUR
352707,Jrengik,3527,KABUPATEN SAMPANG,35,JAWA TIMUR
352708,Tambelangan,3527,KABUPATEN SAMPANG,35,JAWA TIMUR
352709,Banyuates,3527,KABUPATEN SAMPANG,35,JAWA TIMUR
352710,Robatal,3527,KABUPATEN SAMPANG,35,JAWA TIMUR
352711,Sokobanah,3527,KABUPATEN SAMPANG,35,JAWA TIMUR
352712,Ketapang,3527,KABUPATEN SAMPANG,35,JAWA TIMUR
352713,Pangarengan,3527,KABUPATEN SAMPANG,35,JAWA TIMUR
352714,Karangpenang,3527,KABUPATEN SAMPANG,35,JAWA TIMUR
352801,Tlanakan,3528,KABUPATEN PAMEKASAN,35,JAWA TIMUR
352802,Pademawu,3528,KABUPATEN PAMEKASAN,35,JAWA TIMUR
352803,Galis,3528,KABUPATEN PAMEKASAN,35,JAWA TIMUR
352804,Pamekasan,3528,KABUPATEN PAMEKASAN,35,JAWA TIMUR
352805,Proppo,3528,KABUPATEN PAMEKASAN,35,JAWA TIMUR
352806,Palenggaan,3528,KABUPATEN PAMEKASAN,35,JAWA TIMUR
352807,Pegantenan,3528,KABUPATEN PAMEKASAN,35,JAWA TIMUR
352808,Larangan,3528,KABUPATEN PAMEKASAN,35,JAWA TIMUR
352809,Pakong,3528,KABUPATEN PAMEKASAN,35,JAWA TIMUR
352810,Waru,3528,KABUPATEN PAMEKASAN,35,JAWA TIMUR
352811,Batumarmar,3528,KABUPATEN PAMEKASAN,35,JAWA TIMUR
352812,Kadur,3528,KABUPATEN PAMEKASAN,35,JAWA TIMUR
352813,Pasean,3528,KABUPATEN PAMEKASAN,35,JAWA TIMUR
352901,Kota Sumenep,3529,KABUPATEN SUMENEP,35,JAWA TIMUR
352902,Kalianget,3529,KABUPATEN SUMENEP,35,JAWA TIMUR
352903,Manding,3529,KABUPATEN SUMENEP,35,JAWA TIMUR
352904,Talango,3529,KABUPATEN SUMENEP,35,JAWA TIMUR
352905,Bluto,3529,KABUPATEN SUMENEP,35,JAWA TIMUR
352906,Saronggi,3529,KABUPATEN SUMENEP,35,JAWA TIMUR
352907,Lenteng,3529,KABUPATEN SUMENEP,35,JAWA TIMUR
352908,Giliginting,3529,KABUPATEN SUMENEP,35,JAWA TIMUR
352909,Guluk-Guluk,3529,KABUPATEN SUMENEP,35,JAWA TIMUR
352910,Ganding,3529,KABUPATEN SUMENEP,35,JAWA TIMUR
352911,Pragaan,3529,KABUPATEN SUMENEP,35,JAWA TIMUR
352912,Ambunten,3529,KABUPATEN SUMENEP,35,JAWA TIMUR
352913,Pasongsongan,3529,KABUPATEN SUMENEP,35,JAWA TIMUR
352914,Dasuk,3529,KABUPATEN SUMENEP,35,JAWA TIMUR
352915,Rubaru,3529,KABUPATEN SUMENEP,35,JAWA TIMUR
352916,Batang Batang,3529,KABUPATEN SUMENEP,35,JAWA TIMUR
352917,Batuputih,3529,KABUPATEN SUMENEP,35,JAWA TIMUR
352918,Dungkek,3529,KABUPATEN SUMENEP,35,JAWA TIMUR
352919,Gapura,3529,KABUPATEN SUMENEP,35,JAWA TIMUR
352920,Gayam,3529,KABUPATEN SUMENEP,35,JAWA TIMUR
352921,Nonggunong,3529,KABUPATEN SUMENEP,35,JAWA TIMUR
352922,Raas,3529,KABUPATEN SUMENEP,35,JAWA TIMUR
352923,Masalembu,3529,KABUPATEN SUMENEP,35,JAWA TIMUR
352924,Arjasa,3529,KABUPATEN SUMENEP,35,JAWA TIMUR
352925,Sapeken,3529,KABUPATEN SUMENEP,35,JAWA TIMUR
352926,Batuan,3529,KABUPATEN SUMENEP,35,JAWA TIMUR
352927,Kangayan,3529,KABUPATEN SUMENEP,35,JAWA TIMUR
357101,Mojoroto,3571,KOTA KEDIRI,35,JAWA TIMUR
357102,Kota,3571,KOTA KEDIRI,35,JAWA TIMUR
357103,Pesantren,3571,KOTA KEDIRI,35,JAWA TIMUR
357201,Kepanjenkidul,3572,KOTA BLITAR,35,JAWA TIMUR
357202,Sukorejo,3572,KOTA BLITAR,35,JAWA TIMUR
357203,Sananwetan,3572,KOTA BLITAR,35,JAWA TIMUR
357301,Blimbing,3573,KOTA MALANG,35,JAWA TIMUR
357302,Klojen,3573,KOTA MALANG,35,JAWA TIMUR
357303,Kedungkandang,3573,KOTA MALANG,35,JAWA TIMUR
357304,Sukun,3573,KOTA MALANG,35,JAWA TIMUR
357305,Lowokwaru,3573,KOTA MALANG,35,JAWA TIMUR
357401,Kademangan,3574,KOTA PROBOLINGGO,35,JAWA TIMUR
357402,Wonoasih,3574,KOTA PROBOLINGGO,35,JAWA TIMUR
357403,Mayangan,3574,KOTA PROBOLINGGO,35,JAWA TIMUR
357404,Kanigaran,3574,KOTA PROBOLINGGO,35,JAWA TIMUR
357405,Kedopok,3574,KOTA PROBOLINGGO,35,JAWA TIMUR
357501,Gadingrejo,3575,KOTA PASURUAN,35,JAWA TIMUR
357502,Purworejo,3575,KOTA PASURUAN,35,JAWA TIMUR
357503,Bugul Kidul,3575,KOTA PASURUAN,35,JAWA TIMUR
357504,Panggungrejo,3575,KOTA PASURUAN,35,JAWA TIMUR
357601,Prajuritkulon,3576,KOTA MOJOKERTO,35,JAWA TIMUR
357602,Magersari,3576,KOTA MOJOKERTO,35,JAWA TIMUR
357603,Kranggan,3576,KOTA MOJOKERTO,35,JAWA TIMUR
357701,Kartoharjo,3577,KOTA MADIUN,35,JAWA TIMUR
357702,Manguharjo,3577,KOTA MADIUN,35,JAWA TIMUR
357703,Taman,3577,KOTA MADIUN,35,JAWA TIMUR
357801,Karang Pilang,3578,KOTA SURABAYA,35,JAWA TIMUR
357802,Wonocolo,3578,KOTA SURABAYA,35,JAWA TIMUR
357803,Rungkut,3578,KOTA SURABAYA,35,JAWA TIMUR
357804,Wonokromo,3578,KOTA SURABAYA,35,JAWA TIMUR
357805,Tegalsari,3578,KOTA SURABAYA,35,JAWA TIMUR
357806,Sawahan,3578,KOTA SURABAYA,35,JAWA TIMUR
357807,Genteng,3578,KOTA SURABAYA,35,JAWA TIMUR
357808,Gubeng,3578,KOTA SURABAYA,35,JAWA TIMUR
357809,Sukolilo,3578,KOTA SURABAYA,35,JAWA TIMUR
357810,Tambaksari,3578,KOTA SURABAYA,35,JAWA TIMUR
357811,Simokerto,3578,KOTA SURABAYA,35,JAWA TIMUR
357812,Pabean Cantian,3578,KOTA SURABAYA,35,JAWA TIMUR
357813,Bubutan,3578,KOTA SURABAYA,35,JAWA TIMUR
357814,Tandes,3578,KOTA SURABAYA,35,JAWA TIMUR
357815,Krembangan,3578,KOTA SURABAYA,35,JAWA TIMUR
357816,Semampir,3578,KOTA SURABAYA,35,JAWA TIMUR
357817,Kenjeran,3578,KOTA SURABAYA,35,JAWA TIMUR
357818,Lakarsantri,3578,KOTA SURABAYA,35,JAWA TIMUR
357819,Benowo,3578,KOTA SURABAYA,35,JAWA TIMUR
357820,Wiyung,3578,KOTA SURABAYA,35,JAWA TIMUR
357821,Dukuh Pakis,3578,KOTA SURABAYA,35,JAWA TIMUR
357822,Gayungan,3578,KOTA SURABAYA,35,JAWA TIMUR
357823,Jambangan,3578,KOTA SURABAYA,35,JAWA TIMUR
357824,Tenggilis Mejoyo,3578,KOTA SURABAYA,35,JAWA TIMUR
357825,Gunung Anyar,3578,KOTA SURABAYA,35,JAWA TIMUR
357826,Mulyorejo,3578,KOTA SURABAYA,35,JAWA TIMUR
357827,Sukomanunggal,3578,KOTA SURABAYA,35,JAWA TIMUR
357828,Asem Rowo,3578,KOTA SURABAYA,35,JAWA TIMUR
357829,Bulak,3578,KOTA SURABAYA,35,JAWA TIMUR
357830,Pakal,3578,KOTA SURABAYA,35,JAWA TIMUR
357831,Sambikerep,3578,KOTA SURABAYA,35,JAWA TIMUR
357901,Batu,3579,KOTA BATU,35,JAWA TIMUR
357902,Bumiaji,3579,KOTA BATU,35,JAWA TIMUR
357903,Junrejo,3579,KOTA BATU,35,JAWA TIMUR
360101,Sumur,3601,KABUPATEN PANDEGLANG,36,BANTEN
360102,Cimanggu,3601,KABUPATEN PANDEGLANG,36,BANTEN
360103,Cibaliung,3601,KABUPATEN PANDEGLANG,36,BANTEN
360104,Cikeusik,3601,KABUPATEN PANDEGLANG,36,BANTEN
360105,Cigeulis,3601,KABUPATEN PANDEGLANG,36,BANTEN
360106,Panimbang,3601,KABUPATEN PANDEGLANG,36,BANTEN
360107,Angsana,3601,KABUPATEN PANDEGLANG,36,BANTEN
360108,Munjul,3601,KABUPATEN PANDEGLANG,36,BANTEN
360109,Pagelaran,3601,KABUPATEN PANDEGLANG,36,BANTEN
360110,Bojong,3601,KABUPATEN PANDEGLANG,36,BANTEN
360111,Picung,3601,KABUPATEN PANDEGLANG,36,BANTEN
360112,Labuan,3601,KABUPATEN PANDEGLANG,36,BANTEN
360113,Menes,3601,KABUPATEN PANDEGLANG,36,BANTEN
360114,Saketi,3601,KABUPATEN PANDEGLANG,36,BANTEN
360115,Cipeucang,3601,KABUPATEN PANDEGLANG,36,BANTEN
360116,Jiput,3601,KABUPATEN PANDEGLANG,36,BANTEN
360117,Mandalawangi,3601,KABUPATEN PANDEGLANG,36,BANTEN
360118,Cimanuk,3601,KABUPATEN PANDEGLANG,36,BANTEN
360119,Kaduhejo,3601,KABUPATEN PANDEGLANG,36,BANTEN
360120,Banjar,3601,KABUPATEN PANDEGLANG,36,BANTEN
360121,Pandeglang,3601,KABUPATEN PANDEGLANG,36,BANTEN
360122,Cadasari,3601,KABUPATEN PANDEGLANG,36,BANTEN
360123,Cisata,3601,KABUPATEN PANDEGLANG,36,BANTEN
360124,Patia,3601,KABUPATEN PANDEGLANG,36,BANTEN
360125,Karang Tanjung,3601,KABUPATEN PANDEGLANG,36,BANTEN
360126,Cikedal,3601,KABUPATEN PANDEGLANG,36,BANTEN
360127,Cibitung,3601,KABUPATEN PANDEGLANG,36,BANTEN
360128,Carita,3601,KABUPATEN PANDEGLANG,36,BANTEN
360129,Sukaresmi,3601,KABUPATEN PANDEGLANG,36,BANTEN
360130,Mekarjaya,3601,KABUPATEN PANDEGLANG,36,BANTEN
360131,Sindangresmi,3601,KABUPATEN PANDEGLANG,36,BANTEN
360132,Pulosari,3601,KABUPATEN PANDEGLANG,36,BANTEN
360133,Koroncong,3601,KABUPATEN PANDEGLANG,36,BANTEN
360134,Majasari,3601,KABUPATEN PANDEGLANG,36,BANTEN
360135,Sobang,3601,KABUPATEN PANDEGLANG,36,BANTEN
360201,Malingping,3602,KABUPATEN LEBAK,36,BANTEN
360202,Panggarangan,3602,KABUPATEN LEBAK,36,BANTEN
360203,Bayah,3602,KABUPATEN LEBAK,36,BANTEN
360204,Cipanas,3602,KABUPATEN LEBAK,36,BANTEN
360205,Muncang,3602,KABUPATEN LEBAK,36,BANTEN
360206,Leuwidamar,3602,KABUPATEN LEBAK,36,BANTEN
360207,Bojongmanik,3602,KABUPATEN LEBAK,36,BANTEN
360208,Gunungkencana,3602,KABUPATEN LEBAK,36,BANTEN
360209,Banjarsari,3602,KABUPATEN LEBAK,36,BANTEN
360210,Cileles,3602,KABUPATEN LEBAK,36,BANTEN
360211,Cimarga,3602,KABUPATEN LEBAK,36,BANTEN
360212,Sajira,3602,KABUPATEN LEBAK,36,BANTEN
360213,Maja,3602,KABUPATEN LEBAK,36,BANTEN
360214,Rangkasbitung,3602,KABUPATEN LEBAK,36,BANTEN
360215,Warunggunung,3602,KABUPATEN LEBAK,36,BANTEN
360216,Cijaku,3602,KABUPATEN LEBAK,36,BANTEN
360217,Cikulur,3602,KABUPATEN LEBAK,36,BANTEN
360218,Cibadak,3602,KABUPATEN LEBAK,36,BANTEN
360219,Cibeber,3602,KABUPATEN LEBAK,36,BANTEN
360220,Cilograng,3602,KABUPATEN LEBAK,36,BANTEN
360221,Wanasalam,3602,KABUPATEN LEBAK,36,BANTEN
360222,Sobang,3602,KABUPATEN LEBAK,36,BANTEN
360223,Curug bitung,3602,KABUPATEN LEBAK,36,BANTEN
360224,Kalanganyar,3602,KABUPATEN LEBAK,36,BANTEN
360225,Lebakgedong,3602,KABUPATEN LEBAK,36,BANTEN
360226,Cihara,3602,KABUPATEN LEBAK,36,BANTEN
360227,Cirinten,3602,KABUPATEN LEBAK,36,BANTEN
360228,Cigemlong,3602,KABUPATEN LEBAK,36,BANTEN
360301,Balaraja,3603,KABUPATEN TANGERANG,36,BANTEN
360302,Jayanti,3603,KABUPATEN TANGERANG,36,BANTEN
360303,Tigaraksa,3603,KABUPATEN TANGERANG,36,BANTEN
360304,Jambe,3603,KABUPATEN TANGERANG,36,BANTEN
360305,Cisoka,3603,KABUPATEN TANGERANG,36,BANTEN
360306,Kresek,3603,KABUPATEN TANGERANG,36,BANTEN
360307,Kronjo,3603,KABUPATEN TANGERANG,36,BANTEN
360308,Mauk,3603,KABUPATEN TANGERANG,36,BANTEN
360309,Kemiri,3603,KABUPATEN TANGERANG,36,BANTEN
360310,Sukadiri,3603,KABUPATEN TANGERANG,36,BANTEN
360311,Rajeg,3603,KABUPATEN TANGERANG,36,BANTEN
360312,Pasar Kemis,3603,KABUPATEN TANGERANG,36,BANTEN
360313,Teluknaga,3603,KABUPATEN TANGERANG,36,BANTEN
360314,Kosambi,3603,KABUPATEN TANGERANG,36,BANTEN
360315,Pakuhaji,3603,KABUPATEN TANGERANG,36,BANTEN
360316,Sepatan,3603,KABUPATEN TANGERANG,36,BANTEN
360317,Curug,3603,KABUPATEN TANGERANG,36,BANTEN
360318,Cikupa,3603,KABUPATEN TANGERANG,36,BANTEN
360319,Panongan,3603,KABUPATEN TANGERANG,36,BANTEN
360320,Legok,3603,KABUPATEN TANGERANG,36,BANTEN
360322,Pagedangan,3603,KABUPATEN TANGERANG,36,BANTEN
360323,Cisauk,3603,KABUPATEN TANGERANG,36,BANTEN
360327,Sukamulya,3603,KABUPATEN TANGERANG,36,BANTEN
360328,Kelapa Dua,3603,KABUPATEN TANGERANG,36,BANTEN
360329,Sindang Jaya,3603,KABUPATEN TANGERANG,36,BANTEN
360330,Sepatan Timur,3603,KABUPATEN TANGERANG,36,BANTEN
360331,Solear,3603,KABUPATEN TANGERANG,36,BANTEN
360332,Gunung Kaler,3603,KABUPATEN TANGERANG,36,BANTEN
360333,Mekar Baru,3603,KABUPATEN TANGERANG,36,BANTEN
360405,Kramatwatu,3604,KABUPATEN SERANG,36,BANTEN
360406,Waringinkurung,3604,KABUPATEN SERANG,36,BANTEN
360407,Bojonegara,3604,KABUPATEN SERANG,36,BANTEN
360408,Pulo Ampel,3604,KABUPATEN SERANG,36,BANTEN
360409,Ciruas,3604,KABUPATEN SERANG,36,BANTEN
360411,Kragilan,3604,KABUPATEN SERANG,36,BANTEN
360412,Pontang,3604,KABUPATEN SERANG,36,BANTEN
360413,Tirtayasa,3604,KABUPATEN SERANG,36,BANTEN
360414,Tanara,3604,KABUPATEN SERANG,36,BANTEN
360415,Cikande,3604,KABUPATEN SERANG,36,BANTEN
360416,Kibin,3604,KABUPATEN SERANG,36,BANTEN
360417,Carenang,3604,KABUPATEN SERANG,36,BANTEN
360418,Binuang,3604,KABUPATEN SERANG,36,BANTEN
360419,Petir,3604,KABUPATEN SERANG,36,BANTEN
360420,Tunjung Teja,3604,KABUPATEN SERANG,36,BANTEN
360422,Baros,3604,KABUPATEN SERANG,36,BANTEN
360423,Cikeusal,3604,KABUPATEN SERANG,36,BANTEN
360424,Pamarayan,3604,KABUPATEN SERANG,36,BANTEN
360425,Kopo,3604,KABUPATEN SERANG,36,BANTEN
360426,Jawilan,3604,KABUPATEN SERANG,36,BANTEN
360427,Ciomas,3604,KABUPATEN SERANG,36,BANTEN
360428,Pabuaran,3604,KABUPATEN SERANG,36,BANTEN
360429,Padarincang,3604,KABUPATEN SERANG,36,BANTEN
360430,Anyar,3604,KABUPATEN SERANG,36,BANTEN
360431,Cinangka,3604,KABUPATEN SERANG,36,BANTEN
360432,Mancak,3604,KABUPATEN SERANG,36,BANTEN
360433,Gunung Sari,3604,KABUPATEN SERANG,36,BANTEN
360434,Bandung,3604,KABUPATEN SERANG,36,BANTEN
360435,Lebak Wangi,3604,KABUPATEN SERANG,36,BANTEN
367101,Tangerang,3671,KOTA TANGERANG,36,BANTEN
367102,Jatiuwung,3671,KOTA TANGERANG,36,BANTEN
367103,Batuceper,3671,KOTA TANGERANG,36,BANTEN
367104,Benda,3671,KOTA TANGERANG,36,BANTEN
367105,Cipondoh,3671,KOTA TANGERANG,36,BANTEN
367106,Ciledug,3671,KOTA TANGERANG,36,BANTEN
367107,Karawaci,3671,KOTA TANGERANG,36,BANTEN
367108,Periuk,3671,KOTA TANGERANG,36,BANTEN
367109,Cibodas,3671,KOTA TANGERANG,36,BANTEN
367110,Neglasari,3671,KOTA TANGERANG,36,BANTEN
367111,Pinang,3671,KOTA TANGERANG,36,BANTEN
367112,Karang Tengah,3671,KOTA TANGERANG,36,BANTEN
367113,Larangan,3671,KOTA TANGERANG,36,BANTEN
367201,Cibeber,3672,KOTA CILEGON,36,BANTEN
367202,Cilegon,3672,KOTA CILEGON,36,BANTEN
367203,Pulomerak,3672,KOTA CILEGON,36,BANTEN
367204,Ciwandan,3672,KOTA CILEGON,36,BANTEN
367205,Jombang,3672,KOTA CILEGON,36,BANTEN
367206,Gerogol,3672,KOTA CILEGON,36,BANTEN
367207,Purwakarta,3672,KOTA CILEGON,36,BANTEN
367208,Citangkil,3672,KOTA CILEGON,36,BANTEN
367301,Serang,3673,KOTA SERANG,36,BANTEN
367302,Kasemen,3673,KOTA SERANG,36,BANTEN
367303,Walantaka,3673,KOTA SERANG,36,BANTEN
367304,Curug,3673,KOTA SERANG,36,BANTEN
367305,Cipocok Jaya,3673,KOTA SERANG,36,BANTEN
367306,Taktakan,3673,KOTA SERANG,36,BANTEN
367401,Serpong,3674,KOTA TANGERANG SELATAN,36,BANTEN
367402,Serpong Utara,3674,KOTA TANGERANG SELATAN,36,BANTEN
367403,Pondok Aren,3674,KOTA TANGERANG SELATAN,36,BANTEN
367404,Ciputat,3674,KOTA TANGERANG SELATAN,36,BANTEN
367405,Ciputat Timur,3674,KOTA TANGERANG SELATAN,36,BANTEN
367406,Pamulang,3674,KOTA TANGERANG SELATAN,36,BANTEN
367407,Setu,3674,KOTA TANGERANG SELATAN,36,BANTEN
510101,Negara,5101,KABUPATEN JEMBRANA,51,BALI
510102,Mendoyo,5101,KABUPATEN JEMBRANA,51,BALI
510103,Pekutatan,5101,KABUPATEN JEMBRANA,51,BALI
510104,Melaya,5101,KABUPATEN JEMBRANA,51,BALI
510105,Jembrana,5101,KABUPATEN JEMBRANA,51,BALI
510201,Selemadeg,5102,KABUPATEN TABANAN,51,BALI
510202,Salamadeg Timur,5102,KABUPATEN TABANAN,51,BALI
510203,Salemadeg Barat,5102,KABUPATEN TABANAN,51,BALI
510204,Kerambitan,5102,KABUPATEN TABANAN,51,BALI
510205,Tabanan,5102,KABUPATEN TABANAN,51,BALI
510206,Kediri,5102,KABUPATEN TABANAN,51,BALI
510207,Marga,5102,KABUPATEN TABANAN,51,BALI
510208,Penebel,5102,KABUPATEN TABANAN,51,BALI
510209,Baturiti,5102,KABUPATEN TABANAN,51,BALI
510210,Pupuan,5102,KABUPATEN TABANAN,51,BALI
510301,Kuta,5103,KABUPATEN BADUNG,51,BALI
510302,Mengwi,5103,KABUPATEN BADUNG,51,BALI
510303,Abiansemal,5103,KABUPATEN BADUNG,51,BALI
510304,Petang,5103,KABUPATEN BADUNG,51,BALI
510305,Kuta Selatan,5103,KABUPATEN BADUNG,51,BALI
510306,Kuta Utara,5103,KABUPATEN BADUNG,51,BALI
510401,Sukawati,5104,KABUPATEN GIANYAR,51,BALI
510402,Blahbatuh,5104,KABUPATEN GIANYAR,51,BALI
510403,Gianyar,5104,KABUPATEN GIANYAR,51,BALI
510404,Tampaksiring,5104,KABUPATEN GIANYAR,51,BALI
510405,Ubud,5104,KABUPATEN GIANYAR,51,BALI
510406,Tegallalang,5104,KABUPATEN GIANYAR,51,BALI
510407,Payangan,5104,KABUPATEN GIANYAR,51,BALI
510501,Nusa Penida,5105,KABUPATEN KLUNGKUNG,51,BALI
510502,Banjarangkan,5105,KABUPATEN KLUNGKUNG,51,BALI
510503,Klungkung,5105,KABUPATEN KLUNGKUNG,51,BALI
510504,Dawan,5105,KABUPATEN KLUNGKUNG,51,BALI
510601,Susut,5106,KABUPATEN BANGLI,51,BALI
510602,Bangli,5106,KABUPATEN BANGLI,51,BALI
510603,Tembuku,5106,KABUPATEN BANGLI,51,BALI
510604,Kintamani,5106,KABUPATEN BANGLI,51,BALI
510701,Rendang,5107,KABUPATEN KARANGASEM,51,BALI
510702,Sidemen,5107,KABUPATEN KARANGASEM,51,BALI
510703,Manggis,5107,KABUPATEN KARANGASEM,51,BALI
510704,Karangasem,5107,KABUPATEN KARANGASEM,51,BALI
510705,Abang,5107,KABUPATEN KARANGASEM,51,BALI
510706,Bebandem,5107,KABUPATEN KARANGASEM,51,BALI
510707,Selat,5107,KABUPATEN KARANGASEM,51,BALI
510708,Kubu,5107,KABUPATEN KARANGASEM,51,BALI
510801,Gerokgak,5108,KABUPATEN BULELENG,51,BALI
510802,Seririt,5108,KABUPATEN BULELENG,51,BALI
510803,Busungbiu,5108,KABUPATEN BULELENG,51,BALI
510804,Banjar,5108,KABUPATEN BULELENG,51,BALI
510805,Sukasada,5108,KABUPATEN BULELENG,51,BALI
510806,Buleleng,5108,KABUPATEN BULELENG,51,BALI
510807,Sawan,5108,KABUPATEN BULELENG,51,BALI
510808,Kubutambahan,5108,KABUPATEN BULELENG,51,BALI
510809,Tejakula,5108,KABUPATEN BULELENG,51,BALI
517101,Denpasar Selatan,5171,KOTA DENPASAR,51,BALI
517102,Denpasar Timur,5171,KOTA DENPASAR,51,BALI
517103,Denpasar Barat,5171,KOTA DENPASAR,51,BALI
517104,Denpasar Utara,5171,KOTA DENPASAR,51,BALI
520101,Gerung,5201,KABUPATEN LOMBOK BARAT,52,NUSA TENGGARA BARAT
520102,Kediri,5201,KABUPATEN LOMBOK BARAT,52,NUSA TENGGARA BARAT
520103,Narmada,5201,KABUPATEN LOMBOK BARAT,52,NUSA TENGGARA BARAT
520107,Sekotong,5201,KABUPATEN LOMBOK BARAT,52,NUSA TENGGARA BARAT
520108,Labuapi,5201,KABUPATEN LOMBOK BARAT,52,NUSA TENGGARA BARAT
520109,Gunungsari,5201,KABUPATEN LOMBOK BARAT,52,NUSA TENGGARA BARAT
520112,Lingsar,5201,KABUPATEN LOMBOK BARAT,52,NUSA TENGGARA BARAT
520113,Lembar,5201,KABUPATEN LOMBOK BARAT,52,NUSA TENGGARA BARAT
520114,Batu Layar,5201,KABUPATEN LOMBOK BARAT,52,NUSA TENGGARA BARAT
520115,Kuripan,5201,KABUPATEN LOMBOK BARAT,52,NUSA TENGGARA BARAT
520201,Praya,5202,KABUPATEN LOMBOK TENGAH,52,NUSA TENGGARA BARAT
520202,Jonggat,5202,KABUPATEN LOMBOK TENGAH,52,NUSA TENGGARA BARAT
520203,Batukliang,5202,KABUPATEN LOMBOK TENGAH,52,NUSA TENGGARA BARAT
520204,Pujut,5202,KABUPATEN LOMBOK TENGAH,52,NUSA TENGGARA BARAT
520205,Praya Barat,5202,KABUPATEN LOMBOK TENGAH,52,NUSA TENGGARA BARAT
520206,Praya Timur,5202,KABUPATEN LOMBOK TENGAH,52,NUSA TENGGARA BARAT
520207,Janapria,5202,KABUPATEN LOMBOK TENGAH,52,NUSA TENGGARA BARAT
520208,Pringgarata,5202,KABUPATEN LOMBOK TENGAH,52,NUSA TENGGARA BARAT
520209,Kopang,5202,KABUPATEN LOMBOK TENGAH,52,NUSA TENGGARA BARAT
520210,Praya Tengah,5202,KABUPATEN LOMBOK TENGAH,52,NUSA TENGGARA BARAT
520211,Praya Barat Daya,5202,KABUPATEN LOMBOK TENGAH,52,NUSA TENGGARA BARAT
520212,Batukliang Utara,5202,KABUPATEN LOMBOK TENGAH,52,NUSA TENGGARA BARAT
520301,Keruak,5203,KABUPATEN LOMBOK TIMUR,52,NUSA TENGGARA BARAT
520302,Sakra,5203,KABUPATEN LOMBOK TIMUR,52,NUSA TENGGARA BARAT
520303,Terara,5203,KABUPATEN LOMBOK TIMUR,52,NUSA TENGGARA BARAT
520304,Sikur,5203,KABUPATEN LOMBOK TIMUR,52,NUSA TENGGARA BARAT
520305,Masbagik,5203,KABUPATEN LOMBOK TIMUR,52,NUSA TENGGARA BARAT
520306,Sukamulia,5203,KABUPATEN LOMBOK TIMUR,52,NUSA TENGGARA BARAT
520307,Selong,5203,KABUPATEN LOMBOK TIMUR,52,NUSA TENGGARA BARAT
520308,Pringgabaya,5203,KABUPATEN LOMBOK TIMUR,52,NUSA TENGGARA BARAT
520309,Aikmel,5203,KABUPATEN LOMBOK TIMUR,52,NUSA TENGGARA BARAT
520310,Sambelia,5203,KABUPATEN LOMBOK TIMUR,52,NUSA TENGGARA BARAT
520311,Montong Gading,5203,KABUPATEN LOMBOK TIMUR,52,NUSA TENGGARA BARAT
520312,Pringgasela,5203,KABUPATEN LOMBOK TIMUR,52,NUSA TENGGARA BARAT
520313,Suralaga,5203,KABUPATEN LOMBOK TIMUR,52,NUSA TENGGARA BARAT
520314,Wanasaba,5203,KABUPATEN LOMBOK TIMUR,52,NUSA TENGGARA BARAT
520315,Sembalun,5203,KABUPATEN LOMBOK TIMUR,52,NUSA TENGGARA BARAT
520316,Suwela,5203,KABUPATEN LOMBOK TIMUR,52,NUSA TENGGARA BARAT
520317,Labuhan Haji,5203,KABUPATEN LOMBOK TIMUR,52,NUSA TENGGARA BARAT
520318,Sakra Timur,5203,KABUPATEN LOMBOK TIMUR,52,NUSA TENGGARA BARAT
520319,Sakra Barat,5203,KABUPATEN LOMBOK TIMUR,52,NUSA TENGGARA BARAT
520320,Jerowaru,5203,KABUPATEN LOMBOK TIMUR,52,NUSA TENGGARA BARAT
520321,Lenek,5203,KABUPATEN LOMBOK TIMUR,52,NUSA TENGGARA BARAT
520402,Lunyuk,5204,KABUPATEN SUMBAWA,52,NUSA TENGGARA BARAT
520405,Alas,5204,KABUPATEN SUMBAWA,52,NUSA TENGGARA BARAT
520406,Utan,5204,KABUPATEN SUMBAWA,52,NUSA TENGGARA BARAT
520407,Batu Lanteh,5204,KABUPATEN SUMBAWA,52,NUSA TENGGARA BARAT
520408,Sumbawa,5204,KABUPATEN SUMBAWA,52,NUSA TENGGARA BARAT
520409,Moyo Hilir,5204,KABUPATEN SUMBAWA,52,NUSA TENGGARA BARAT
520410,Moyo Hulu,5204,KABUPATEN SUMBAWA,52,NUSA TENGGARA BARAT
520411,Ropang,5204,KABUPATEN SUMBAWA,52,NUSA TENGGARA BARAT
520412,Lape,5204,KABUPATEN SUMBAWA,52,NUSA TENGGARA BARAT
520413,Plampang,5204,KABUPATEN SUMBAWA,52,NUSA TENGGARA BARAT
520414,Empang,5204,KABUPATEN SUMBAWA,52,NUSA TENGGARA BARAT
520417,Alas Barat,5204,KABUPATEN SUMBAWA,52,NUSA TENGGARA BARAT
520418,Labuhan Badas,5204,KABUPATEN SUMBAWA,52,NUSA TENGGARA BARAT
520419,Labangka,5204,KABUPATEN SUMBAWA,52,NUSA TENGGARA BARAT
520420,Buer,5204,KABUPATEN SUMBAWA,52,NUSA TENGGARA BARAT
520421,Rhee,5204,KABUPATEN SUMBAWA,52,NUSA TENGGARA BARAT
520422,Unter Iwes,5204,KABUPATEN SUMBAWA,52,NUSA TENGGARA BARAT
520423,Moyo Utara,5204,KABUPATEN SUMBAWA,52,NUSA TENGGARA BARAT
520424,Maronge,5204,KABUPATEN SUMBAWA,52,NUSA TENGGARA BARAT
520425,Tarano,5204,KABUPATEN SUMBAWA,52,NUSA TENGGARA BARAT
520426,Lopok,5204,KABUPATEN SUMBAWA,52,NUSA TENGGARA BARAT
520427,Lenangguar,5204,KABUPATEN SUMBAWA,52,NUSA TENGGARA BARAT
520428,Orong Telu,5204,KABUPATEN SUMBAWA,52,NUSA TENGGARA BARAT
520429,Lantung,5204,KABUPATEN SUMBAWA,52,NUSA TENGGARA BARAT
520501,Dompu,5205,KABUPATEN DOMPU,52,NUSA TENGGARA BARAT
520502,Kempo,5205,KABUPATEN DOMPU,52,NUSA TENGGARA BARAT
520503,Hu'u,5205,KABUPATEN DOMPU,52,NUSA TENGGARA BARAT
520504,Kilo,5205,KABUPATEN DOMPU,52,NUSA TENGGARA BARAT
520505,Woja,5205,KABUPATEN DOMPU,52,NUSA TENGGARA BARAT
520506,Pekat,5205,KABUPATEN DOMPU,52,NUSA TENGGARA BARAT
520507,Manggalewa,5205,KABUPATEN DOMPU,52,NUSA TENGGARA BARAT
520508,Pajo,5205,KABUPATEN DOMPU,52,NUSA TENGGARA BARAT
520601,Monta,5206,KABUPATEN BIMA,52,NUSA TENGGARA BARAT
520602,Bolo,5206,KABUPATEN BIMA,52,NUSA TENGGARA BARAT
520603,Woha,5206,KABUPATEN BIMA,52,NUSA TENGGARA BARAT
520604,Belo,5206,KABUPATEN BIMA,52,NUSA TENGGARA BARAT
520605,Wawo,5206,KABUPATEN BIMA,52,NUSA TENGGARA BARAT
520606,Sape,5206,KABUPATEN BIMA,52,NUSA TENGGARA BARAT
520607,Wera,5206,KABUPATEN BIMA,52,NUSA TENGGARA BARAT
520608,Donggo,5206,KABUPATEN BIMA,52,NUSA TENGGARA BARAT
520609,Sanggar,5206,KABUPATEN BIMA,52,NUSA TENGGARA BARAT
520610,Ambalawi,5206,KABUPATEN BIMA,52,NUSA TENGGARA BARAT
520611,Langgudu,5206,KABUPATEN BIMA,52,NUSA TENGGARA BARAT
520612,Lambu,5206,KABUPATEN BIMA,52,NUSA TENGGARA BARAT
520613,Madapangga,5206,KABUPATEN BIMA,52,NUSA TENGGARA BARAT
520614,Tambora,5206,KABUPATEN BIMA,52,NUSA TENGGARA BARAT
520615,Soromandi,5206,KABUPATEN BIMA,52,NUSA TENGGARA BARAT
520616,Parado,5206,KABUPATEN BIMA,52,NUSA TENGGARA BARAT
520617,Lambitu,5206,KABUPATEN BIMA,52,NUSA TENGGARA BARAT
520618,Palibelo,5206,KABUPATEN BIMA,52,NUSA TENGGARA BARAT
520701,Jereweh,5207,KABUPATEN SUMBAWA BARAT,52,NUSA TENGGARA BARAT
520702,Taliwang,5207,KABUPATEN SUMBAWA BARAT,52,NUSA TENGGARA BARAT
520703,Seteluk,5207,KABUPATEN SUMBAWA BARAT,52,NUSA TENGGARA BARAT
520704,Sekongkang,5207,KABUPATEN SUMBAWA BARAT,52,NUSA TENGGARA BARAT
520705,Brang Rea,5207,KABUPATEN SUMBAWA BARAT,52,NUSA TENGGARA BARAT
520706,Poto Tano,5207,KABUPATEN SUMBAWA BARAT,52,NUSA TENGGARA BARAT
520707,Brang Ene,5207,KABUPATEN SUMBAWA BARAT,52,NUSA TENGGARA BARAT
520708,Maluk,5207,KABUPATEN SUMBAWA BARAT,52,NUSA TENGGARA BARAT
520801,Tanjung,5208,KABUPATEN LOMBOK UTARA,52,NUSA TENGGARA BARAT
520802,Gangga,5208,KABUPATEN LOMBOK UTARA,52,NUSA TENGGARA BARAT
520803,Kayangan,5208,KABUPATEN LOMBOK UTARA,52,NUSA TENGGARA BARAT
520804,Bayan,5208,KABUPATEN LOMBOK UTARA,52,NUSA TENGGARA BARAT
520805,Pemenang,5208,KABUPATEN LOMBOK UTARA,52,NUSA TENGGARA BARAT
527101,Ampenan,5271,KOTA MATARAM,52,NUSA TENGGARA BARAT
527102,Mataram,5271,KOTA MATARAM,52,NUSA TENGGARA BARAT
527103,Cakranegara,5271,KOTA MATARAM,52,NUSA TENGGARA BARAT
527104,Sekarbela,5271,KOTA MATARAM,52,NUSA TENGGARA BARAT
527105,Selaprang,5271,KOTA MATARAM,52,NUSA TENGGARA BARAT
527106,Sandubaya,5271,KOTA MATARAM,52,NUSA TENGGARA BARAT
527201,RasanaE Barat,5272,KOTA BIMA,52,NUSA TENGGARA BARAT
527202,RasanaE Timur,5272,KOTA BIMA,52,NUSA TENGGARA BARAT
527203,Asakota,5272,KOTA BIMA,52,NUSA TENGGARA BARAT
527204,Raba,5272,KOTA BIMA,52,NUSA TENGGARA BARAT
527205,Mpunda,5272,KOTA BIMA,52,NUSA TENGGARA BARAT
530104,Semau,5301,KABUPATEN KUPANG,53,NUSA TENGGARA TIMUR
530105,Kupang Barat,5301,KABUPATEN KUPANG,53,NUSA TENGGARA TIMUR
530106,Kupang Timur,5301,KABUPATEN KUPANG,53,NUSA TENGGARA TIMUR
530107,Sulamu,5301,KABUPATEN KUPANG,53,NUSA TENGGARA TIMUR
530108,Kupang Tengah,5301,KABUPATEN KUPANG,53,NUSA TENGGARA TIMUR
530109,Amarasi,5301,KABUPATEN KUPANG,53,NUSA TENGGARA TIMUR
530110,Fatuleu,5301,KABUPATEN KUPANG,53,NUSA TENGGARA TIMUR
530111,Takari,5301,KABUPATEN KUPANG,53,NUSA TENGGARA TIMUR
530112,Amfoang Selatan,5301,KABUPATEN KUPANG,53,NUSA TENGGARA TIMUR
530113,Amfoang Utara,5301,KABUPATEN KUPANG,53,NUSA TENGGARA TIMUR
530116,Nekamese,5301,KABUPATEN KUPANG,53,NUSA TENGGARA TIMUR
530117,Amarasi Barat,5301,KABUPATEN KUPANG,53,NUSA TENGGARA TIMUR
530118,Amarasi Selatan,5301,KABUPATEN KUPANG,53,NUSA TENGGARA TIMUR
530119,Amarasi Timur,5301,KABUPATEN KUPANG,53,NUSA TENGGARA TIMUR
530120,Amabi Oefeto Timur,5301,KABUPATEN KUPANG,53,NUSA TENGGARA TIMUR
530121,Amfoang Barat Daya,5301,KABUPATEN KUPANG,53,NUSA TENGGARA TIMUR
530122,Amfoang Barat Laut,5301,KABUPATEN KUPANG,53,NUSA TENGGARA TIMUR
530123,Semau Selatan,5301,KABUPATEN KUPANG,53,NUSA TENGGARA TIMUR
530124,Taebenu,5301,KABUPATEN KUPANG,53,NUSA TENGGARA TIMUR
530125,Amabi Oefeto,5301,KABUPATEN KUPANG,53,NUSA TENGGARA TIMUR
530126,Amfoang Timur,5301,KABUPATEN KUPANG,53,NUSA TENGGARA TIMUR
530127,Fatuleu Barat,5301,KABUPATEN KUPANG,53,NUSA TENGGARA TIMUR
530128,Fatuleu Tengah,5301,KABUPATEN KUPANG,53,NUSA TENGGARA TIMUR
530130,Amfoang Tengah,5301,KABUPATEN KUPANG,53,NUSA TENGGARA TIMUR
530201,Kota Soe,5302,KABUPATEN TIMOR TENGAH SELATAN,53,NUSA TENGGARA TIMUR
530202,Mollo Selatan,5302,KABUPATEN TIMOR TENGAH SELATAN,53,NUSA TENGGARA TIMUR
530203,Mollo Utara,5302,KABUPATEN TIMOR TENGAH SELATAN,53,NUSA TENGGARA TIMUR
530204,Amanuban Timur,5302,KABUPATEN TIMOR TENGAH SELATAN,53,NUSA TENGGARA TIMUR
530205,Amanuban Tengah,5302,KABUPATEN TIMOR TENGAH SELATAN,53,NUSA TENGGARA TIMUR
530206,Amanuban Selatan,5302,KABUPATEN TIMOR TENGAH SELATAN,53,NUSA TENGGARA TIMUR
530207,Amanuban Barat,5302,KABUPATEN TIMOR TENGAH SELATAN,53,NUSA TENGGARA TIMUR
530208,Amanatun Selatan,5302,KABUPATEN TIMOR TENGAH SELATAN,53,NUSA TENGGARA TIMUR
530209,Amanatun Utara,5302,KABUPATEN TIMOR TENGAH SELATAN,53,NUSA TENGGARA TIMUR
530210,KI'E,5302,KABUPATEN TIMOR TENGAH SELATAN,53,NUSA TENGGARA TIMUR
530211,Kuanfatu,5302,KABUPATEN TIMOR TENGAH SELATAN,53,NUSA TENGGARA TIMUR
530212,Fatumnasi,5302,KABUPATEN TIMOR TENGAH SELATAN,53,NUSA TENGGARA TIMUR
530213,Polen,5302,KABUPATEN TIMOR TENGAH SELATAN,53,NUSA TENGGARA TIMUR
530214,Batu Putih,5302,KABUPATEN TIMOR TENGAH SELATAN,53,NUSA TENGGARA TIMUR
530215,Boking,5302,KABUPATEN TIMOR TENGAH SELATAN,53,NUSA TENGGARA TIMUR
530216,Toianas,5302,KABUPATEN TIMOR TENGAH SELATAN,53,NUSA TENGGARA TIMUR
530217,Nunkolo,5302,KABUPATEN TIMOR TENGAH SELATAN,53,NUSA TENGGARA TIMUR
530218,Oenino,5302,KABUPATEN TIMOR TENGAH SELATAN,53,NUSA TENGGARA TIMUR
530219,Kolbano,5302,KABUPATEN TIMOR TENGAH SELATAN,53,NUSA TENGGARA TIMUR
530220,Kot olin,5302,KABUPATEN TIMOR TENGAH SELATAN,53,NUSA TENGGARA TIMUR
530221,Kualin,5302,KABUPATEN TIMOR TENGAH SELATAN,53,NUSA TENGGARA TIMUR
530222,Mollo Barat,5302,KABUPATEN TIMOR TENGAH SELATAN,53,NUSA TENGGARA TIMUR
530223,Kok Baun,5302,KABUPATEN TIMOR TENGAH SELATAN,53,NUSA TENGGARA TIMUR
530224,Noebana,5302,KABUPATEN TIMOR TENGAH SELATAN,53,NUSA TENGGARA TIMUR
530225,Santian,5302,KABUPATEN TIMOR TENGAH SELATAN,53,NUSA TENGGARA TIMUR
530226,Noebeba,5302,KABUPATEN TIMOR TENGAH SELATAN,53,NUSA TENGGARA TIMUR
530227,Kuatnana,5302,KABUPATEN TIMOR TENGAH SELATAN,53,NUSA TENGGARA TIMUR
530228,Fautmolo,5302,KABUPATEN TIMOR TENGAH SELATAN,53,NUSA TENGGARA TIMUR
530229,Fatukopa,5302,KABUPATEN TIMOR TENGAH SELATAN,53,NUSA TENGGARA TIMUR
530230,Mollo Tengah,5302,KABUPATEN TIMOR TENGAH SELATAN,53,NUSA TENGGARA TIMUR
530231,Tobu,5302,KABUPATEN TIMOR TENGAH SELATAN,53,NUSA TENGGARA TIMUR
530232,Nunbena,5302,KABUPATEN TIMOR TENGAH SELATAN,53,NUSA TENGGARA TIMUR
530301,Miomafo Timur,5303,KABUPATEN TIMOR TENGAH UTARA,53,NUSA TENGGARA TIMUR
530302,Miomafo Barat,5303,KABUPATEN TIMOR TENGAH UTARA,53,NUSA TENGGARA TIMUR
530303,Biboki Selatan,5303,KABUPATEN TIMOR TENGAH UTARA,53,NUSA TENGGARA TIMUR
530304,Noemuti,5303,KABUPATEN TIMOR TENGAH UTARA,53,NUSA TENGGARA TIMUR
530305,Kota Kefamenanu,5303,KABUPATEN TIMOR TENGAH UTARA,53,NUSA TENGGARA TIMUR
530306,Biboki Utara,5303,KABUPATEN TIMOR TENGAH UTARA,53,NUSA TENGGARA TIMUR
530307,Biboki Anleu,5303,KABUPATEN TIMOR TENGAH UTARA,53,NUSA TENGGARA TIMUR
530308,Insana,5303,KABUPATEN TIMOR TENGAH UTARA,53,NUSA TENGGARA TIMUR
530309,Insana Utara,5303,KABUPATEN TIMOR TENGAH UTARA,53,NUSA TENGGARA TIMUR
530310,Noemuti Timur,5303,KABUPATEN TIMOR TENGAH UTARA,53,NUSA TENGGARA TIMUR
530311,Miomaffo Tengah,5303,KABUPATEN TIMOR TENGAH UTARA,53,NUSA TENGGARA TIMUR
530312,Musi,5303,KABUPATEN TIMOR TENGAH UTARA,53,NUSA TENGGARA TIMUR
530313,Mutis,5303,KABUPATEN TIMOR TENGAH UTARA,53,NUSA TENGGARA TIMUR
530314,Bikomi Selatan,5303,KABUPATEN TIMOR TENGAH UTARA,53,NUSA TENGGARA TIMUR
530315,Bikomi Tengah,5303,KABUPATEN TIMOR TENGAH UTARA,53,NUSA TENGGARA TIMUR
530316,Bikomi Nilulat,5303,KABUPATEN TIMOR TENGAH UTARA,53,NUSA TENGGARA TIMUR
530317,Bikomi Utara,5303,KABUPATEN TIMOR TENGAH UTARA,53,NUSA TENGGARA TIMUR
530318,Naibenu,5303,KABUPATEN TIMOR TENGAH UTARA,53,NUSA TENGGARA TIMUR
530319,Insana Fafinesu,5303,KABUPATEN TIMOR TENGAH UTARA,53,NUSA TENGGARA TIMUR
530320,Insana Barat,5303,KABUPATEN TIMOR TENGAH UTARA,53,NUSA TENGGARA TIMUR
530321,Insana Tengah,5303,KABUPATEN TIMOR TENGAH UTARA,53,NUSA TENGGARA TIMUR
530322,Biboki Tan Pah,5303,KABUPATEN TIMOR TENGAH UTARA,53,NUSA TENGGARA TIMUR
530323,Biboki Moenleu,5303,KABUPATEN TIMOR TENGAH UTARA,53,NUSA TENGGARA TIMUR
530324,Biboki Feotleu,5303,KABUPATEN TIMOR TENGAH UTARA,53,NUSA TENGGARA TIMUR
530401,Lamaknen,5304,KABUPATEN BELU,53,NUSA TENGGARA TIMUR
530402,TasifetoTimur,5304,KABUPATEN BELU,53,NUSA TENGGARA TIMUR
530403,Raihat,5304,KABUPATEN BELU,53,NUSA TENGGARA TIMUR
530404,Tasifeto Barat,5304,KABUPATEN BELU,53,NUSA TENGGARA TIMUR
530405,Kakuluk Mesak,5304,KABUPATEN BELU,53,NUSA TENGGARA TIMUR
530412,Kota Atambua,5304,KABUPATEN BELU,53,NUSA TENGGARA TIMUR
530413,Raimanuk,5304,KABUPATEN BELU,53,NUSA TENGGARA TIMUR
530417,Lasiolat,5304,KABUPATEN BELU,53,NUSA TENGGARA TIMUR
530418,Lamaknen Selatan,5304,KABUPATEN BELU,53,NUSA TENGGARA TIMUR
530421,Atambua Barat,5304,KABUPATEN BELU,53,NUSA TENGGARA TIMUR
530422,Atambua Selatan,5304,KABUPATEN BELU,53,NUSA TENGGARA TIMUR
530423,Nanaet Duabesi,5304,KABUPATEN BELU,53,NUSA TENGGARA TIMUR
530501,Teluk Mutiara,5305,KABUPATEN ALOR,53,NUSA TENGGARA TIMUR
530502,Alor Barat Laut,5305,KABUPATEN ALOR,53,NUSA TENGGARA TIMUR
530503,Alor Barat Daya,5305,KABUPATEN ALOR,53,NUSA TENGGARA TIMUR
530504,Alor Selatan,5305,KABUPATEN ALOR,53,NUSA TENGGARA TIMUR
530505,Alor Timur,5305,KABUPATEN ALOR,53,NUSA TENGGARA TIMUR
530506,Pantar,5305,KABUPATEN ALOR,53,NUSA TENGGARA TIMUR
530507,Alor Tengah Utara,5305,KABUPATEN ALOR,53,NUSA TENGGARA TIMUR
530508,Alor Timur Laut,5305,KABUPATEN ALOR,53,NUSA TENGGARA TIMUR
530509,Pantar Barat,5305,KABUPATEN ALOR,53,NUSA TENGGARA TIMUR
530510,Kabola,5305,KABUPATEN ALOR,53,NUSA TENGGARA TIMUR
530511,Pulau Pura,5305,KABUPATEN ALOR,53,NUSA TENGGARA TIMUR
530512,Mataru,5305,KABUPATEN ALOR,53,NUSA TENGGARA TIMUR
530513,Pureman,5305,KABUPATEN ALOR,53,NUSA TENGGARA TIMUR
530514,Pantar Timur,5305,KABUPATEN ALOR,53,NUSA TENGGARA TIMUR
530515,Lembur,5305,KABUPATEN ALOR,53,NUSA TENGGARA TIMUR
530516,Pantar Tengah,5305,KABUPATEN ALOR,53,NUSA TENGGARA TIMUR
530517,Pantar Baru Laut,5305,KABUPATEN ALOR,53,NUSA TENGGARA TIMUR
530518,Abad Selatan,5305,KABUPATEN ALOR,53,NUSA TENGGARA TIMUR
530601,Wulanggitang,5306,KABUPATEN FLORES TIMUR,53,NUSA TENGGARA TIMUR
530602,Titehena,5306,KABUPATEN FLORES TIMUR,53,NUSA TENGGARA TIMUR
530603,Larantuka,5306,KABUPATEN FLORES TIMUR,53,NUSA TENGGARA TIMUR
530604,Ile Mandiri,5306,KABUPATEN FLORES TIMUR,53,NUSA TENGGARA TIMUR
530605,Tanjung Bunga,5306,KABUPATEN FLORES TIMUR,53,NUSA TENGGARA TIMUR
530606,Solor Barat,5306,KABUPATEN FLORES TIMUR,53,NUSA TENGGARA TIMUR
530607,Solor Timur,5306,KABUPATEN FLORES TIMUR,53,NUSA TENGGARA TIMUR
530608,Adonara Barat,5306,KABUPATEN FLORES TIMUR,53,NUSA TENGGARA TIMUR
530609,Wotan Ulumando,5306,KABUPATEN FLORES TIMUR,53,NUSA TENGGARA TIMUR
530610,Adonara Timur,5306,KABUPATEN FLORES TIMUR,53,NUSA TENGGARA TIMUR
530611,Kelubagolit,5306,KABUPATEN FLORES TIMUR,53,NUSA TENGGARA TIMUR
530612,Witihama,5306,KABUPATEN FLORES TIMUR,53,NUSA TENGGARA TIMUR
530613,Ile Boleng,5306,KABUPATEN FLORES TIMUR,53,NUSA TENGGARA TIMUR
530614,Demon Pagong,5306,KABUPATEN FLORES TIMUR,53,NUSA TENGGARA TIMUR
530615,Lewolema,5306,KABUPATEN FLORES TIMUR,53,NUSA TENGGARA TIMUR
530616,Ile Bura,5306,KABUPATEN FLORES TIMUR,53,NUSA TENGGARA TIMUR
530617,Adonara,5306,KABUPATEN FLORES TIMUR,53,NUSA TENGGARA TIMUR
530618,Adonara Tengah,5306,KABUPATEN FLORES TIMUR,53,NUSA TENGGARA TIMUR
530619,Solor Selatan,5306,KABUPATEN FLORES TIMUR,53,NUSA TENGGARA TIMUR
530701,Paga,5307,KABUPATEN SIKKA,53,NUSA TENGGARA TIMUR
530702,Mego,5307,KABUPATEN SIKKA,53,NUSA TENGGARA TIMUR
530703,Lela,5307,KABUPATEN SIKKA,53,NUSA TENGGARA TIMUR
530704,Nita,5307,KABUPATEN SIKKA,53,NUSA TENGGARA TIMUR
530705,Alok,5307,KABUPATEN SIKKA,53,NUSA TENGGARA TIMUR
530706,Palue,5307,KABUPATEN SIKKA,53,NUSA TENGGARA TIMUR
530707,Nelle,5307,KABUPATEN SIKKA,53,NUSA TENGGARA TIMUR
530708,Talibura,5307,KABUPATEN SIKKA,53,NUSA TENGGARA TIMUR
530709,Waigete,5307,KABUPATEN SIKKA,53,NUSA TENGGARA TIMUR
530710,Kewapante,5307,KABUPATEN SIKKA,53,NUSA TENGGARA TIMUR
530711,Bola,5307,KABUPATEN SIKKA,53,NUSA TENGGARA TIMUR
530712,Magepanda,5307,KABUPATEN SIKKA,53,NUSA TENGGARA TIMUR
530713,Waiblama,5307,KABUPATEN SIKKA,53,NUSA TENGGARA TIMUR
530714,Alok Barat,5307,KABUPATEN SIKKA,53,NUSA TENGGARA TIMUR
530715,Alok Timur,5307,KABUPATEN SIKKA,53,NUSA TENGGARA TIMUR
530716,Koting,5307,KABUPATEN SIKKA,53,NUSA TENGGARA TIMUR
530717,Tana Wawo,5307,KABUPATEN SIKKA,53,NUSA TENGGARA TIMUR
530718,Hewokloang,5307,KABUPATEN SIKKA,53,NUSA TENGGARA TIMUR
530719,Kangae,5307,KABUPATEN SIKKA,53,NUSA TENGGARA TIMUR
530720,Doreng,5307,KABUPATEN SIKKA,53,NUSA TENGGARA TIMUR
530721,Mapitara,5307,KABUPATEN SIKKA,53,NUSA TENGGARA TIMUR
530801,Nangapanda,5308,KABUPATEN ENDE,53,NUSA TENGGARA TIMUR
530802,Pulau Ende,5308,KABUPATEN ENDE,53,NUSA TENGGARA TIMUR
530803,Ende,5308,KABUPATEN ENDE,53,NUSA TENGGARA TIMUR
530804,Ende Selatan,5308,KABUPATEN ENDE,53,NUSA TENGGARA TIMUR
530805,Ndona,5308,KABUPATEN ENDE,53,NUSA TENGGARA TIMUR
530806,Detusoko,5308,KABUPATEN ENDE,53,NUSA TENGGARA TIMUR
530807,Wewaria,5308,KABUPATEN ENDE,53,NUSA TENGGARA TIMUR
530808,Wolowaru,5308,KABUPATEN ENDE,53,NUSA TENGGARA TIMUR
530809,Wolojita,5308,KABUPATEN ENDE,53,NUSA TENGGARA TIMUR
530810,Maurole,5308,KABUPATEN ENDE,53,NUSA TENGGARA TIMUR
530811,Maukaro,5308,KABUPATEN ENDE,53,NUSA TENGGARA TIMUR
530812,Lio Timur,5308,KABUPATEN ENDE,53,NUSA TENGGARA TIMUR
530813,Kota Baru,5308,KABUPATEN ENDE,53,NUSA TENGGARA TIMUR
530814,Kelimutu,5308,KABUPATEN ENDE,53,NUSA TENGGARA TIMUR
530815,Detukeli,5308,KABUPATEN ENDE,53,NUSA TENGGARA TIMUR
530816,Ndona Timur,5308,KABUPATEN ENDE,53,NUSA TENGGARA TIMUR
530817,Ndori,5308,KABUPATEN ENDE,53,NUSA TENGGARA TIMUR
530818,Ende Utara,5308,KABUPATEN ENDE,53,NUSA TENGGARA TIMUR
530819,Ende Tengah,5308,KABUPATEN ENDE,53,NUSA TENGGARA TIMUR
530820,Ende Timur,5308,KABUPATEN ENDE,53,NUSA TENGGARA TIMUR
530821,Lepembusu Kelisoke,5308,KABUPATEN ENDE,53,NUSA TENGGARA TIMUR
530901,Aimere,5309,KABUPATEN NGADA,53,NUSA TENGGARA TIMUR
530902,Golewa,5309,KABUPATEN NGADA,53,NUSA TENGGARA TIMUR
530906,Bajawa,5309,KABUPATEN NGADA,53,NUSA TENGGARA TIMUR
530907,Soa,5309,KABUPATEN NGADA,53,NUSA TENGGARA TIMUR
530909,Riung,5309,KABUPATEN NGADA,53,NUSA TENGGARA TIMUR
530912,Jerebuu,5309,KABUPATEN NGADA,53,NUSA TENGGARA TIMUR
530914,Riung Barat,5309,KABUPATEN NGADA,53,NUSA TENGGARA TIMUR
530915,Bajawa Utara,5309,KABUPATEN NGADA,53,NUSA TENGGARA TIMUR
530916,Wolomeze,5309,KABUPATEN NGADA,53,NUSA TENGGARA TIMUR
530918,Golewa Selatan,5309,KABUPATEN NGADA,53,NUSA TENGGARA TIMUR
530919,Golewa Barat,5309,KABUPATEN NGADA,53,NUSA TENGGARA TIMUR
530920,Inerie,5309,KABUPATEN NGADA,53,NUSA TENGGARA TIMUR
531001,Wae Rii,5310,KABUPATEN MANGGARAI,53,NUSA TENGGARA TIMUR
531003,Ruteng,5310,KABUPATEN MANGGARAI,53,NUSA TENGGARA TIMUR
531005,Satar Mese,5310,KABUPATEN MANGGARAI,53,NUSA TENGGARA TIMUR
531006,Cibal,5310,KABUPATEN MANGGARAI,53,NUSA TENGGARA TIMUR
531011,Reok,5310,KABUPATEN MANGGARAI,53,NUSA TENGGARA TIMUR
531012,Langke Rembong,5310,KABUPATEN MANGGARAI,53,NUSA TENGGARA TIMUR
531013,Satar Mese Barat,5310,KABUPATEN MANGGARAI,53,NUSA TENGGARA TIMUR
531014,Rahong Utara,5310,KABUPATEN MANGGARAI,53,NUSA TENGGARA TIMUR
531015,Lelak,5310,KABUPATEN MANGGARAI,53,NUSA TENGGARA TIMUR
531016,Reok Barat,5310,KABUPATEN MANGGARAI,53,NUSA TENGGARA TIMUR
531017,Cibal barat,5310,KABUPATEN MANGGARAI,53,NUSA TENGGARA TIMUR
531018,Satar Mese Utara,5310,KABUPATEN MANGGARAI,53,NUSA TENGGARA TIMUR
531101,Kota Waingapu,5311,KABUPATEN SUMBA TIMUR,53,NUSA TENGGARA TIMUR
531102,Haharu,5311,KABUPATEN SUMBA TIMUR,53,NUSA TENGGARA TIMUR
531103,Lewa,5311,KABUPATEN SUMBA TIMUR,53,NUSA TENGGARA TIMUR
531104,Nggaha Ori Angu,5311,KABUPATEN SUMBA TIMUR,53,NUSA TENGGARA TIMUR
531105,Tabundung,5311,KABUPATEN SUMBA TIMUR,53,NUSA TENGGARA TIMUR
531106,Pinu Pahar,5311,KABUPATEN SUMBA TIMUR,53,NUSA TENGGARA TIMUR
531107,Pandawai,5311,KABUPATEN SUMBA TIMUR,53,NUSA TENGGARA TIMUR
531108,Umalulu,5311,KABUPATEN SUMBA TIMUR,53,NUSA TENGGARA TIMUR
531109,Rindi,5311,KABUPATEN SUMBA TIMUR,53,NUSA TENGGARA TIMUR
531110,Pahunga Lodu,5311,KABUPATEN SUMBA TIMUR,53,NUSA TENGGARA TIMUR
531111,Wulla Waijelu,5311,KABUPATEN SUMBA TIMUR,53,NUSA TENGGARA TIMUR
531112,Paberiwai,5311,KABUPATEN SUMBA TIMUR,53,NUSA TENGGARA TIMUR
531113,Karera,5311,KABUPATEN SUMBA TIMUR,53,NUSA TENGGARA TIMUR
531114,Kahaungu Eti,5311,KABUPATEN SUMBA TIMUR,53,NUSA TENGGARA TIMUR
531115,Matawai La Pawu,5311,KABUPATEN SUMBA TIMUR,53,NUSA TENGGARA TIMUR
531116,Kambera,5311,KABUPATEN SUMBA TIMUR,53,NUSA TENGGARA TIMUR
531117,Kambata Mapambuhang,5311,KABUPATEN SUMBA TIMUR,53,NUSA TENGGARA TIMUR
531118,Lewa Tidahu,5311,KABUPATEN SUMBA TIMUR,53,NUSA TENGGARA TIMUR
531119,Katala Hamu Lingu,5311,KABUPATEN SUMBA TIMUR,53,NUSA TENGGARA TIMUR
531120,Kanatang,5311,KABUPATEN SUMBA TIMUR,53,NUSA TENGGARA TIMUR
531121,Ngadu Ngala,5311,KABUPATEN SUMBA TIMUR,53,NUSA TENGGARA TIMUR
531122,Mahu,5311,KABUPATEN SUMBA TIMUR,53,NUSA TENGGARA TIMUR
531204,Tana Righu,5312,KABUPATEN SUMBA BARAT,53,NUSA TENGGARA TIMUR
531210,Loli,5312,KABUPATEN SUMBA BARAT,53,NUSA TENGGARA TIMUR
531211,Wanokaka,5312,KABUPATEN SUMBA BARAT,53,NUSA TENGGARA TIMUR
531212,Lamboya,5312,KABUPATEN SUMBA BARAT,53,NUSA TENGGARA TIMUR
531215,Kota Waikabubak,5312,KABUPATEN SUMBA BARAT,53,NUSA TENGGARA TIMUR
531218,Laboya Barat,5312,KABUPATEN SUMBA BARAT,53,NUSA TENGGARA TIMUR
531301,Naga Wutung,5313,KABUPATEN LEMBATA,53,NUSA TENGGARA TIMUR
531302,Atadei,5313,KABUPATEN LEMBATA,53,NUSA TENGGARA TIMUR
531303,Ile Ape,5313,KABUPATEN LEMBATA,53,NUSA TENGGARA TIMUR
531304,Lebatukan,5313,KABUPATEN LEMBATA,53,NUSA TENGGARA TIMUR
531305,Nubatukan,5313,KABUPATEN LEMBATA,53,NUSA TENGGARA TIMUR
531306,Omesuri,5313,KABUPATEN LEMBATA,53,NUSA TENGGARA TIMUR
531307,Buyasuri,5313,KABUPATEN LEMBATA,53,NUSA TENGGARA TIMUR
531308,Wulandoni,5313,KABUPATEN LEMBATA,53,NUSA TENGGARA TIMUR
531309,Ile Ape Timur,5313,KABUPATEN LEMBATA,53,NUSA TENGGARA TIMUR
531401,Rote Barat Daya,5314,KABUPATEN ROTE NDAO,53,NUSA TENGGARA TIMUR
531402,Rote Barat Laut,5314,KABUPATEN ROTE NDAO,53,NUSA TENGGARA TIMUR
531403,Lobalain,5314,KABUPATEN ROTE NDAO,53,NUSA TENGGARA TIMUR
531404,Rote Tengah,5314,KABUPATEN ROTE NDAO,53,NUSA TENGGARA TIMUR
531405,Pantai Baru,5314,KABUPATEN ROTE NDAO,53,NUSA TENGGARA TIMUR
531406,Rote Timur,5314,KABUPATEN ROTE NDAO,53,NUSA TENGGARA TIMUR
531407,Rote Barat,5314,KABUPATEN ROTE NDAO,53,NUSA TENGGARA TIMUR
531408,Rote Selatan,5314,KABUPATEN ROTE NDAO,53,NUSA TENGGARA TIMUR
531409,Ndao Nuse,5314,KABUPATEN ROTE NDAO,53,NUSA TENGGARA TIMUR
531410,Landu Leko,5314,KABUPATEN ROTE NDAO,53,NUSA TENGGARA TIMUR
531411,Loaholu,5314,KABUPATEN ROTE NDAO,53,NUSA TENGGARA TIMUR
531501,Macang Pacar,5315,KABUPATEN MANGGARAI BARAT,53,NUSA TENGGARA TIMUR
531502,Kuwus,5315,KABUPATEN MANGGARAI BARAT,53,NUSA TENGGARA TIMUR
531503,Lembor,5315,KABUPATEN MANGGARAI BARAT,53,NUSA TENGGARA TIMUR
531504,Sano Nggoang,5315,KABUPATEN MANGGARAI BARAT,53,NUSA TENGGARA TIMUR
531505,Komodo,5315,KABUPATEN MANGGARAI BARAT,53,NUSA TENGGARA TIMUR
531506,Boleng,5315,KABUPATEN MANGGARAI BARAT,53,NUSA TENGGARA TIMUR
531507,Welak,5315,KABUPATEN MANGGARAI BARAT,53,NUSA TENGGARA TIMUR
531508,Ndoso,5315,KABUPATEN MANGGARAI BARAT,53,NUSA TENGGARA TIMUR
531509,Lembor Selatan,5315,KABUPATEN MANGGARAI BARAT,53,NUSA TENGGARA TIMUR
531510,Mbeliling,5315,KABUPATEN MANGGARAI BARAT,53,NUSA TENGGARA TIMUR
531511,Pacar,5315,KABUPATEN MANGGARAI BARAT,53,NUSA TENGGARA TIMUR
531512,Kuwus Barat,5315,KABUPATEN MANGGARAI BARAT,53,NUSA TENGGARA TIMUR
531601,Aesesa,5316,KABUPATEN NAGEKEO,53,NUSA TENGGARA TIMUR
531602,Nangaroro,5316,KABUPATEN NAGEKEO,53,NUSA TENGGARA TIMUR
531603,Boawae,5316,KABUPATEN NAGEKEO,53,NUSA TENGGARA TIMUR
531604,Mauponggo,5316,KABUPATEN NAGEKEO,53,NUSA TENGGARA TIMUR
531605,Wolowae,5316,KABUPATEN NAGEKEO,53,NUSA TENGGARA TIMUR
531606,Keo Tengah,5316,KABUPATEN NAGEKEO,53,NUSA TENGGARA TIMUR
531607,Aesesa Selatan,5316,KABUPATEN NAGEKEO,53,NUSA TENGGARA TIMUR
531701,Katiku Tana,5317,KABUPATEN SUMBA TENGAH,53,NUSA TENGGARA TIMUR
531702,Umbu Ratu Nggay Barat,5317,KABUPATEN SUMBA TENGAH,53,NUSA TENGGARA TIMUR
531703,Mamboro,5317,KABUPATEN SUMBA TENGAH,53,NUSA TENGGARA TIMUR
531704,Umbu Ratu Nggay,5317,KABUPATEN SUMBA TENGAH,53,NUSA TENGGARA TIMUR
531705,Katiku Tana Selatan,5317,KABUPATEN SUMBA TENGAH,53,NUSA TENGGARA TIMUR
531706,Umbu Ratu Nggay Tengah,5317,KABUPATEN SUMBA TENGAH,53,NUSA TENGGARA TIMUR
531801,Loura,5318,KABUPATEN SUMBA BARAT DAYA,53,NUSA TENGGARA TIMUR
531802,Wewewa Utara,5318,KABUPATEN SUMBA BARAT DAYA,53,NUSA TENGGARA TIMUR
531803,Wewewa Timur,5318,KABUPATEN SUMBA BARAT DAYA,53,NUSA TENGGARA TIMUR
531804,Wewewa Barat,5318,KABUPATEN SUMBA BARAT DAYA,53,NUSA TENGGARA TIMUR
531805,Wewewa Selatan,5318,KABUPATEN SUMBA BARAT DAYA,53,NUSA TENGGARA TIMUR
531806,Kodi Bangedo,5318,KABUPATEN SUMBA BARAT DAYA,53,NUSA TENGGARA TIMUR
531807,Kodi,5318,KABUPATEN SUMBA BARAT DAYA,53,NUSA TENGGARA TIMUR
531808,Kodi Utara,5318,KABUPATEN SUMBA BARAT DAYA,53,NUSA TENGGARA TIMUR
531809,Kota Tambolaka,5318,KABUPATEN SUMBA BARAT DAYA,53,NUSA TENGGARA TIMUR
531810,Wewewa Tengah,5318,KABUPATEN SUMBA BARAT DAYA,53,NUSA TENGGARA TIMUR
531811,Kodi Balaghar,5318,KABUPATEN SUMBA BARAT DAYA,53,NUSA TENGGARA TIMUR
531901,Borong,5319,KABUPATEN MANGGARAI TIMUR,53,NUSA TENGGARA TIMUR
531902,Poco Ranaka,5319,KABUPATEN MANGGARAI TIMUR,53,NUSA TENGGARA TIMUR
531903,Lamba Leda,5319,KABUPATEN MANGGARAI TIMUR,53,NUSA TENGGARA TIMUR
531904,Sambi Rampas,5319,KABUPATEN MANGGARAI TIMUR,53,NUSA TENGGARA TIMUR
531905,Elar,5319,KABUPATEN MANGGARAI TIMUR,53,NUSA TENGGARA TIMUR
531906,Kota Komba,5319,KABUPATEN MANGGARAI TIMUR,53,NUSA TENGGARA TIMUR
531907,Rana Mese,5319,KABUPATEN MANGGARAI TIMUR,53,NUSA TENGGARA TIMUR
531908,Poco Ranaka Timur,5319,KABUPATEN MANGGARAI TIMUR,53,NUSA TENGGARA TIMUR
531909,Elar Selatan,5319,KABUPATEN MANGGARAI TIMUR,53,NUSA TENGGARA TIMUR
531910,Kota Komba Utara,5319,KABUPATEN MANGGARAI TIMUR,53,NUSA TENGGARA TIMUR
531911,Lamba Leda Utara,5319,KABUPATEN MANGGARAI TIMUR,53,NUSA TENGGARA TIMUR
531912,Congkar,5319,KABUPATEN MANGGARAI TIMUR,53,NUSA TENGGARA TIMUR
532001,Sabu Barat,5320,KABUPATEN SABU RAIJUA,53,NUSA TENGGARA TIMUR
532002,Sabu Tengah,5320,KABUPATEN SABU RAIJUA,53,NUSA TENGGARA TIMUR
532003,Sabu Timur,5320,KABUPATEN SABU RAIJUA,53,NUSA TENGGARA TIMUR
532004,Sabu Liae,5320,KABUPATEN SABU RAIJUA,53,NUSA TENGGARA TIMUR
532005,Hawu Mehara,5320,KABUPATEN SABU RAIJUA,53,NUSA TENGGARA TIMUR
532006,Raijua,5320,KABUPATEN SABU RAIJUA,53,NUSA TENGGARA TIMUR
532101,Malaka Tengah,5321,KABUPATEN MALAKA,53,NUSA TENGGARA TIMUR
532102,Malaka Barat,5321,KABUPATEN MALAKA,53,NUSA TENGGARA TIMUR
532103,Wewiku,5321,KABUPATEN MALAKA,53,NUSA TENGGARA TIMUR
532104,Weliman,5321,KABUPATEN MALAKA,53,NUSA TENGGARA TIMUR
532105,Rinhat,5321,KABUPATEN MALAKA,53,NUSA TENGGARA TIMUR
532106,Io Kufeu,5321,KABUPATEN MALAKA,53,NUSA TENGGARA TIMUR
532107,Sasitamean,5321,KABUPATEN MALAKA,53,NUSA TENGGARA TIMUR
532108,Laenmanen,5321,KABUPATEN MALAKA,53,NUSA TENGGARA TIMUR
532109,Malaka Timur,5321,KABUPATEN MALAKA,53,NUSA TENGGARA TIMUR
532110,Kobalima Timur,5321,KABUPATEN MALAKA,53,NUSA TENGGARA TIMUR
532111,Kobalima,5321,KABUPATEN MALAKA,53,NUSA TENGGARA TIMUR
532112,Botin Leobele,5321,KABUPATEN MALAKA,53,NUSA TENGGARA TIMUR
537101,Alak,5371,KOTA KUPANG,53,NUSA TENGGARA TIMUR
537102,Maulafa,5371,KOTA KUPANG,53,NUSA TENGGARA TIMUR
537103,Kelapa Lima,5371,KOTA KUPANG,53,NUSA TENGGARA TIMUR
537104,Oebobo,5371,KOTA KUPANG,53,NUSA TENGGARA TIMUR
537105,Kota Raja,5371,KOTA KUPANG,53,NUSA TENGGARA TIMUR
537106,Kota Lama,5371,KOTA KUPANG,53,NUSA TENGGARA TIMUR
610101,Sambas,6101,KABUPATEN SAMBAS,61,KALIMANTAN BARAT
610102,Teluk Keramat,6101,KABUPATEN SAMBAS,61,KALIMANTAN BARAT
610103,Jawai,6101,KABUPATEN SAMBAS,61,KALIMANTAN BARAT
610104,Tebas,6101,KABUPATEN SAMBAS,61,KALIMANTAN BARAT
610105,Pemangkat,6101,KABUPATEN SAMBAS,61,KALIMANTAN BARAT
610106,Sejangkung,6101,KABUPATEN SAMBAS,61,KALIMANTAN BARAT
610107,Selakau,6101,KABUPATEN SAMBAS,61,KALIMANTAN BARAT
610108,Paloh,6101,KABUPATEN SAMBAS,61,KALIMANTAN BARAT
610109,Sajingan Besar,6101,KABUPATEN SAMBAS,61,KALIMANTAN BARAT
610110,Subah,6101,KABUPATEN SAMBAS,61,KALIMANTAN BARAT
610111,Galing,6101,KABUPATEN SAMBAS,61,KALIMANTAN BARAT
610112,Tekarang,6101,KABUPATEN SAMBAS,61,KALIMANTAN BARAT
610113,Semparuk,6101,KABUPATEN SAMBAS,61,KALIMANTAN BARAT
610114,Sajad,6101,KABUPATEN SAMBAS,61,KALIMANTAN BARAT
610115,Sebawi,6101,KABUPATEN SAMBAS,61,KALIMANTAN BARAT
610116,Jawai Selatan,6101,KABUPATEN SAMBAS,61,KALIMANTAN BARAT
610117,Tangaran,6101,KABUPATEN SAMBAS,61,KALIMANTAN BARAT
610118,Salatiga,6101,KABUPATEN SAMBAS,61,KALIMANTAN BARAT
610119,Selakau Timur,6101,KABUPATEN SAMBAS,61,KALIMANTAN BARAT
610201,Mempawah Hilir,6102,KABUPATEN MEMPAWAH,61,KALIMANTAN BARAT
610206,Toho,6102,KABUPATEN MEMPAWAH,61,KALIMANTAN BARAT
610207,Sungai Pinyuh,6102,KABUPATEN MEMPAWAH,61,KALIMANTAN BARAT
610208,Siantan,6102,KABUPATEN MEMPAWAH,61,KALIMANTAN BARAT
610212,Sungai Kunyit,6102,KABUPATEN MEMPAWAH,61,KALIMANTAN BARAT
610215,Segedong,6102,KABUPATEN MEMPAWAH,61,KALIMANTAN BARAT
610216,Anjongan,6102,KABUPATEN MEMPAWAH,61,KALIMANTAN BARAT
610217,Sadaniang,6102,KABUPATEN MEMPAWAH,61,KALIMANTAN BARAT
610218,Mempawah Timur,6102,KABUPATEN MEMPAWAH,61,KALIMANTAN BARAT
610301,Kapuas,6103,KABUPATEN SANGGAU,61,KALIMANTAN BARAT
610302,Mukok,6103,KABUPATEN SANGGAU,61,KALIMANTAN BARAT
610303,Noyan,6103,KABUPATEN SANGGAU,61,KALIMANTAN BARAT
610304,Jangkang,6103,KABUPATEN SANGGAU,61,KALIMANTAN BARAT
610305,Bonti,6103,KABUPATEN SANGGAU,61,KALIMANTAN BARAT
610306,Beduai,6103,KABUPATEN SANGGAU,61,KALIMANTAN BARAT
610307,Sekayam,6103,KABUPATEN SANGGAU,61,KALIMANTAN BARAT
610308,Kembayan,6103,KABUPATEN SANGGAU,61,KALIMANTAN BARAT
610309,Parindu,6103,KABUPATEN SANGGAU,61,KALIMANTAN BARAT
610310,Tayan Hulu,6103,KABUPATEN SANGGAU,61,KALIMANTAN BARAT
610311,Tayan Hilir,6103,KABUPATEN SANGGAU,61,KALIMANTAN BARAT
610312,Balai,6103,KABUPATEN SANGGAU,61,KALIMANTAN BARAT
610313,Toba,6103,KABUPATEN SANGGAU,61,KALIMANTAN BARAT
610320,Meliau,6103,KABUPATEN SANGGAU,61,KALIMANTAN BARAT
610321,Entikong,6103,KABUPATEN SANGGAU,61,KALIMANTAN BARAT
610401,Matan Hilir Utara,6104,KABUPATEN KETAPANG,61,KALIMANTAN BARAT
610402,Marau,6104,KABUPATEN KETAPANG,61,KALIMANTAN BARAT
610403,Manis Mata,6104,KABUPATEN KETAPANG,61,KALIMANTAN BARAT
610404,Kendawangan,6104,KABUPATEN KETAPANG,61,KALIMANTAN BARAT
610405,Sandai,6104,KABUPATEN KETAPANG,61,KALIMANTAN BARAT
610407,Sungai Laur,6104,KABUPATEN KETAPANG,61,KALIMANTAN BARAT
610408,Simpang Hulu,6104,KABUPATEN KETAPANG,61,KALIMANTAN BARAT
610411,Nanga Tayap,6104,KABUPATEN KETAPANG,61,KALIMANTAN BARAT
610412,Matan Hilir Selatan,6104,KABUPATEN KETAPANG,61,KALIMANTAN BARAT
610413,Tumbang Titi,6104,KABUPATEN KETAPANG,61,KALIMANTAN BARAT
610414,Jelai Hulu,6104,KABUPATEN KETAPANG,61,KALIMANTAN BARAT
610416,Delta Pawan,6104,KABUPATEN KETAPANG,61,KALIMANTAN BARAT
610417,Muara Pawan,6104,KABUPATEN KETAPANG,61,KALIMANTAN BARAT
610418,Benua Kayong,6104,KABUPATEN KETAPANG,61,KALIMANTAN BARAT
610419,Hulu Sungai,6104,KABUPATEN KETAPANG,61,KALIMANTAN BARAT
610420,Simpang Dua,6104,KABUPATEN KETAPANG,61,KALIMANTAN BARAT
610421,Air Upas,6104,KABUPATEN KETAPANG,61,KALIMANTAN BARAT
610422,Singkup,6104,KABUPATEN KETAPANG,61,KALIMANTAN BARAT
610424,Pemahan,6104,KABUPATEN KETAPANG,61,KALIMANTAN BARAT
610425,Sungai Melayu Rayak,6104,KABUPATEN KETAPANG,61,KALIMANTAN BARAT
610501,Sintang,6105,KABUPATEN SINTANG,61,KALIMANTAN BARAT
610502,Tempunak,6105,KABUPATEN SINTANG,61,KALIMANTAN BARAT
610503,Sepauk,6105,KABUPATEN SINTANG,61,KALIMANTAN BARAT
610504,Ketungau Hilir,6105,KABUPATEN SINTANG,61,KALIMANTAN BARAT
610505,Ketungau Tengah,6105,KABUPATEN SINTANG,61,KALIMANTAN BARAT
610506,Ketungau Hulu,6105,KABUPATEN SINTANG,61,KALIMANTAN BARAT
610507,Dedai,6105,KABUPATEN SINTANG,61,KALIMANTAN BARAT
610508,Kayan Hilir,6105,KABUPATEN SINTANG,61,KALIMANTAN BARAT
610509,Kayan Hulu,6105,KABUPATEN SINTANG,61,KALIMANTAN BARAT
610514,Serawai,6105,KABUPATEN SINTANG,61,KALIMANTAN BARAT
610515,Ambalau,6105,KABUPATEN SINTANG,61,KALIMANTAN BARAT
610519,Kelam Permai,6105,KABUPATEN SINTANG,61,KALIMANTAN BARAT
610520,Sungai Tebelian,6105,KABUPATEN SINTANG,61,KALIMANTAN BARAT
610521,Binjai Hulu,6105,KABUPATEN SINTANG,61,KALIMANTAN BARAT
610601,Putussibau Utara,6106,KABUPATEN KAPUAS HULU,61,KALIMANTAN BARAT
610602,Bika,6106,KABUPATEN KAPUAS HULU,61,KALIMANTAN BARAT
610603,Embaloh Hilir,6106,KABUPATEN KAPUAS HULU,61,KALIMANTAN BARAT
610604,Embaloh Hulu,6106,KABUPATEN KAPUAS HULU,61,KALIMANTAN BARAT
610605,Bunut Hilir,6106,KABUPATEN KAPUAS HULU,61,KALIMANTAN BARAT
610606,Bunut Hulu,6106,KABUPATEN KAPUAS HULU,61,KALIMANTAN BARAT
610607,Jongkong,6106,KABUPATEN KAPUAS HULU,61,KALIMANTAN BARAT
610608,Hulu Gurung,6106,KABUPATEN KAPUAS HULU,61,KALIMANTAN BARAT
610609,Selimbau,6106,KABUPATEN KAPUAS HULU,61,KALIMANTAN BARAT
610610,Semitau,6106,KABUPATEN KAPUAS HULU,61,KALIMANTAN BARAT
610611,Seberuang,6106,KABUPATEN KAPUAS HULU,61,KALIMANTAN BARAT
610612,Batang Lupar,6106,KABUPATEN KAPUAS HULU,61,KALIMANTAN BARAT
610613,Empanang,6106,KABUPATEN KAPUAS HULU,61,KALIMANTAN BARAT
610614,Badau,6106,KABUPATEN KAPUAS HULU,61,KALIMANTAN BARAT
610615,Silat Hilir,6106,KABUPATEN KAPUAS HULU,61,KALIMANTAN BARAT
610616,Silat Hulu,6106,KABUPATEN KAPUAS HULU,61,KALIMANTAN BARAT
610617,Putussibau Selatan,6106,KABUPATEN KAPUAS HULU,61,KALIMANTAN BARAT
610618,Kalis,6106,KABUPATEN KAPUAS HULU,61,KALIMANTAN BARAT
610619,Boyan Tanjung,6106,KABUPATEN KAPUAS HULU,61,KALIMANTAN BARAT
610620,Mentebah,6106,KABUPATEN KAPUAS HULU,61,KALIMANTAN BARAT
610621,Pengkadan,6106,KABUPATEN KAPUAS HULU,61,KALIMANTAN BARAT
610622,Suhaid,6106,KABUPATEN KAPUAS HULU,61,KALIMANTAN BARAT
610623,Puring Kencana,6106,KABUPATEN KAPUAS HULU,61,KALIMANTAN BARAT
610701,Sungai Raya,6107,KABUPATEN BENGKAYANG,61,KALIMANTAN BARAT
610702,Samalantan,6107,KABUPATEN BENGKAYANG,61,KALIMANTAN BARAT
610703,Ledo,6107,KABUPATEN BENGKAYANG,61,KALIMANTAN BARAT
610704,Bengkayang,6107,KABUPATEN BENGKAYANG,61,KALIMANTAN BARAT
610705,Seluas,6107,KABUPATEN BENGKAYANG,61,KALIMANTAN BARAT
610706,Sanggau Ledo,6107,KABUPATEN BENGKAYANG,61,KALIMANTAN BARAT
610707,Jagoi Babang,6107,KABUPATEN BENGKAYANG,61,KALIMANTAN BARAT
610708,Monterado,6107,KABUPATEN BENGKAYANG,61,KALIMANTAN BARAT
610709,Teriak,6107,KABUPATEN BENGKAYANG,61,KALIMANTAN BARAT
610710,Suti Semarang,6107,KABUPATEN BENGKAYANG,61,KALIMANTAN BARAT
610711,Capkala,6107,KABUPATEN BENGKAYANG,61,KALIMANTAN BARAT
610712,Siding,6107,KABUPATEN BENGKAYANG,61,KALIMANTAN BARAT
610713,Lumar,6107,KABUPATEN BENGKAYANG,61,KALIMANTAN BARAT
610714,Sungai Betung,6107,KABUPATEN BENGKAYANG,61,KALIMANTAN BARAT
610715,Sungai Raya Kepulauan,6107,KABUPATEN BENGKAYANG,61,KALIMANTAN BARAT
610716,Lembah Bawang,6107,KABUPATEN BENGKAYANG,61,KALIMANTAN BARAT
610717,Tujuh Belas,6107,KABUPATEN BENGKAYANG,61,KALIMANTAN BARAT
610801,Ngabang,6108,KABUPATEN LANDAK,61,KALIMANTAN BARAT
610802,Mempawah Hulu,6108,KABUPATEN LANDAK,61,KALIMANTAN BARAT
610803,Menjalin,6108,KABUPATEN LANDAK,61,KALIMANTAN BARAT
610804,Mandor,6108,KABUPATEN LANDAK,61,KALIMANTAN BARAT
610805,Air Besar,6108,KABUPATEN LANDAK,61,KALIMANTAN BARAT
610806,Menyuke,6108,KABUPATEN LANDAK,61,KALIMANTAN BARAT
610807,Sengah Temila,6108,KABUPATEN LANDAK,61,KALIMANTAN BARAT
610808,Meranti,6108,KABUPATEN LANDAK,61,KALIMANTAN BARAT
610809,Kuala Behe,6108,KABUPATEN LANDAK,61,KALIMANTAN BARAT
610810,Sebangki,6108,KABUPATEN LANDAK,61,KALIMANTAN BARAT
610811,Jelimpo,6108,KABUPATEN LANDAK,61,KALIMANTAN BARAT
610812,Banyuke Hulu,6108,KABUPATEN LANDAK,61,KALIMANTAN BARAT
610813,Sompak,6108,KABUPATEN LANDAK,61,KALIMANTAN BARAT
610901,Sekadau Hilir,6109,KABUPATEN SEKADAU,61,KALIMANTAN BARAT
610902,Sekadau Hulu,6109,KABUPATEN SEKADAU,61,KALIMANTAN BARAT
610903,Nanga Taman,6109,KABUPATEN SEKADAU,61,KALIMANTAN BARAT
610904,Nanga Mahap,6109,KABUPATEN SEKADAU,61,KALIMANTAN BARAT
610905,Belitang Hilir,6109,KABUPATEN SEKADAU,61,KALIMANTAN BARAT
610906,Belitang Hulu,6109,KABUPATEN SEKADAU,61,KALIMANTAN BARAT
610907,Belitang,6109,KABUPATEN SEKADAU,61,KALIMANTAN BARAT
611001,Belimbing,6110,KABUPATEN MELAWI,61,KALIMANTAN BARAT
611002,Nanga Pinoh,6110,KABUPATEN MELAWI,61,KALIMANTAN BARAT
611003,Ella Hilir,6110,KABUPATEN MELAWI,61,KALIMANTAN BARAT
611004,Menukung,6110,KABUPATEN MELAWI,61,KALIMANTAN BARAT
611005,Sayan,6110,KABUPATEN MELAWI,61,KALIMANTAN BARAT
611006,Tanah Pinoh,6110,KABUPATEN MELAWI,61,KALIMANTAN BARAT
611007,Sokan,6110,KABUPATEN MELAWI,61,KALIMANTAN BARAT
611008,Pinoh Utara,6110,KABUPATEN MELAWI,61,KALIMANTAN BARAT
611009,Pinoh Selatan,6110,KABUPATEN MELAWI,61,KALIMANTAN BARAT
611010,Belimbing Hulu,6110,KABUPATEN MELAWI,61,KALIMANTAN BARAT
611011,Tanah Pinoh Barat,6110,KABUPATEN MELAWI,61,KALIMANTAN BARAT
611101,Sukadana,6111,KABUPATEN KAYONG UTARA,61,KALIMANTAN BARAT
611102,Simpang Hilir,6111,KABUPATEN KAYONG UTARA,61,KALIMANTAN BARAT
611103,Teluk Batang,6111,KABUPATEN KAYONG UTARA,61,KALIMANTAN BARAT
611104,Pulau Maya,6111,KABUPATEN KAYONG UTARA,61,KALIMANTAN BARAT
611105,Seponti,6111,KABUPATEN KAYONG UTARA,61,KALIMANTAN BARAT
611106,Kepulauan Karimata,6111,KABUPATEN KAYONG UTARA,61,KALIMANTAN BARAT
611201,Sungai Raya,6112,KABUPATEN KUBU RAYA,61,KALIMANTAN BARAT
611202,Kuala Mandor B,6112,KABUPATEN KUBU RAYA,61,KALIMANTAN BARAT
611203,Sungai Ambawang,6112,KABUPATEN KUBU RAYA,61,KALIMANTAN BARAT
611204,Terentang,6112,KABUPATEN KUBU RAYA,61,KALIMANTAN BARAT
611205,Batu Ampar,6112,KABUPATEN KUBU RAYA,61,KALIMANTAN BARAT
611206,Kubu,6112,KABUPATEN KUBU RAYA,61,KALIMANTAN BARAT
611207,Rasau Jaya,6112,KABUPATEN KUBU RAYA,61,KALIMANTAN BARAT
611208,Teluk Pakedai,6112,KABUPATEN KUBU RAYA,61,KALIMANTAN BARAT
611209,Sungai Kakap,6112,KABUPATEN KUBU RAYA,61,KALIMANTAN BARAT
617101,Pontianak Selatan,6171,KOTA PONTIANAK,61,KALIMANTAN BARAT
617102,Pontianak Timur,6171,KOTA PONTIANAK,61,KALIMANTAN BARAT
617103,Pontianak Barat,6171,KOTA PONTIANAK,61,KALIMANTAN BARAT
617104,Pontianak Utara,6171,KOTA PONTIANAK,61,KALIMANTAN BARAT
617105,Pontianak Kota,6171,KOTA PONTIANAK,61,KALIMANTAN BARAT
617106,Pontianak Tenggara,6171,KOTA PONTIANAK,61,KALIMANTAN BARAT
617201,Singkawang Tengah,6172,KOTA SINGKAWANG,61,KALIMANTAN BARAT
617202,Singkawang Barat,6172,KOTA SINGKAWANG,61,KALIMANTAN BARAT
617203,Singkawang Timur,6172,KOTA SINGKAWANG,61,KALIMANTAN BARAT
617204,Singkawang Utara,6172,KOTA SINGKAWANG,61,KALIMANTAN BARAT
617205,Singkawang Selatan,6172,KOTA SINGKAWANG,61,KALIMANTAN BARAT
620101,Kumai,6201,KABUPATEN KOTAWARINGIN BARAT,62,KALIMANTAN TENGAH
620102,Arut Selatan,6201,KABUPATEN KOTAWARINGIN BARAT,62,KALIMANTAN TENGAH
620103,Kotawaringin Lama,6201,KABUPATEN KOTAWARINGIN BARAT,62,KALIMANTAN TENGAH
620104,Arut Utara,6201,KABUPATEN KOTAWARINGIN BARAT,62,KALIMANTAN TENGAH
620105,Pangkalan Lada,6201,KABUPATEN KOTAWARINGIN BARAT,62,KALIMANTAN TENGAH
620106,Pangkalan Banteng,6201,KABUPATEN KOTAWARINGIN BARAT,62,KALIMANTAN TENGAH
620201,Kota Besi,6202,KABUPATEN KOTAWARINGIN TIMUR,62,KALIMANTAN TENGAH
620202,Cempaga,6202,KABUPATEN KOTAWARINGIN TIMUR,62,KALIMANTAN TENGAH
620203,Mentaya Hulu,6202,KABUPATEN KOTAWARINGIN TIMUR,62,KALIMANTAN TENGAH
620204,Parenggean,6202,KABUPATEN KOTAWARINGIN TIMUR,62,KALIMANTAN TENGAH
620205,Baamang,6202,KABUPATEN KOTAWARINGIN TIMUR,62,KALIMANTAN TENGAH
620206,Mentawa Baru Ketapang,6202,KABUPATEN KOTAWARINGIN TIMUR,62,KALIMANTAN TENGAH
620207,Mentaya Hilir Utara,6202,KABUPATEN KOTAWARINGIN TIMUR,62,KALIMANTAN TENGAH
620208,Mentaya Hilir Selatan,6202,KABUPATEN KOTAWARINGIN TIMUR,62,KALIMANTAN TENGAH
620209,Pulau Hanaut,6202,KABUPATEN KOTAWARINGIN TIMUR,62,KALIMANTAN TENGAH
620210,Antang Kalang,6202,KABUPATEN KOTAWARINGIN TIMUR,62,KALIMANTAN TENGAH
620211,Teluk Sampit,6202,KABUPATEN KOTAWARINGIN TIMUR,62,KALIMANTAN TENGAH
620212,Seranau,6202,KABUPATEN KOTAWARINGIN TIMUR,62,KALIMANTAN TENGAH
620213,Cempaga Hulu,6202,KABUPATEN KOTAWARINGIN TIMUR,62,KALIMANTAN TENGAH
620214,Telawang,6202,KABUPATEN KOTAWARINGIN TIMUR,62,KALIMANTAN TENGAH
620215,Bukit Santuai,6202,KABUPATEN KOTAWARINGIN TIMUR,62,KALIMANTAN TENGAH
620216,Tualan Hulu,6202,KABUPATEN KOTAWARINGIN TIMUR,62,KALIMANTAN TENGAH
620217,Telaga Antang,6202,KABUPATEN KOTAWARINGIN TIMUR,62,KALIMANTAN TENGAH
620301,Selat,6203,KABUPATEN KAPUAS,62,KALIMANTAN TENGAH
620302,Kapuas Hilir,6203,KABUPATEN KAPUAS,62,KALIMANTAN TENGAH
620303,Kapuas Timur,6203,KABUPATEN KAPUAS,62,KALIMANTAN TENGAH
620304,Kapuas Kuala,6203,KABUPATEN KAPUAS,62,KALIMANTAN TENGAH
620305,Kapuas Barat,6203,KABUPATEN KAPUAS,62,KALIMANTAN TENGAH
620306,Pulau Petak,6203,KABUPATEN KAPUAS,62,KALIMANTAN TENGAH
620307,Kapuas Murung,6203,KABUPATEN KAPUAS,62,KALIMANTAN TENGAH
620308,Basarang,6203,KABUPATEN KAPUAS,62,KALIMANTAN TENGAH
620309,Mantangai,6203,KABUPATEN KAPUAS,62,KALIMANTAN TENGAH
620310,Timpah,6203,KABUPATEN KAPUAS,62,KALIMANTAN TENGAH
620311,Kapuas Tengah,6203,KABUPATEN KAPUAS,62,KALIMANTAN TENGAH
620312,Kapuas Hulu,6203,KABUPATEN KAPUAS,62,KALIMANTAN TENGAH
620313,Tamban Catur,6203,KABUPATEN KAPUAS,62,KALIMANTAN TENGAH
620314,Pasak Talawang,6203,KABUPATEN KAPUAS,62,KALIMANTAN TENGAH
620315,Mandau Talawang,6203,KABUPATEN KAPUAS,62,KALIMANTAN TENGAH
620316,Dadahup,6203,KABUPATEN KAPUAS,62,KALIMANTAN TENGAH
620317,Bataguh,6203,KABUPATEN KAPUAS,62,KALIMANTAN TENGAH
620401,Jenamas,6204,KABUPATEN BARITO SELATAN,62,KALIMANTAN TENGAH
620402,Dusun Hilir,6204,KABUPATEN BARITO SELATAN,62,KALIMANTAN TENGAH
620403,Karau Kuala,6204,KABUPATEN BARITO SELATAN,62,KALIMANTAN TENGAH
620404,Dusun Utara,6204,KABUPATEN BARITO SELATAN,62,KALIMANTAN TENGAH
620405,Gn. Bintang Awai,6204,KABUPATEN BARITO SELATAN,62,KALIMANTAN TENGAH
620406,Dusun Selatan,6204,KABUPATEN BARITO SELATAN,62,KALIMANTAN TENGAH
620501,Montallat,6205,KABUPATEN BARITO UTARA,62,KALIMANTAN TENGAH
620502,Gunung Timang,6205,KABUPATEN BARITO UTARA,62,KALIMANTAN TENGAH
620503,Gunung Purei,6205,KABUPATEN BARITO UTARA,62,KALIMANTAN TENGAH
620504,Teweh Timur,6205,KABUPATEN BARITO UTARA,62,KALIMANTAN TENGAH
620505,Teweh Tengah,6205,KABUPATEN BARITO UTARA,62,KALIMANTAN TENGAH
620506,Lahei,6205,KABUPATEN BARITO UTARA,62,KALIMANTAN TENGAH
620507,Teweh Baru,6205,KABUPATEN BARITO UTARA,62,KALIMANTAN TENGAH
620508,Teweh Selatan,6205,KABUPATEN BARITO UTARA,62,KALIMANTAN TENGAH
620509,Lahei Barat,6205,KABUPATEN BARITO UTARA,62,KALIMANTAN TENGAH
620601,Kamipang,6206,KABUPATEN KATINGAN,62,KALIMANTAN TENGAH
620602,Katingan Hilir,6206,KABUPATEN KATINGAN,62,KALIMANTAN TENGAH
620603,Tewang Sangalang Garing,6206,KABUPATEN KATINGAN,62,KALIMANTAN TENGAH
620604,Pulau Malan,6206,KABUPATEN KATINGAN,62,KALIMANTAN TENGAH
620605,Katingan Tengah,6206,KABUPATEN KATINGAN,62,KALIMANTAN TENGAH
620606,Sanaman Mantikei,6206,KABUPATEN KATINGAN,62,KALIMANTAN TENGAH
620607,Marikit,6206,KABUPATEN KATINGAN,62,KALIMANTAN TENGAH
620608,Katingan Hulu,6206,KABUPATEN KATINGAN,62,KALIMANTAN TENGAH
620609,Mendawai,6206,KABUPATEN KATINGAN,62,KALIMANTAN TENGAH
620610,Katingan Kuala,6206,KABUPATEN KATINGAN,62,KALIMANTAN TENGAH
620611,Tasik Payawan,6206,KABUPATEN KATINGAN,62,KALIMANTAN TENGAH
620612,Petak Malai,6206,KABUPATEN KATINGAN,62,KALIMANTAN TENGAH
620613,Bukit Raya,6206,KABUPATEN KATINGAN,62,KALIMANTAN TENGAH
620701,Seruyan Hilir,6207,KABUPATEN SERUYAN,62,KALIMANTAN TENGAH
620702,Seruyan Tengah,6207,KABUPATEN SERUYAN,62,KALIMANTAN TENGAH
620703,Danau Sembuluh,6207,KABUPATEN SERUYAN,62,KALIMANTAN TENGAH
620704,Hanau,6207,KABUPATEN SERUYAN,62,KALIMANTAN TENGAH
620705,Seruyan Hulu,6207,KABUPATEN SERUYAN,62,KALIMANTAN TENGAH
620706,Seruyan Hilir Timur,6207,KABUPATEN SERUYAN,62,KALIMANTAN TENGAH
620707,Seruyan Raya,6207,KABUPATEN SERUYAN,62,KALIMANTAN TENGAH
620708,Danau Seluluk,6207,KABUPATEN SERUYAN,62,KALIMANTAN TENGAH
620709,Batu Ampar,6207,KABUPATEN SERUYAN,62,KALIMANTAN TENGAH
620710,Suling Tambun,6207,KABUPATEN SERUYAN,62,KALIMANTAN TENGAH
620801,Sukamara,6208,KABUPATEN SUKAMARA,62,KALIMANTAN TENGAH
620802,Jelai,6208,KABUPATEN SUKAMARA,62,KALIMANTAN TENGAH
620803,Balai Riam,6208,KABUPATEN SUKAMARA,62,KALIMANTAN TENGAH
620804,Pantai Lunci,6208,KABUPATEN SUKAMARA,62,KALIMANTAN TENGAH
620805,Permata Kecubung,6208,KABUPATEN SUKAMARA,62,KALIMANTAN TENGAH
620901,Lamandau,6209,KABUPATEN LAMANDAU,62,KALIMANTAN TENGAH
620902,Delang,6209,KABUPATEN LAMANDAU,62,KALIMANTAN TENGAH
620903,Bulik,6209,KABUPATEN LAMANDAU,62,KALIMANTAN TENGAH
620904,Bulik Timur,6209,KABUPATEN LAMANDAU,62,KALIMANTAN TENGAH
620905,Menthobi Raya,6209,KABUPATEN LAMANDAU,62,KALIMANTAN TENGAH
620906,Sematu Jaya,6209,KABUPATEN LAMANDAU,62,KALIMANTAN TENGAH
620907,Belantikan Raya,6209,KABUPATEN LAMANDAU,62,KALIMANTAN TENGAH
620908,Batang Kawa,6209,KABUPATEN LAMANDAU,62,KALIMANTAN TENGAH
621001,Sepang,6210,KABUPATEN GUNUNG MAS,62,KALIMANTAN TENGAH
621002,Kurun,6210,KABUPATEN GUNUNG MAS,62,KALIMANTAN TENGAH
621003,Tewah,6210,KABUPATEN GUNUNG MAS,62,KALIMANTAN TENGAH
621004,Kahayan Hulu Utara,6210,KABUPATEN GUNUNG MAS,62,KALIMANTAN TENGAH
621005,Rungan,6210,KABUPATEN GUNUNG MAS,62,KALIMANTAN TENGAH
621006,Manuhing,6210,KABUPATEN GUNUNG MAS,62,KALIMANTAN TENGAH
621007,Mihing Raya,6210,KABUPATEN GUNUNG MAS,62,KALIMANTAN TENGAH
621008,Damang Batu,6210,KABUPATEN GUNUNG MAS,62,KALIMANTAN TENGAH
621009,Miri Manasa,6210,KABUPATEN GUNUNG MAS,62,KALIMANTAN TENGAH
621010,Rungan Hulu,6210,KABUPATEN GUNUNG MAS,62,KALIMANTAN TENGAH
621011,Manuhing Raya,6210,KABUPATEN GUNUNG MAS,62,KALIMANTAN TENGAH
621012,Rungan Barat,6210,KABUPATEN GUNUNG MAS,62,KALIMANTAN TENGAH
621101,Pandih Batu,6211,KABUPATEN PULANG PISAU,62,KALIMANTAN TENGAH
621102,Kahayan Kuala,6211,KABUPATEN PULANG PISAU,62,KALIMANTAN TENGAH
621103,Kahayan Tengah,6211,KABUPATEN PULANG PISAU,62,KALIMANTAN TENGAH
621104,Banama Tingang,6211,KABUPATEN PULANG PISAU,62,KALIMANTAN TENGAH
621105,Kahayan Hilir,6211,KABUPATEN PULANG PISAU,62,KALIMANTAN TENGAH
621106,Maliku,6211,KABUPATEN PULANG PISAU,62,KALIMANTAN TENGAH
621107,Jabiren,6211,KABUPATEN PULANG PISAU,62,KALIMANTAN TENGAH
621108,Sebangau Kuala,6211,KABUPATEN PULANG PISAU,62,KALIMANTAN TENGAH
621201,Murung,6212,KABUPATEN MURUNG RAYA,62,KALIMANTAN TENGAH
621202,Tanah Siang,6212,KABUPATEN MURUNG RAYA,62,KALIMANTAN TENGAH
621203,Laung Tuhup,6212,KABUPATEN MURUNG RAYA,62,KALIMANTAN TENGAH
621204,Permata Intan,6212,KABUPATEN MURUNG RAYA,62,KALIMANTAN TENGAH
621205,Sumber Barito,6212,KABUPATEN MURUNG RAYA,62,KALIMANTAN TENGAH
621206,Barito Tuhup Raya,6212,KABUPATEN MURUNG RAYA,62,KALIMANTAN TENGAH
621207,Tanah Siang Selatan,6212,KABUPATEN MURUNG RAYA,62,KALIMANTAN TENGAH
621208,Sungai Babuat,6212,KABUPATEN MURUNG RAYA,62,KALIMANTAN TENGAH
621209,Seribu Riam,6212,KABUPATEN MURUNG RAYA,62,KALIMANTAN TENGAH
621210,Uut Murung,6212,KABUPATEN MURUNG RAYA,62,KALIMANTAN TENGAH
621301,Dusun Timur,6213,KABUPATEN BARITO TIMUR,62,KALIMANTAN TENGAH
621302,Banua Lima,6213,KABUPATEN BARITO TIMUR,62,KALIMANTAN TENGAH
621303,Patangkep Tutui,6213,KABUPATEN BARITO TIMUR,62,KALIMANTAN TENGAH
621304,Awang,6213,KABUPATEN BARITO TIMUR,62,KALIMANTAN TENGAH
621305,Dusun Tengah,6213,KABUPATEN BARITO TIMUR,62,KALIMANTAN TENGAH
621306,Pematang Karau,6213,KABUPATEN BARITO TIMUR,62,KALIMANTAN TENGAH
621307,Paju Epat,6213,KABUPATEN BARITO TIMUR,62,KALIMANTAN TENGAH
621308,Raren Batuah,6213,KABUPATEN BARITO TIMUR,62,KALIMANTAN TENGAH
621309,Paku,6213,KABUPATEN BARITO TIMUR,62,KALIMANTAN TENGAH
621310,Karusen Janang,6213,KABUPATEN BARITO TIMUR,62,KALIMANTAN TENGAH
627101,Pahandut,6271,KOTA PALANGKARAYA,62,KALIMANTAN TENGAH
627102,Bukit Batu,6271,KOTA PALANGKARAYA,62,KALIMANTAN TENGAH
627103,Jekan Raya,6271,KOTA PALANGKARAYA,62,KALIMANTAN TENGAH
627104,Sabangau,6271,KOTA PALANGKARAYA,62,KALIMANTAN TENGAH
627105,Rakumpit,6271,KOTA PALANGKARAYA,62,KALIMANTAN TENGAH
630101,Takisung,6301,KABUPATEN TANAH LAUT,63,KALIMANTAN SELATAN
630102,Jorong,6301,KABUPATEN TANAH LAUT,63,KALIMANTAN SELATAN
630103,Pelaihari,6301,KABUPATEN TANAH LAUT,63,KALIMANTAN SELATAN
630104,Kurau,6301,KABUPATEN TANAH LAUT,63,KALIMANTAN SELATAN
630105,Bati Bati,6301,KABUPATEN TANAH LAUT,63,KALIMANTAN SELATAN
630106,Panyipatan,6301,KABUPATEN TANAH LAUT,63,KALIMANTAN SELATAN
630107,Kintap,6301,KABUPATEN TANAH LAUT,63,KALIMANTAN SELATAN
630108,Tambang Ulang,6301,KABUPATEN TANAH LAUT,63,KALIMANTAN SELATAN
630109,Batu Ampar,6301,KABUPATEN TANAH LAUT,63,KALIMANTAN SELATAN
630110,Bajuin,6301,KABUPATEN TANAH LAUT,63,KALIMANTAN SELATAN
630111,Bumi Makmur,6301,KABUPATEN TANAH LAUT,63,KALIMANTAN SELATAN
630201,Pulau Sembilan,6302,KABUPATEN KOTABARU,63,KALIMANTAN SELATAN
630202,Pulau Laut Barat,6302,KABUPATEN KOTABARU,63,KALIMANTAN SELATAN
630203,Pulau Laut Selatan,6302,KABUPATEN KOTABARU,63,KALIMANTAN SELATAN
630204,Pulau Laut Timur,6302,KABUPATEN KOTABARU,63,KALIMANTAN SELATAN
630205,Pulau Sebuku,6302,KABUPATEN KOTABARU,63,KALIMANTAN SELATAN
630206,Pulaulaut Utara,6302,KABUPATEN KOTABARU,63,KALIMANTAN SELATAN
630207,Kelumpang Selatan,6302,KABUPATEN KOTABARU,63,KALIMANTAN SELATAN
630208,Kelumpang Hulu,6302,KABUPATEN KOTABARU,63,KALIMANTAN SELATAN
630209,Kelumpang Tengah,6302,KABUPATEN KOTABARU,63,KALIMANTAN SELATAN
630210,Kelumpang Utara,6302,KABUPATEN KOTABARU,63,KALIMANTAN SELATAN
630211,Pamukan Selatan,6302,KABUPATEN KOTABARU,63,KALIMANTAN SELATAN
630212,Sampanahan,6302,KABUPATEN KOTABARU,63,KALIMANTAN SELATAN
630213,Pamukan Utara,6302,KABUPATEN KOTABARU,63,KALIMANTAN SELATAN
630214,Hampang,6302,KABUPATEN KOTABARU,63,KALIMANTAN SELATAN
630215,Sungai Durian,6302,KABUPATEN KOTABARU,63,KALIMANTAN SELATAN
630216,Pulau Laut Tengah,6302,KABUPATEN KOTABARU,63,KALIMANTAN SELATAN
630217,Kelumpang Hilir,6302,KABUPATEN KOTABARU,63,KALIMANTAN SELATAN
630218,Kelumpang Barat,6302,KABUPATEN KOTABARU,63,KALIMANTAN SELATAN
630219,Pamukan Barat,6302,KABUPATEN KOTABARU,63,KALIMANTAN SELATAN
630220,Pulau Laut Kepulauan,6302,KABUPATEN KOTABARU,63,KALIMANTAN SELATAN
630221,Pulau Laut Tanjung Selayar,6302,KABUPATEN KOTABARU,63,KALIMANTAN SELATAN
630222,Pulaulaut Sigam,6302,KABUPATEN KOTABARU,63,KALIMANTAN SELATAN
630301,Aluh Aluh,6303,KABUPATEN BANJAR,63,KALIMANTAN SELATAN
630302,Kertak Hanyar,6303,KABUPATEN BANJAR,63,KALIMANTAN SELATAN
630303,Gambut,6303,KABUPATEN BANJAR,63,KALIMANTAN SELATAN
630304,Sungai Tabuk,6303,KABUPATEN BANJAR,63,KALIMANTAN SELATAN
630305,Martapura,6303,KABUPATEN BANJAR,63,KALIMANTAN SELATAN
630306,Karang Intan,6303,KABUPATEN BANJAR,63,KALIMANTAN SELATAN
630307,Astambul,6303,KABUPATEN BANJAR,63,KALIMANTAN SELATAN
630308,Simpang Empat,6303,KABUPATEN BANJAR,63,KALIMANTAN SELATAN
630309,Pengarom,6303,KABUPATEN BANJAR,63,KALIMANTAN SELATAN
630310,Sungai Pinang,6303,KABUPATEN BANJAR,63,KALIMANTAN SELATAN
630311,Aranio,6303,KABUPATEN BANJAR,63,KALIMANTAN SELATAN
630312,Mataraman,6303,KABUPATEN BANJAR,63,KALIMANTAN SELATAN
630313,Beruntung Baru,6303,KABUPATEN BANJAR,63,KALIMANTAN SELATAN
630314,Martapura Barat,6303,KABUPATEN BANJAR,63,KALIMANTAN SELATAN
630315,Martapura Timur,6303,KABUPATEN BANJAR,63,KALIMANTAN SELATAN
630316,Sambung Makmur,6303,KABUPATEN BANJAR,63,KALIMANTAN SELATAN
630317,Paramasan,6303,KABUPATEN BANJAR,63,KALIMANTAN SELATAN
630318,Telaga Bauntung,6303,KABUPATEN BANJAR,63,KALIMANTAN SELATAN
630319,Tatah Makmur,6303,KABUPATEN BANJAR,63,KALIMANTAN SELATAN
630320,Cintapuri Darussalam,6303,KABUPATEN BANJAR,63,KALIMANTAN SELATAN
630401,Tabunganen,6304,KABUPATEN BARITO KUALA,63,KALIMANTAN SELATAN
630402,Tamban,6304,KABUPATEN BARITO KUALA,63,KALIMANTAN SELATAN
630403,Anjir Pasar,6304,KABUPATEN BARITO KUALA,63,KALIMANTAN SELATAN
630404,Anjir Muara,6304,KABUPATEN BARITO KUALA,63,KALIMANTAN SELATAN
630405,Alalak,6304,KABUPATEN BARITO KUALA,63,KALIMANTAN SELATAN
630406,Mandastana,6304,KABUPATEN BARITO KUALA,63,KALIMANTAN SELATAN
630407,Rantau Badauh,6304,KABUPATEN BARITO KUALA,63,KALIMANTAN SELATAN
630408,Belawang,6304,KABUPATEN BARITO KUALA,63,KALIMANTAN SELATAN
630409,Cerbon,6304,KABUPATEN BARITO KUALA,63,KALIMANTAN SELATAN
630410,Bakumpai,6304,KABUPATEN BARITO KUALA,63,KALIMANTAN SELATAN
630411,Kuripan,6304,KABUPATEN BARITO KUALA,63,KALIMANTAN SELATAN
630412,Tabukan,6304,KABUPATEN BARITO KUALA,63,KALIMANTAN SELATAN
630413,Mekarsari,6304,KABUPATEN BARITO KUALA,63,KALIMANTAN SELATAN
630414,Barambai,6304,KABUPATEN BARITO KUALA,63,KALIMANTAN SELATAN
630415,Marabahan,6304,KABUPATEN BARITO KUALA,63,KALIMANTAN SELATAN
630416,Wanaraya,6304,KABUPATEN BARITO KUALA,63,KALIMANTAN SELATAN
630417,Jejangkit,6304,KABUPATEN BARITO KUALA,63,KALIMANTAN SELATAN
630501,Binuang,6305,KABUPATEN TAPIN,63,KALIMANTAN SELATAN
630502,Tapin Selatan,6305,KABUPATEN TAPIN,63,KALIMANTAN SELATAN
630503,Tapin Tengah,6305,KABUPATEN TAPIN,63,KALIMANTAN SELATAN
630504,Tapin Utara,6305,KABUPATEN TAPIN,63,KALIMANTAN SELATAN
630505,Candi Laras Selatan,6305,KABUPATEN TAPIN,63,KALIMANTAN SELATAN
630506,Candi Laras Utara,6305,KABUPATEN TAPIN,63,KALIMANTAN SELATAN
630507,Bakarangan,6305,KABUPATEN TAPIN,63,KALIMANTAN SELATAN
630508,Piani,6305,KABUPATEN TAPIN,63,KALIMANTAN SELATAN
630509,Bungur,6305,KABUPATEN TAPIN,63,KALIMANTAN SELATAN
630510,Lokpaikat,6305,KABUPATEN TAPIN,63,KALIMANTAN SELATAN
630511,Salam Babaris,6305,KABUPATEN TAPIN,63,KALIMANTAN SELATAN
630512,Hatungun,6305,KABUPATEN TAPIN,63,KALIMANTAN SELATAN
630601,Sungai Raya,6306,KABUPATEN HULU SUNGAI SELATAN,63,KALIMANTAN SELATAN
630602,Padang Batung,6306,KABUPATEN HULU SUNGAI SELATAN,63,KALIMANTAN SELATAN
630603,Telaga Langsat,6306,KABUPATEN HULU SUNGAI SELATAN,63,KALIMANTAN SELATAN
630604,Angkinang,6306,KABUPATEN HULU SUNGAI SELATAN,63,KALIMANTAN SELATAN
630605,Kandangan,6306,KABUPATEN HULU SUNGAI SELATAN,63,KALIMANTAN SELATAN
630606,Simpur,6306,KABUPATEN HULU SUNGAI SELATAN,63,KALIMANTAN SELATAN
630607,Daha Selatan,6306,KABUPATEN HULU SUNGAI SELATAN,63,KALIMANTAN SELATAN
630608,Daha Utara,6306,KABUPATEN HULU SUNGAI SELATAN,63,KALIMANTAN SELATAN
630609,Kalumpang,6306,KABUPATEN HULU SUNGAI SELATAN,63,KALIMANTAN SELATAN
630610,Loksado,6306,KABUPATEN HULU SUNGAI SELATAN,63,KALIMANTAN SELATAN
630611,Daha Barat,6306,KABUPATEN HULU SUNGAI SELATAN,63,KALIMANTAN SELATAN
630701,Haruyan,6307,KABUPATEN HULU SUNGAI TENGAH,63,KALIMANTAN SELATAN
630702,Batu Benawa,6307,KABUPATEN HULU SUNGAI TENGAH,63,KALIMANTAN SELATAN
630703,Labuan Amas Selatan,6307,KABUPATEN HULU SUNGAI TENGAH,63,KALIMANTAN SELATAN
630704,Labuan Amas Utara,6307,KABUPATEN HULU SUNGAI TENGAH,63,KALIMANTAN SELATAN
630705,Pandawan,6307,KABUPATEN HULU SUNGAI TENGAH,63,KALIMANTAN SELATAN
630706,Barabai,6307,KABUPATEN HULU SUNGAI TENGAH,63,KALIMANTAN SELATAN
630707,Batang Alai Selatan,6307,KABUPATEN HULU SUNGAI TENGAH,63,KALIMANTAN SELATAN
630708,Batang Alai Utara,6307,KABUPATEN HULU SUNGAI TENGAH,63,KALIMANTAN SELATAN
630709,Hantakan,6307,KABUPATEN HULU SUNGAI TENGAH,63,KALIMANTAN SELATAN
630710,Batang Alai Timur,6307,KABUPATEN HULU SUNGAI TENGAH,63,KALIMANTAN SELATAN
630711,Limpasu,6307,KABUPATEN HULU SUNGAI TENGAH,63,KALIMANTAN SELATAN
630801,Danau Panggang,6308,KABUPATEN HULU SUNGAI UTARA,63,KALIMANTAN SELATAN
630802,Babirik,6308,KABUPATEN HULU SUNGAI UTARA,63,KALIMANTAN SELATAN
630803,Sungai Pandan,6308,KABUPATEN HULU SUNGAI UTARA,63,KALIMANTAN SELATAN
630804,Amuntai Selatan,6308,KABUPATEN HULU SUNGAI UTARA,63,KALIMANTAN SELATAN
630805,Amuntai Tengah,6308,KABUPATEN HULU SUNGAI UTARA,63,KALIMANTAN SELATAN
630806,Amuntai Utara,6308,KABUPATEN HULU SUNGAI UTARA,63,KALIMANTAN SELATAN
630807,Banjang,6308,KABUPATEN HULU SUNGAI UTARA,63,KALIMANTAN SELATAN
630808,Haur Gading,6308,KABUPATEN HULU SUNGAI UTARA,63,KALIMANTAN SELATAN
630809,Paminggir,6308,KABUPATEN HULU SUNGAI UTARA,63,KALIMANTAN SELATAN
630810,Sungai Tabukan,6308,KABUPATEN HULU SUNGAI UTARA,63,KALIMANTAN SELATAN
630901,Banua Lawas,6309,KABUPATEN TABALONG,63,KALIMANTAN SELATAN
630902,Kelua,6309,KABUPATEN TABALONG,63,KALIMANTAN SELATAN
630903,Tanta,6309,KABUPATEN TABALONG,63,KALIMANTAN SELATAN
630904,Tanjung,6309,KABUPATEN TABALONG,63,KALIMANTAN SELATAN
630905,Haruai,6309,KABUPATEN TABALONG,63,KALIMANTAN SELATAN
630906,Murung Pudak,6309,KABUPATEN TABALONG,63,KALIMANTAN SELATAN
630907,Muara Uya,6309,KABUPATEN TABALONG,63,KALIMANTAN SELATAN
630908,Muara Harus,6309,KABUPATEN TABALONG,63,KALIMANTAN SELATAN
630909,Pugaan,6309,KABUPATEN TABALONG,63,KALIMANTAN SELATAN
630910,Upau,6309,KABUPATEN TABALONG,63,KALIMANTAN SELATAN
630911,Jaro,6309,KABUPATEN TABALONG,63,KALIMANTAN SELATAN
630912,Bintang Ara,6309,KABUPATEN TABALONG,63,KALIMANTAN SELATAN
631001,Batu Licin,6310,KABUPATEN TANAH BUMBU,63,KALIMANTAN SELATAN
631002,Kusan Hilir,6310,KABUPATEN TANAH BUMBU,63,KALIMANTAN SELATAN
631003,Sungai Loban,6310,KABUPATEN TANAH BUMBU,63,KALIMANTAN SELATAN
631004,Satui,6310,KABUPATEN TANAH BUMBU,63,KALIMANTAN SELATAN
631005,Kusan Hulu,6310,KABUPATEN TANAH BUMBU,63,KALIMANTAN SELATAN
631006,Simpang Empat,6310,KABUPATEN TANAH BUMBU,63,KALIMANTAN SELATAN
631007,Karang Bintang,6310,KABUPATEN TANAH BUMBU,63,KALIMANTAN SELATAN
631008,Mantewe,6310,KABUPATEN TANAH BUMBU,63,KALIMANTAN SELATAN
631009,Angsana,6310,KABUPATEN TANAH BUMBU,63,KALIMANTAN SELATAN
631010,Kuranji,6310,KABUPATEN TANAH BUMBU,63,KALIMANTAN SELATAN
631011,Kusan Tengah,6310,KABUPATEN TANAH BUMBU,63,KALIMANTAN SELATAN
631012,Teluk Kepayang,6310,KABUPATEN TANAH BUMBU,63,KALIMANTAN SELATAN
631101,Juai,6311,KABUPATEN BALANGAN,63,KALIMANTAN SELATAN
631102,Halong,6311,KABUPATEN BALANGAN,63,KALIMANTAN SELATAN
631103,Awayan,6311,KABUPATEN BALANGAN,63,KALIMANTAN SELATAN
631104,Batu Mandi,6311,KABUPATEN BALANGAN,63,KALIMANTAN SELATAN
631105,Lampihong,6311,KABUPATEN BALANGAN,63,KALIMANTAN SELATAN
631106,Paringin,6311,KABUPATEN BALANGAN,63,KALIMANTAN SELATAN
631107,Paringin Selatan,6311,KABUPATEN BALANGAN,63,KALIMANTAN SELATAN
631108,Tebing Tinggi,6311,KABUPATEN BALANGAN,63,KALIMANTAN SELATAN
637101,Banjarmasin Selatan,6371,KOTA BANJARMASIN,63,KALIMANTAN SELATAN
637102,Banjarmasin Timur,6371,KOTA BANJARMASIN,63,KALIMANTAN SELATAN
637103,Banjarmasin Barat,6371,KOTA BANJARMASIN,63,KALIMANTAN SELATAN
637104,Banjarmasin Utara,6371,KOTA BANJARMASIN,63,KALIMANTAN SELATAN
637105,Banjarmasin Tengah,6371,KOTA BANJARMASIN,63,KALIMANTAN SELATAN
637202,Landasan Ulin,6372,KOTA BANJARBARU,63,KALIMANTAN SELATAN
637203,Cempaka,6372,KOTA BANJARBARU,63,KALIMANTAN SELATAN
637204,Banjarbaru Utara,6372,KOTA BANJARBARU,63,KALIMANTAN SELATAN
637205,Banjarbaru Selatan,6372,KOTA BANJARBARU,63,KALIMANTAN SELATAN
637206,Liang Anggang,6372,KOTA BANJARBARU,63,KALIMANTAN SELATAN
640101,Batu Sopang,6401,KABUPATEN PASER,64,KALIMANTAN TIMUR
640102,Tanjung Harapan,6401,KABUPATEN PASER,64,KALIMANTAN TIMUR
640103,Paser Belengkong,6401,KABUPATEN PASER,64,KALIMANTAN TIMUR
640104,Tanah Grogot,6401,KABUPATEN PASER,64,KALIMANTAN TIMUR
640105,Kuaro,6401,KABUPATEN PASER,64,KALIMANTAN TIMUR
640106,Long Ikis,6401,KABUPATEN PASER,64,KALIMANTAN TIMUR
640107,Muara Komam,6401,KABUPATEN PASER,64,KALIMANTAN TIMUR
640108,Long Kali,6401,KABUPATEN PASER,64,KALIMANTAN TIMUR
640109,Batu Engau,6401,KABUPATEN PASER,64,KALIMANTAN TIMUR
640110,Muara Samu,6401,KABUPATEN PASER,64,KALIMANTAN TIMUR
640201,Muara Muntai,6402,KABUPATEN KUTAI KARTANEGARA,64,KALIMANTAN TIMUR
640202,Loa Kulu,6402,KABUPATEN KUTAI KARTANEGARA,64,KALIMANTAN TIMUR
640203,Loa Janan,6402,KABUPATEN KUTAI KARTANEGARA,64,KALIMANTAN TIMUR
640204,Anggana,6402,KABUPATEN KUTAI KARTANEGARA,64,KALIMANTAN TIMUR
640205,Muara Badak,6402,KABUPATEN KUTAI KARTANEGARA,64,KALIMANTAN TIMUR
640206,Tenggarong,6402,KABUPATEN KUTAI KARTANEGARA,64,KALIMANTAN TIMUR
640207,Sebulu,6402,KABUPATEN KUTAI KARTANEGARA,64,KALIMANTAN TIMUR
640208,Kota Bangun,6402,KABUPATEN KUTAI KARTANEGARA,64,KALIMANTAN TIMUR
640209,Kenohan,6402,KABUPATEN KUTAI KARTANEGARA,64,KALIMANTAN TIMUR
640210,Kembang Janggut,6402,KABUPATEN KUTAI KARTANEGARA,64,KALIMANTAN TIMUR
640211,Muara Kaman,6402,KABUPATEN KUTAI KARTANEGARA,64,KALIMANTAN TIMUR
640212,Tabang,6402,KABUPATEN KUTAI KARTANEGARA,64,KALIMANTAN TIMUR
640213,Samboja,6402,KABUPATEN KUTAI KARTANEGARA,64,KALIMANTAN TIMUR
640214,Muara Jawa,6402,KABUPATEN KUTAI KARTANEGARA,64,KALIMANTAN TIMUR
640215,Sanga Sanga,6402,KABUPATEN KUTAI KARTANEGARA,64,KALIMANTAN TIMUR
640216,Tenggarong Seberang,6402,KABUPATEN KUTAI KARTANEGARA,64,KALIMANTAN TIMUR
640217,Marang Kayu,6402,KABUPATEN KUTAI KARTANEGARA,64,KALIMANTAN TIMUR
640218,Muara Wis,6402,KABUPATEN KUTAI KARTANEGARA,64,KALIMANTAN TIMUR
640219,Kota Bangun Darat,6402,KABUPATEN KUTAI KARTANEGARA,64,KALIMANTAN TIMUR
640220,Semboja Barat,6402,KABUPATEN KUTAI KARTANEGARA,64,KALIMANTAN TIMUR
640301,Kelay,6403,KABUPATEN BERAU,64,KALIMANTAN TIMUR
640302,Talisayan,6403,KABUPATEN BERAU,64,KALIMANTAN TIMUR
640303,Sambaliung,6403,KABUPATEN BERAU,64,KALIMANTAN TIMUR
640304,Segah,6403,KABUPATEN BERAU,64,KALIMANTAN TIMUR
640305,Tanjung Redeb,6403,KABUPATEN BERAU,64,KALIMANTAN TIMUR
640306,Gunung Tabur,6403,KABUPATEN BERAU,64,KALIMANTAN TIMUR
640307,Pulau Derawan,6403,KABUPATEN BERAU,64,KALIMANTAN TIMUR
640308,Biduk-Biduk,6403,KABUPATEN BERAU,64,KALIMANTAN TIMUR
640309,Teluk Bayur,6403,KABUPATEN BERAU,64,KALIMANTAN TIMUR
640310,Tabalar,6403,KABUPATEN BERAU,64,KALIMANTAN TIMUR
640311,Maratua,6403,KABUPATEN BERAU,64,KALIMANTAN TIMUR
640312,Batu Putih,6403,KABUPATEN BERAU,64,KALIMANTAN TIMUR
640313,Biatan,6403,KABUPATEN BERAU,64,KALIMANTAN TIMUR
640705,Long Iram,6407,KABUPATEN KUTAI BARAT,64,KALIMANTAN TIMUR
640706,Melak,6407,KABUPATEN KUTAI BARAT,64,KALIMANTAN TIMUR
640707,Barong Tongkok,6407,KABUPATEN KUTAI BARAT,64,KALIMANTAN TIMUR
640708,Damai,6407,KABUPATEN KUTAI BARAT,64,KALIMANTAN TIMUR
640709,Muara Lawa,6407,KABUPATEN KUTAI BARAT,64,KALIMANTAN TIMUR
640710,Muara Pahu,6407,KABUPATEN KUTAI BARAT,64,KALIMANTAN TIMUR
640711,Jempang,6407,KABUPATEN KUTAI BARAT,64,KALIMANTAN TIMUR
640712,Bongan,6407,KABUPATEN KUTAI BARAT,64,KALIMANTAN TIMUR
640713,Penyinggahan,6407,KABUPATEN KUTAI BARAT,64,KALIMANTAN TIMUR
640714,Bentian Besar,6407,KABUPATEN KUTAI BARAT,64,KALIMANTAN TIMUR
640715,Linggang Bigung,6407,KABUPATEN KUTAI BARAT,64,KALIMANTAN TIMUR
640716,Nyuatan,6407,KABUPATEN KUTAI BARAT,64,KALIMANTAN TIMUR
640717,Siluq Ngurai,6407,KABUPATEN KUTAI BARAT,64,KALIMANTAN TIMUR
640718,Mook Manaar Bulatn,6407,KABUPATEN KUTAI BARAT,64,KALIMANTAN TIMUR
640719,Tering,6407,KABUPATEN KUTAI BARAT,64,KALIMANTAN TIMUR
640720,Sekolaq Darat,6407,KABUPATEN KUTAI BARAT,64,KALIMANTAN TIMUR
640801,Muara Ancalong,6408,KABUPATEN KUTAI TIMUR,64,KALIMANTAN TIMUR
640802,Muara Wahau,6408,KABUPATEN KUTAI TIMUR,64,KALIMANTAN TIMUR
640803,Muara Bengkal,6408,KABUPATEN KUTAI TIMUR,64,KALIMANTAN TIMUR
640804,Sangatta Utara,6408,KABUPATEN KUTAI TIMUR,64,KALIMANTAN TIMUR
640805,Sangkulirang,6408,KABUPATEN KUTAI TIMUR,64,KALIMANTAN TIMUR
640806,Busang,6408,KABUPATEN KUTAI TIMUR,64,KALIMANTAN TIMUR
640807,Telen,6408,KABUPATEN KUTAI TIMUR,64,KALIMANTAN TIMUR
640808,Kombeng,6408,KABUPATEN KUTAI TIMUR,64,KALIMANTAN TIMUR
640809,Bengalon,6408,KABUPATEN KUTAI TIMUR,64,KALIMANTAN TIMUR
640810,Kaliorang,6408,KABUPATEN KUTAI TIMUR,64,KALIMANTAN TIMUR
640811,Sandaran,6408,KABUPATEN KUTAI TIMUR,64,KALIMANTAN TIMUR
640812,Sangatta Selatan,6408,KABUPATEN KUTAI TIMUR,64,KALIMANTAN TIMUR
640813,Teluk Pandan,6408,KABUPATEN KUTAI TIMUR,64,KALIMANTAN TIMUR
640814,Rantau Pulung,6408,KABUPATEN KUTAI TIMUR,64,KALIMANTAN TIMUR
640815,Kaubun,6408,KABUPATEN KUTAI TIMUR,64,KALIMANTAN TIMUR
640816,Karangan,6408,KABUPATEN KUTAI TIMUR,64,KALIMANTAN TIMUR
640817,Batu Ampar,6408,KABUPATEN KUTAI TIMUR,64,KALIMANTAN TIMUR
640818,Long Mesangat,6408,KABUPATEN KUTAI TIMUR,64,KALIMANTAN TIMUR
640901,Penajam,6409,KABUPATEN PENAJAM PASER UTARA,64,KALIMANTAN TIMUR
640902,Waru,6409,KABUPATEN PENAJAM PASER UTARA,64,KALIMANTAN TIMUR
640903,Babulu,6409,KABUPATEN PENAJAM PASER UTARA,64,KALIMANTAN TIMUR
640904,Sepaku,6409,KABUPATEN PENAJAM PASER UTARA,64,KALIMANTAN TIMUR
641101,Long Bagun,6411,KABUPATEN MAHAKAM ULU,64,KALIMANTAN TIMUR
641102,Long Hubung,6411,KABUPATEN MAHAKAM ULU,64,KALIMANTAN TIMUR
641103,Laham,6411,KABUPATEN MAHAKAM ULU,64,KALIMANTAN TIMUR
641104,Long Apari,6411,KABUPATEN MAHAKAM ULU,64,KALIMANTAN TIMUR
641105,Long Pahangai,6411,KABUPATEN MAHAKAM ULU,64,KALIMANTAN TIMUR
647101,Balikpapan Timur,6471,KOTA BALIKPAPAN,64,KALIMANTAN TIMUR
647102,Balikpapan Barat,6471,KOTA BALIKPAPAN,64,KALIMANTAN TIMUR
647103,Balikpapan Utara,6471,KOTA BALIKPAPAN,64,KALIMANTAN TIMUR
647104,Balikpapan Tengah,6471,KOTA BALIKPAPAN,64,KALIMANTAN TIMUR
647105,Balikpapan Selatan,6471,KOTA BALIKPAPAN,64,KALIMANTAN TIMUR
647106,Balikpapan Kota,6471,KOTA BALIKPAPAN,64,KALIMANTAN TIMUR
647201,Palaran,6472,KOTA SAMARINDA,64,KALIMANTAN TIMUR
647202,Samarinda Seberang,6472,KOTA SAMARINDA,64,KALIMANTAN TIMUR
647203,Samarinda Ulu,6472,KOTA SAMARINDA,64,KALIMANTAN TIMUR
647204,Samarinda Ilir,6472,KOTA SAMARINDA,64,KALIMANTAN TIMUR
647205,Samarinda Utara,6472,KOTA SAMARINDA,64,KALIMANTAN TIMUR
647206,Sungai Kunjang,6472,KOTA SAMARINDA,64,KALIMANTAN TIMUR
647207,Sambutan,6472,KOTA SAMARINDA,64,KALIMANTAN TIMUR
647208,Sungai Pinang,6472,KOTA SAMARINDA,64,KALIMANTAN TIMUR
647209,Samarinda Kota,6472,KOTA SAMARINDA,64,KALIMANTAN TIMUR
647210,Loa Janan Ilir,6472,KOTA SAMARINDA,64,KALIMANTAN TIMUR
647401,Bontang Utara,6474,KOTA BONTANG,64,KALIMANTAN TIMUR
647402,Bontang Selatan,6474,KOTA BONTANG,64,KALIMANTAN TIMUR
647403,Bontang Barat,6474,KOTA BONTANG,64,KALIMANTAN TIMUR
650101,Tanjung Palas,6501,KABUPATEN BULUNGAN,65,KALIMANTAN UTARA
650102,Tanjung Palas Barat,6501,KABUPATEN BULUNGAN,65,KALIMANTAN UTARA
650103,Tanjung Palas Utara,6501,KABUPATEN BULUNGAN,65,KALIMANTAN UTARA
650104,Tanjung Palas Timur,6501,KABUPATEN BULUNGAN,65,KALIMANTAN UTARA
650105,Tanjung Selor,6501,KABUPATEN BULUNGAN,65,KALIMANTAN UTARA
650106,Tanjung Palas Tengah,6501,KABUPATEN BULUNGAN,65,KALIMANTAN UTARA
650107,Peso,6501,KABUPATEN BULUNGAN,65,KALIMANTAN UTARA
650108,Peso Hilir,6501,KABUPATEN BULUNGAN,65,KALIMANTAN UTARA
650109,Sekatak,6501,KABUPATEN BULUNGAN,65,KALIMANTAN UTARA
650110,Bunyu,6501,KABUPATEN BULUNGAN,65,KALIMANTAN UTARA
650201,Mentarang,6502,KABUPATEN MALINAU,65,KALIMANTAN UTARA
650202,Malinau Kota,6502,KABUPATEN MALINAU,65,KALIMANTAN UTARA
650203,Pujungan,6502,KABUPATEN MALINAU,65,KALIMANTAN UTARA
650204,Kayan Hilir,6502,KABUPATEN MALINAU,65,KALIMANTAN UTARA
650205,Kayan Hulu,6502,KABUPATEN MALINAU,65,KALIMANTAN UTARA
650206,Malinau Selatan,6502,KABUPATEN MALINAU,65,KALIMANTAN UTARA
650207,Malinau Utara,6502,KABUPATEN MALINAU,65,KALIMANTAN UTARA
650208,Malinau Barat,6502,KABUPATEN MALINAU,65,KALIMANTAN UTARA
650209,Sungai Boh,6502,KABUPATEN MALINAU,65,KALIMANTAN UTARA
650210,Kayan Selatan,6502,KABUPATEN MALINAU,65,KALIMANTAN UTARA
650211,Bahau Hulu,6502,KABUPATEN MALINAU,65,KALIMANTAN UTARA
650212,Mentarang Hulu,6502,KABUPATEN MALINAU,65,KALIMANTAN UTARA
650213,Malinau Selatan Hilir,6502,KABUPATEN MALINAU,65,KALIMANTAN UTARA
650214,Malinau Selatan Hulu,6502,KABUPATEN MALINAU,65,KALIMANTAN UTARA
650215,Sungai Tubu,6502,KABUPATEN MALINAU,65,KALIMANTAN UTARA
650301,Sebatik,6503,KABUPATEN NUNUKAN,65,KALIMANTAN UTARA
650302,Nunukan,6503,KABUPATEN NUNUKAN,65,KALIMANTAN UTARA
650303,Sembakung,6503,KABUPATEN NUNUKAN,65,KALIMANTAN UTARA
650304,Lumbis,6503,KABUPATEN NUNUKAN,65,KALIMANTAN UTARA
650305,Krayan,6503,KABUPATEN NUNUKAN,65,KALIMANTAN UTARA
650306,Sebuku,6503,KABUPATEN NUNUKAN,65,KALIMANTAN UTARA
650307,Krayan Selatan,6503,KABUPATEN NUNUKAN,65,KALIMANTAN UTARA
650308,Sebatik Barat,6503,KABUPATEN NUNUKAN,65,KALIMANTAN UTARA
650309,Nunukan Selatan,6503,KABUPATEN NUNUKAN,65,KALIMANTAN UTARA
650310,Sebatik Timur,6503,KABUPATEN NUNUKAN,65,KALIMANTAN UTARA
650311,Sebatik Utara,6503,KABUPATEN NUNUKAN,65,KALIMANTAN UTARA
650312,Sebatik Tengah,6503,KABUPATEN NUNUKAN,65,KALIMANTAN UTARA
650313,Sei Menggaris,6503,KABUPATEN NUNUKAN,65,KALIMANTAN UTARA
650314,Tulin Onsoi,6503,KABUPATEN NUNUKAN,65,KALIMANTAN UTARA
650315,Lumbis Ogong,6503,KABUPATEN NUNUKAN,65,KALIMANTAN UTARA
650316,Sembakung Atulai,6503,KABUPATEN NUNUKAN,65,KALIMANTAN UTARA
650317,Krayan Tengah,6503,KABUPATEN NUNUKAN,65,KALIMANTAN UTARA
650318,Krayan Timur,6503,KABUPATEN NUNUKAN,65,KALIMANTAN UTARA
650319,Krayan Barat,6503,KABUPATEN NUNUKAN,65,KALIMANTAN UTARA
650320,Lumbis Pansiangan,6503,KABUPATEN NUNUKAN,65,KALIMANTAN UTARA
650321,Lumbis Hulu,6503,KABUPATEN NUNUKAN,65,KALIMANTAN UTARA
650401,Sesayap,6504,KABUPATEN TANA TIDUNG,65,KALIMANTAN UTARA
650402,Sesayap Hilir,6504,KABUPATEN TANA TIDUNG,65,KALIMANTAN UTARA
650403,Tana Lia,6504,KABUPATEN TANA TIDUNG,65,KALIMANTAN UTARA
650404,Betayau,6504,KABUPATEN TANA TIDUNG,65,KALIMANTAN UTARA
650405,Muruk Rian,6504,KABUPATEN TANA TIDUNG,65,KALIMANTAN UTARA
657101,Tarakan Barat,6571,KOTA TARAKAN,65,KALIMANTAN UTARA
657102,Tarakan Tengah,6571,KOTA TARAKAN,65,KALIMANTAN UTARA
657103,Tarakan Timur,6571,KOTA TARAKAN,65,KALIMANTAN UTARA
657104,Tarakan Utara,6571,KOTA TARAKAN,65,KALIMANTAN UTARA
710105,Sang Tombolang,7101,KABUPATEN BOLAANG MONGONDOW,71,SULAWESI UTARA
710109,Dumoga Barat,7101,KABUPATEN BOLAANG MONGONDOW,71,SULAWESI UTARA
710110,Dumoga Timur,7101,KABUPATEN BOLAANG MONGONDOW,71,SULAWESI UTARA
710111,Dumoga Utara,7101,KABUPATEN BOLAANG MONGONDOW,71,SULAWESI UTARA
710112,Lolak,7101,KABUPATEN BOLAANG MONGONDOW,71,SULAWESI UTARA
710113,Bolaang,7101,KABUPATEN BOLAANG MONGONDOW,71,SULAWESI UTARA
710114,Lolayan,7101,KABUPATEN BOLAANG MONGONDOW,71,SULAWESI UTARA
710119,Passi Barat,7101,KABUPATEN BOLAANG MONGONDOW,71,SULAWESI UTARA
710120,Poigar,7101,KABUPATEN BOLAANG MONGONDOW,71,SULAWESI UTARA
710122,Passi Timur,7101,KABUPATEN BOLAANG MONGONDOW,71,SULAWESI UTARA
710131,Bolaang Timur,7101,KABUPATEN BOLAANG MONGONDOW,71,SULAWESI UTARA
710132,Bilalang,7101,KABUPATEN BOLAANG MONGONDOW,71,SULAWESI UTARA
710133,Dumoga,7101,KABUPATEN BOLAANG MONGONDOW,71,SULAWESI UTARA
710134,Dumoga Tenggara,7101,KABUPATEN BOLAANG MONGONDOW,71,SULAWESI UTARA
710135,Dumoga Tengah,7101,KABUPATEN BOLAANG MONGONDOW,71,SULAWESI UTARA
710201,Tondano Barat,7102,KABUPATEN MINAHASA,71,SULAWESI UTARA
710202,Tondano Timur,7102,KABUPATEN MINAHASA,71,SULAWESI UTARA
710203,Eris,7102,KABUPATEN MINAHASA,71,SULAWESI UTARA
710204,Kombi,7102,KABUPATEN MINAHASA,71,SULAWESI UTARA
710205,Lembean Timur,7102,KABUPATEN MINAHASA,71,SULAWESI UTARA
710206,Kakas,7102,KABUPATEN MINAHASA,71,SULAWESI UTARA
710207,Tompaso,7102,KABUPATEN MINAHASA,71,SULAWESI UTARA
710208,Remboken,7102,KABUPATEN MINAHASA,71,SULAWESI UTARA
710209,Langowan Timur,7102,KABUPATEN MINAHASA,71,SULAWESI UTARA
710210,Langowan Barat,7102,KABUPATEN MINAHASA,71,SULAWESI UTARA
710211,Sonder,7102,KABUPATEN MINAHASA,71,SULAWESI UTARA
710212,Kawangkoan,7102,KABUPATEN MINAHASA,71,SULAWESI UTARA
710213,Pineleng,7102,KABUPATEN MINAHASA,71,SULAWESI UTARA
710214,Tombulu,7102,KABUPATEN MINAHASA,71,SULAWESI UTARA
710215,Tombariri,7102,KABUPATEN MINAHASA,71,SULAWESI UTARA
710216,Tondano Utara,7102,KABUPATEN MINAHASA,71,SULAWESI UTARA
710217,Langowan Selatan,7102,KABUPATEN MINAHASA,71,SULAWESI UTARA
710218,Tondano Selatan,7102,KABUPATEN MINAHASA,71,SULAWESI UTARA
710219,Langowan Utara,7102,KABUPATEN MINAHASA,71,SULAWESI UTARA
710220,Kakas Barat,7102,KABUPATEN MINAHASA,71,SULAWESI UTARA
710221,Kawangkoan Utara,7102,KABUPATEN MINAHASA,71,SULAWESI UTARA
710222,Kawangkoan Barat,7102,KABUPATEN MINAHASA,71,SULAWESI UTARA
710223,Mandolang,7102,KABUPATEN MINAHASA,71,SULAWESI UTARA
710224,Tombariri Timur,7102,KABUPATEN MINAHASA,71,SULAWESI UTARA
710225,Tompaso Barat,7102,KABUPATEN MINAHASA,71,SULAWESI UTARA
710308,Tabukan Utara,7103,KABUPATEN KEPULAUAN SANGIHE,71,SULAWESI UTARA
710309,Nusa Tabukan,7103,KABUPATEN KEPULAUAN SANGIHE,71,SULAWESI UTARA
710310,Manganitu Selatan,7103,KABUPATEN KEPULAUAN SANGIHE,71,SULAWESI UTARA
710311,Tatoareng,7103,KABUPATEN KEPULAUAN SANGIHE,71,SULAWESI UTARA
710312,Tamako,7103,KABUPATEN KEPULAUAN SANGIHE,71,SULAWESI UTARA
710313,Manganitu,7103,KABUPATEN KEPULAUAN SANGIHE,71,SULAWESI UTARA
710314,Tabukan Tengah,7103,KABUPATEN KEPULAUAN SANGIHE,71,SULAWESI UTARA
710315,Tabukan Selatan,7103,KABUPATEN KEPULAUAN SANGIHE,71,SULAWESI UTARA
710316,Kendahe,7103,KABUPATEN KEPULAUAN SANGIHE,71,SULAWESI UTARA
710317,Tahuna,7103,KABUPATEN KEPULAUAN SANGIHE,71,SULAWESI UTARA
710319,Tabukan Selatan Tengah,7103,KABUPATEN KEPULAUAN SANGIHE,71,SULAWESI UTARA
710320,Tabukan Selatan Tenggara,7103,KABUPATEN KEPULAUAN SANGIHE,71,SULAWESI UTARA
710323,Tahuna Barat,7103,KABUPATEN KEPULAUAN SANGIHE,71,SULAWESI UTARA
710324,Tahuna Timur,7103,KABUPATEN KEPULAUAN SANGIHE,71,SULAWESI UTARA
710325,Kepulauan Marore,7103,KABUPATEN KEPULAUAN SANGIHE,71,SULAWESI UTARA
710401,Lirung,7104,KABUPATEN KEPULAUAN TALAUD,71,SULAWESI UTARA
710402,Beo,7104,KABUPATEN KEPULAUAN TALAUD,71,SULAWESI UTARA
710403,Rainis,7104,KABUPATEN KEPULAUAN TALAUD,71,SULAWESI UTARA
710404,Essang,7104,KABUPATEN KEPULAUAN TALAUD,71,SULAWESI UTARA
710405,Nanusa,7104,KABUPATEN KEPULAUAN TALAUD,71,SULAWESI UTARA
710406,Kabaruan,7104,KABUPATEN KEPULAUAN TALAUD,71,SULAWESI UTARA
710407,Melonguane,7104,KABUPATEN KEPULAUAN TALAUD,71,SULAWESI UTARA
710408,Gemeh,7104,KABUPATEN KEPULAUAN TALAUD,71,SULAWESI UTARA
710409,Damau,7104,KABUPATEN KEPULAUAN TALAUD,71,SULAWESI UTARA
710410,Tampan' Amma,7104,KABUPATEN KEPULAUAN TALAUD,71,SULAWESI UTARA
710411,Salibabu,7104,KABUPATEN KEPULAUAN TALAUD,71,SULAWESI UTARA
710412,Kalongan,7104,KABUPATEN KEPULAUAN TALAUD,71,SULAWESI UTARA
710413,Miangas,7104,KABUPATEN KEPULAUAN TALAUD,71,SULAWESI UTARA
710414,Beo Utara,7104,KABUPATEN KEPULAUAN TALAUD,71,SULAWESI UTARA
710415,Pulutan,7104,KABUPATEN KEPULAUAN TALAUD,71,SULAWESI UTARA
710416,Melonguane Timur,7104,KABUPATEN KEPULAUAN TALAUD,71,SULAWESI UTARA
710417,Moronge,7104,KABUPATEN KEPULAUAN TALAUD,71,SULAWESI UTARA
710418,Beo Selatan,7104,KABUPATEN KEPULAUAN TALAUD,71,SULAWESI UTARA
710419,Essang Selatan,7104,KABUPATEN KEPULAUAN TALAUD,71,SULAWESI UTARA
710501,Modoinding,7105,KABUPATEN MINAHASA SELATAN,71,SULAWESI UTARA
710502,Tompaso Baru,7105,KABUPATEN MINAHASA SELATAN,71,SULAWESI UTARA
710503,Ranoyapo,7105,KABUPATEN MINAHASA SELATAN,71,SULAWESI UTARA
710507,Motoling,7105,KABUPATEN MINAHASA SELATAN,71,SULAWESI UTARA
710508,Sinonsayang,7105,KABUPATEN MINAHASA SELATAN,71,SULAWESI UTARA
710509,Tenga,7105,KABUPATEN MINAHASA SELATAN,71,SULAWESI UTARA
710510,Amurang,7105,KABUPATEN MINAHASA SELATAN,71,SULAWESI UTARA
710512,Tumpaan,7105,KABUPATEN MINAHASA SELATAN,71,SULAWESI UTARA
710513,Tareran,7105,KABUPATEN MINAHASA SELATAN,71,SULAWESI UTARA
710515,Kumelembuai,7105,KABUPATEN MINAHASA SELATAN,71,SULAWESI UTARA
710516,Maesaan,7105,KABUPATEN MINAHASA SELATAN,71,SULAWESI UTARA
710517,Amurang Barat,7105,KABUPATEN MINAHASA SELATAN,71,SULAWESI UTARA
710518,Amurang Timur,7105,KABUPATEN MINAHASA SELATAN,71,SULAWESI UTARA
710519,Tatapaan,7105,KABUPATEN MINAHASA SELATAN,71,SULAWESI UTARA
710521,Motoling Barat,7105,KABUPATEN MINAHASA SELATAN,71,SULAWESI UTARA
710522,Motoling Timur,7105,KABUPATEN MINAHASA SELATAN,71,SULAWESI UTARA
710523,Suluun Tareran,7105,KABUPATEN MINAHASA SELATAN,71,SULAWESI UTARA
710601,Kema,7106,KABUPATEN MINAHASA UTARA,71,SULAWESI UTARA
710602,Kauditan,7106,KABUPATEN MINAHASA UTARA,71,SULAWESI UTARA
710603,Airmadidi,7106,KABUPATEN MINAHASA UTARA,71,SULAWESI UTARA
710604,Wori,7106,KABUPATEN MINAHASA UTARA,71,SULAWESI UTARA
710605,Dimembe,7106,KABUPATEN MINAHASA UTARA,71,SULAWESI UTARA
710606,Likupang Barat,7106,KABUPATEN MINAHASA UTARA,71,SULAWESI UTARA
710607,Likupang Timur,7106,KABUPATEN MINAHASA UTARA,71,SULAWESI UTARA
710608,Kalawat,7106,KABUPATEN MINAHASA UTARA,71,SULAWESI UTARA
710609,Talawaan,7106,KABUPATEN MINAHASA UTARA,71,SULAWESI UTARA
710610,Likupang Selatan,7106,KABUPATEN MINAHASA UTARA,71,SULAWESI UTARA
710701,Ratahan,7107,KABUPATEN MINAHASA TENGGARA,71,SULAWESI UTARA
710702,Pusomaen,7107,KABUPATEN MINAHASA TENGGARA,71,SULAWESI UTARA
710703,Belang,7107,KABUPATEN MINAHASA TENGGARA,71,SULAWESI UTARA
710704,Ratatotok,7107,KABUPATEN MINAHASA TENGGARA,71,SULAWESI UTARA
710705,Tombatu,7107,KABUPATEN MINAHASA TENGGARA,71,SULAWESI UTARA
710706,Touluaan,7107,KABUPATEN MINAHASA TENGGARA,71,SULAWESI UTARA
710707,Touluaan Selatan,7107,KABUPATEN MINAHASA TENGGARA,71,SULAWESI UTARA
710708,Silian Raya,7107,KABUPATEN MINAHASA TENGGARA,71,SULAWESI UTARA
710709,Tombatu Timur,7107,KABUPATEN MINAHASA TENGGARA,71,SULAWESI UTARA
710710,Tombatu Utara,7107,KABUPATEN MINAHASA TENGGARA,71,SULAWESI UTARA
710711,Pasan,7107,KABUPATEN MINAHASA TENGGARA,71,SULAWESI UTARA
710712,Ratahan Timur,7107,KABUPATEN MINAHASA TENGGARA,71,SULAWESI UTARA
710801,Sangkub,7108,KABUPATEN BOLAANG MONGONDOW UTARA,71,SULAWESI UTARA
710802,Bintauna,7108,KABUPATEN BOLAANG MONGONDOW UTARA,71,SULAWESI UTARA
710803,Bolangitang Timur,7108,KABUPATEN BOLAANG MONGONDOW UTARA,71,SULAWESI UTARA
710804,Bolangitang Barat,7108,KABUPATEN BOLAANG MONGONDOW UTARA,71,SULAWESI UTARA
710805,Kaidipang,7108,KABUPATEN BOLAANG MONGONDOW UTARA,71,SULAWESI UTARA
710806,Pinogaluman,7108,KABUPATEN BOLAANG MONGONDOW UTARA,71,SULAWESI UTARA
710901,Siau Timur,7109,KABUPATEN KEP. SIAU TAGULANDANG BIARO,71,SULAWESI UTARA
710902,Siau Barat,7109,KABUPATEN KEP. SIAU TAGULANDANG BIARO,71,SULAWESI UTARA
710903,Tagulandang,7109,KABUPATEN KEP. SIAU TAGULANDANG BIARO,71,SULAWESI UTARA
710904,Siau Timur Selatan,7109,KABUPATEN KEP. SIAU TAGULANDANG BIARO,71,SULAWESI UTARA
710905,Siau Barat Selatan,7109,KABUPATEN KEP. SIAU TAGULANDANG BIARO,71,SULAWESI UTARA
710906,Tagulandang Utara,7109,KABUPATEN KEP. SIAU TAGULANDANG BIARO,71,SULAWESI UTARA
710907,Biaro,7109,KABUPATEN KEP. SIAU TAGULANDANG BIARO,71,SULAWESI UTARA
710908,Siau Barat Utara,7109,KABUPATEN KEP. SIAU TAGULANDANG BIARO,71,SULAWESI UTARA
710909,Siau Tengah,7109,KABUPATEN KEP. SIAU TAGULANDANG BIARO,71,SULAWESI UTARA
710910,Tagulandang Selatan,7109,KABUPATEN KEP. SIAU TAGULANDANG BIARO,71,SULAWESI UTARA
711001,Tutuyan,7110,KABUPATEN BOLAANG MONGONDOW TIMUR,71,SULAWESI UTARA
711002,Kotabunan,7110,KABUPATEN BOLAANG MONGONDOW TIMUR,71,SULAWESI UTARA
711003,Nuangan,7110,KABUPATEN BOLAANG MONGONDOW TIMUR,71,SULAWESI UTARA
711004,Modayag,7110,KABUPATEN BOLAANG MONGONDOW TIMUR,71,SULAWESI UTARA
711005,Modayag Barat,7110,KABUPATEN BOLAANG MONGONDOW TIMUR,71,SULAWESI UTARA
711006,Motongkad,7110,KABUPATEN BOLAANG MONGONDOW TIMUR,71,SULAWESI UTARA
711007,Mooat,7110,KABUPATEN BOLAANG MONGONDOW TIMUR,71,SULAWESI UTARA
711101,Bolaang Uki,7111,KABUPATEN BOLAANG MONGONDOW SELATAN,71,SULAWESI UTARA
711102,Posigadan,7111,KABUPATEN BOLAANG MONGONDOW SELATAN,71,SULAWESI UTARA
711103,Pinolosian,7111,KABUPATEN BOLAANG MONGONDOW SELATAN,71,SULAWESI UTARA
711104,Pinolosian Tengah,7111,KABUPATEN BOLAANG MONGONDOW SELATAN,71,SULAWESI UTARA
711105,Pinolosian Timur,7111,KABUPATEN BOLAANG MONGONDOW SELATAN,71,SULAWESI UTARA
711106,Helumo,7111,KABUPATEN BOLAANG MONGONDOW SELATAN,71,SULAWESI UTARA
711107,Tomini,7111,KABUPATEN BOLAANG MONGONDOW SELATAN,71,SULAWESI UTARA
717101,Bunaken,7171,KOTA MANADO,71,SULAWESI UTARA
717102,Tuminiting,7171,KOTA MANADO,71,SULAWESI UTARA
717103,Singkil,7171,KOTA MANADO,71,SULAWESI UTARA
717104,Wenang,7171,KOTA MANADO,71,SULAWESI UTARA
717105,Tikala,7171,KOTA MANADO,71,SULAWESI UTARA
717106,Sario,7171,KOTA MANADO,71,SULAWESI UTARA
717107,Wanea,7171,KOTA MANADO,71,SULAWESI UTARA
717108,Mapanget,7171,KOTA MANADO,71,SULAWESI UTARA
717109,Malalayang,7171,KOTA MANADO,71,SULAWESI UTARA
717110,Bunaken Kepulauan,7171,KOTA MANADO,71,SULAWESI UTARA
717111,Paal Dua,7171,KOTA MANADO,71,SULAWESI UTARA
717201,Lembeh Selatan,7172,KOTA BITUNG,71,SULAWESI UTARA
717202,Madidir,7172,KOTA BITUNG,71,SULAWESI UTARA
717203,Ranowulu,7172,KOTA BITUNG,71,SULAWESI UTARA
717204,Aertembaga,7172,KOTA BITUNG,71,SULAWESI UTARA
717205,Matuari,7172,KOTA BITUNG,71,SULAWESI UTARA
717206,Girian,7172,KOTA BITUNG,71,SULAWESI UTARA
717207,Maesa,7172,KOTA BITUNG,71,SULAWESI UTARA
717208,Lembeh Utara,7172,KOTA BITUNG,71,SULAWESI UTARA
717301,Tomohon Selatan,7173,KOTA TOMOHON,71,SULAWESI UTARA
717302,Tomohon Tengah,7173,KOTA TOMOHON,71,SULAWESI UTARA
717303,Tomohon Utara,7173,KOTA TOMOHON,71,SULAWESI UTARA
717304,Tomohon Barat,7173,KOTA TOMOHON,71,SULAWESI UTARA
717305,Tomohon Timur,7173,KOTA TOMOHON,71,SULAWESI UTARA
717401,Kotamobagu Utara,7174,KOTA KOTAMOBAGU,71,SULAWESI UTARA
717402,Kotamobagu Timur,7174,KOTA KOTAMOBAGU,71,SULAWESI UTARA
717403,Kotamobagu Selatan,7174,KOTA KOTAMOBAGU,71,SULAWESI UTARA
717404,Kotamobagu Barat,7174,KOTA KOTAMOBAGU,71,SULAWESI UTARA
720101,Batui,7201,KABUPATEN BANGGAI,72,SULAWESI TENGAH
720102,Bunta,7201,KABUPATEN BANGGAI,72,SULAWESI TENGAH
720103,Kintom,7201,KABUPATEN BANGGAI,72,SULAWESI TENGAH
720104,Luwuk,7201,KABUPATEN BANGGAI,72,SULAWESI TENGAH
720105,Lamala,7201,KABUPATEN BANGGAI,72,SULAWESI TENGAH
720106,Balantak,7201,KABUPATEN BANGGAI,72,SULAWESI TENGAH
720107,Pagimana,7201,KABUPATEN BANGGAI,72,SULAWESI TENGAH
720108,Bualemo,7201,KABUPATEN BANGGAI,72,SULAWESI TENGAH
720109,Toili,7201,KABUPATEN BANGGAI,72,SULAWESI TENGAH
720110,Masama,7201,KABUPATEN BANGGAI,72,SULAWESI TENGAH
720111,Luwuk Timur,7201,KABUPATEN BANGGAI,72,SULAWESI TENGAH
720112,Toili Barat,7201,KABUPATEN BANGGAI,72,SULAWESI TENGAH
720113,Nuhon,7201,KABUPATEN BANGGAI,72,SULAWESI TENGAH
720114,Moilong,7201,KABUPATEN BANGGAI,72,SULAWESI TENGAH
720115,Batui Selatan,7201,KABUPATEN BANGGAI,72,SULAWESI TENGAH
720116,Lobu,7201,KABUPATEN BANGGAI,72,SULAWESI TENGAH
720117,Simpang Raya,7201,KABUPATEN BANGGAI,72,SULAWESI TENGAH
720118,Balantak Selatan,7201,KABUPATEN BANGGAI,72,SULAWESI TENGAH
720119,Balantak Utara,7201,KABUPATEN BANGGAI,72,SULAWESI TENGAH
720120,Luwuk Selatan,7201,KABUPATEN BANGGAI,72,SULAWESI TENGAH
720121,Luwuk Utara,7201,KABUPATEN BANGGAI,72,SULAWESI TENGAH
720122,Mantoh,7201,KABUPATEN BANGGAI,72,SULAWESI TENGAH
720123,Nambo,7201,KABUPATEN BANGGAI,72,SULAWESI TENGAH
720201,Poso Kota,7202,KABUPATEN POSO,72,SULAWESI TENGAH
720202,Poso Pesisir,7202,KABUPATEN POSO,72,SULAWESI TENGAH
720203,Lage,7202,KABUPATEN POSO,72,SULAWESI TENGAH
720204,Pamona Puselemba,7202,KABUPATEN POSO,72,SULAWESI TENGAH
720205,Pamona Timur,7202,KABUPATEN POSO,72,SULAWESI TENGAH
720206,Pamona Selatan,7202,KABUPATEN POSO,72,SULAWESI TENGAH
720207,Lore Utara,7202,KABUPATEN POSO,72,SULAWESI TENGAH
720208,Lore Tengah,7202,KABUPATEN POSO,72,SULAWESI TENGAH
720209,Lore Selatan,7202,KABUPATEN POSO,72,SULAWESI TENGAH
720218,Poso Pesisir Utara,7202,KABUPATEN POSO,72,SULAWESI TENGAH
720219,Poso Pesisir Selatan,7202,KABUPATEN POSO,72,SULAWESI TENGAH
720220,Pamona Barat,7202,KABUPATEN POSO,72,SULAWESI TENGAH
720221,Poso Kota Selatan,7202,KABUPATEN POSO,72,SULAWESI TENGAH
720222,Poso Kota Utara,7202,KABUPATEN POSO,72,SULAWESI TENGAH
720223,Lore Barat,7202,KABUPATEN POSO,72,SULAWESI TENGAH
720224,Lore Timur,7202,KABUPATEN POSO,72,SULAWESI TENGAH
720225,Lore Piore,7202,KABUPATEN POSO,72,SULAWESI TENGAH
720226,Pamona Tenggara,7202,KABUPATEN POSO,72,SULAWESI TENGAH
720227,Pamona Utara,7202,KABUPATEN POSO,72,SULAWESI TENGAH
720304,Rio Pakava,7203,KABUPATEN DONGGALA,72,SULAWESI TENGAH
720306,Dampelas,7203,KABUPATEN DONGGALA,72,SULAWESI TENGAH
720308,Banawa,7203,KABUPATEN DONGGALA,72,SULAWESI TENGAH
720309,Labuan,7203,KABUPATEN DONGGALA,72,SULAWESI TENGAH
720310,Sindue,7203,KABUPATEN DONGGALA,72,SULAWESI TENGAH
720311,Sirenja,7203,KABUPATEN DONGGALA,72,SULAWESI TENGAH
720312,Balaesang,7203,KABUPATEN DONGGALA,72,SULAWESI TENGAH
720314,Sojol,7203,KABUPATEN DONGGALA,72,SULAWESI TENGAH
720318,Banawa Selatan,7203,KABUPATEN DONGGALA,72,SULAWESI TENGAH
720319,Tanantovea,7203,KABUPATEN DONGGALA,72,SULAWESI TENGAH
720321,Pinembani,7203,KABUPATEN DONGGALA,72,SULAWESI TENGAH
720324,Sindue Tombusabora,7203,KABUPATEN DONGGALA,72,SULAWESI TENGAH
720325,Sindue Tobata,7203,KABUPATEN DONGGALA,72,SULAWESI TENGAH
720327,Banawa Tengah,7203,KABUPATEN DONGGALA,72,SULAWESI TENGAH
720330,Sojol Utara,7203,KABUPATEN DONGGALA,72,SULAWESI TENGAH
720331,Balaesang Tanjung,7203,KABUPATEN DONGGALA,72,SULAWESI TENGAH
720401,Dampal Selatan,7204,KABUPATEN TOLI TOLI,72,SULAWESI TENGAH
720402,Dampal Utara,7204,KABUPATEN TOLI TOLI,72,SULAWESI TENGAH
720403,Dondo,7204,KABUPATEN TOLI TOLI,72,SULAWESI TENGAH
720404,Basidondo,7204,KABUPATEN TOLI TOLI,72,SULAWESI TENGAH
720405,Ogodeide,7204,KABUPATEN TOLI TOLI,72,SULAWESI TENGAH
720406,Lampasio,7204,KABUPATEN TOLI TOLI,72,SULAWESI TENGAH
720407,Baolan,7204,KABUPATEN TOLI TOLI,72,SULAWESI TENGAH
720408,Galang,7204,KABUPATEN TOLI TOLI,72,SULAWESI TENGAH
720409,Toli-Toli Utara,7204,KABUPATEN TOLI TOLI,72,SULAWESI TENGAH
720410,Dako Pemean,7204,KABUPATEN TOLI TOLI,72,SULAWESI TENGAH
720501,Momunu,7205,KABUPATEN BUOL,72,SULAWESI TENGAH
720502,Lakea,7205,KABUPATEN BUOL,72,SULAWESI TENGAH
720503,Bokat,7205,KABUPATEN BUOL,72,SULAWESI TENGAH
720504,Bunobogu,7205,KABUPATEN BUOL,72,SULAWESI TENGAH
720505,Paleleh,7205,KABUPATEN BUOL,72,SULAWESI TENGAH
720506,Biau,7205,KABUPATEN BUOL,72,SULAWESI TENGAH
720507,Tiloan,7205,KABUPATEN BUOL,72,SULAWESI TENGAH
720508,Bukal,7205,KABUPATEN BUOL,72,SULAWESI TENGAH
720509,Gadung,7205,KABUPATEN BUOL,72,SULAWESI TENGAH
720510,Karamat,7205,KABUPATEN BUOL,72,SULAWESI TENGAH
720511,Paleleh Barat,7205,KABUPATEN BUOL,72,SULAWESI TENGAH
720605,Bungku Tengah,7206,KABUPATEN MOROWALI,72,SULAWESI TENGAH
720606,Bungku Selatan,7206,KABUPATEN MOROWALI,72,SULAWESI TENGAH
720607,Menui Kepulauan,7206,KABUPATEN MOROWALI,72,SULAWESI TENGAH
720608,Bungku Barat,7206,KABUPATEN MOROWALI,72,SULAWESI TENGAH
720609,Bumi Raya,7206,KABUPATEN MOROWALI,72,SULAWESI TENGAH
720610,Bahodopi,7206,KABUPATEN MOROWALI,72,SULAWESI TENGAH
720612,Wita Ponda,7206,KABUPATEN MOROWALI,72,SULAWESI TENGAH
720615,Bungku Pesisir,7206,KABUPATEN MOROWALI,72,SULAWESI TENGAH
720618,Bungku Timur,7206,KABUPATEN MOROWALI,72,SULAWESI TENGAH
720703,Totikum,7207,KABUPATEN BANGGAI KEPULAUAN,72,SULAWESI TENGAH
720704,Tinangkung,7207,KABUPATEN BANGGAI KEPULAUAN,72,SULAWESI TENGAH
720705,Liang,7207,KABUPATEN BANGGAI KEPULAUAN,72,SULAWESI TENGAH
720706,Bulagi,7207,KABUPATEN BANGGAI KEPULAUAN,72,SULAWESI TENGAH
720707,Buko,7207,KABUPATEN BANGGAI KEPULAUAN,72,SULAWESI TENGAH
720709,Bulagi Selatan,7207,KABUPATEN BANGGAI KEPULAUAN,72,SULAWESI TENGAH
720711,Tinangkung Selatan,7207,KABUPATEN BANGGAI KEPULAUAN,72,SULAWESI TENGAH
720715,Totikum Selatan,7207,KABUPATEN BANGGAI KEPULAUAN,72,SULAWESI TENGAH
720716,Peling Tengah,7207,KABUPATEN BANGGAI KEPULAUAN,72,SULAWESI TENGAH
720717,Bulagi Utara,7207,KABUPATEN BANGGAI KEPULAUAN,72,SULAWESI TENGAH
720718,Buko Selatan,7207,KABUPATEN BANGGAI KEPULAUAN,72,SULAWESI TENGAH
720719,Tinangkung Utara,7207,KABUPATEN BANGGAI KEPULAUAN,72,SULAWESI TENGAH
720801,Parigi,7208,KABUPATEN PARIGI MOUTONG,72,SULAWESI TENGAH
720802,Ampibabo,7208,KABUPATEN PARIGI MOUTONG,72,SULAWESI TENGAH
720803,Tinombo,7208,KABUPATEN PARIGI MOUTONG,72,SULAWESI TENGAH
720804,Moutong,7208,KABUPATEN PARIGI MOUTONG,72,SULAWESI TENGAH
720805,Tomini,7208,KABUPATEN PARIGI MOUTONG,72,SULAWESI TENGAH
720806,Sausu,7208,KABUPATEN PARIGI MOUTONG,72,SULAWESI TENGAH
720807,Bolano Lambunu,7208,KABUPATEN PARIGI MOUTONG,72,SULAWESI TENGAH
720808,Kasimbar,7208,KABUPATEN PARIGI MOUTONG,72,SULAWESI TENGAH
720809,Torue,7208,KABUPATEN PARIGI MOUTONG,72,SULAWESI TENGAH
720810,Tinombo Selatan,7208,KABUPATEN PARIGI MOUTONG,72,SULAWESI TENGAH
720811,Parigi Selatan,7208,KABUPATEN PARIGI MOUTONG,72,SULAWESI TENGAH
720812,Mepanga,7208,KABUPATEN PARIGI MOUTONG,72,SULAWESI TENGAH
720813,Toribulu,7208,KABUPATEN PARIGI MOUTONG,72,SULAWESI TENGAH
720814,Taopa,7208,KABUPATEN PARIGI MOUTONG,72,SULAWESI TENGAH
720815,Balinggi,7208,KABUPATEN PARIGI MOUTONG,72,SULAWESI TENGAH
720816,Parigi Barat,7208,KABUPATEN PARIGI MOUTONG,72,SULAWESI TENGAH
720817,Siniu,7208,KABUPATEN PARIGI MOUTONG,72,SULAWESI TENGAH
720818,Palasa,7208,KABUPATEN PARIGI MOUTONG,72,SULAWESI TENGAH
720819,Parigi Utara,7208,KABUPATEN PARIGI MOUTONG,72,SULAWESI TENGAH
720820,Parigi Tengah,7208,KABUPATEN PARIGI MOUTONG,72,SULAWESI TENGAH
720821,Bolano,7208,KABUPATEN PARIGI MOUTONG,72,SULAWESI TENGAH
720822,Ongka Malino,7208,KABUPATEN PARIGI MOUTONG,72,SULAWESI TENGAH
720823,Sidoan,7208,KABUPATEN PARIGI MOUTONG,72,SULAWESI TENGAH
720901,Una Una,7209,KABUPATEN TOJO UNA UNA,72,SULAWESI TENGAH
720902,Togean,7209,KABUPATEN TOJO UNA UNA,72,SULAWESI TENGAH
720903,Walea Kepulauan,7209,KABUPATEN TOJO UNA UNA,72,SULAWESI TENGAH
720904,Ampana Tete,7209,KABUPATEN TOJO UNA UNA,72,SULAWESI TENGAH
720905,Ampana Kota,7209,KABUPATEN TOJO UNA UNA,72,SULAWESI TENGAH
720906,Ulubongka,7209,KABUPATEN TOJO UNA UNA,72,SULAWESI TENGAH
720907,Tojo Barat,7209,KABUPATEN TOJO UNA UNA,72,SULAWESI TENGAH
720908,Tojo,7209,KABUPATEN TOJO UNA UNA,72,SULAWESI TENGAH
720909,Walea Besar,7209,KABUPATEN TOJO UNA UNA,72,SULAWESI TENGAH
720910,Ratolindo,7209,KABUPATEN TOJO UNA UNA,72,SULAWESI TENGAH
720911,Batudaka,7209,KABUPATEN TOJO UNA UNA,72,SULAWESI TENGAH
720912,Talatako,7209,KABUPATEN TOJO UNA UNA,72,SULAWESI TENGAH
721001,Sigi Biromaru,7210,KABUPATEN SIGI,72,SULAWESI TENGAH
721002,Palolo,7210,KABUPATEN SIGI,72,SULAWESI TENGAH
721003,Nokilalaki,7210,KABUPATEN SIGI,72,SULAWESI TENGAH
721004,Lindu,7210,KABUPATEN SIGI,72,SULAWESI TENGAH
721005,Kulawi,7210,KABUPATEN SIGI,72,SULAWESI TENGAH
721006,Kulawi Selatan,7210,KABUPATEN SIGI,72,SULAWESI TENGAH
721007,Pipikoro,7210,KABUPATEN SIGI,72,SULAWESI TENGAH
721008,Gumbasa,7210,KABUPATEN SIGI,72,SULAWESI TENGAH
721009,Dolo Selatan,7210,KABUPATEN SIGI,72,SULAWESI TENGAH
721010,Tanambulava,7210,KABUPATEN SIGI,72,SULAWESI TENGAH
721011,Dolo Barat,7210,KABUPATEN SIGI,72,SULAWESI TENGAH
721012,Dolo,7210,KABUPATEN SIGI,72,SULAWESI TENGAH
721013,Kinovaro,7210,KABUPATEN SIGI,72,SULAWESI TENGAH
721014,Marawola,7210,KABUPATEN SIGI,72,SULAWESI TENGAH
721015,Marawola Barat,7210,KABUPATEN SIGI,72,SULAWESI TENGAH
721101,Banggai,7211,KABUPATEN BANGGAI LAUT,72,SULAWESI TENGAH
721102,Banggai Utara,7211,KABUPATEN BANGGAI LAUT,72,SULAWESI TENGAH
721103,Bokan Kepulauan,7211,KABUPATEN BANGGAI LAUT,72,SULAWESI TENGAH
721104,Bangkurung,7211,KABUPATEN BANGGAI LAUT,72,SULAWESI TENGAH
721105,Labobo,7211,KABUPATEN BANGGAI LAUT,72,SULAWESI TENGAH
721106,Banggai Selatan,7211,KABUPATEN BANGGAI LAUT,72,SULAWESI TENGAH
721107,Banggai Tengah,7211,KABUPATEN BANGGAI LAUT,72,SULAWESI TENGAH
721201,Petasia,7212,KABUPATEN MOROWALI UTARA,72,SULAWESI TENGAH
721202,Petasia Timur,7212,KABUPATEN MOROWALI UTARA,72,SULAWESI TENGAH
721203,Lembo Raya,7212,KABUPATEN MOROWALI UTARA,72,SULAWESI TENGAH
721204,Lembo,7212,KABUPATEN MOROWALI UTARA,72,SULAWESI TENGAH
721205,Mori Atas,7212,KABUPATEN MOROWALI UTARA,72,SULAWESI TENGAH
721206,Mori Utara,7212,KABUPATEN MOROWALI UTARA,72,SULAWESI TENGAH
721207,Soyo Jaya,7212,KABUPATEN MOROWALI UTARA,72,SULAWESI TENGAH
721208,Bungku Utara,7212,KABUPATEN MOROWALI UTARA,72,SULAWESI TENGAH
721209,Mamosalato,7212,KABUPATEN MOROWALI UTARA,72,SULAWESI TENGAH
721210,Petasia Barat,7212,KABUPATEN MOROWALI UTARA,72,SULAWESI TENGAH
727101,Palu Timur,7271,KOTA PALU,72,SULAWESI TENGAH
727102,Palu Barat,7271,KOTA PALU,72,SULAWESI TENGAH
727103,Palu Selatan,7271,KOTA PALU,72,SULAWESI TENGAH
727104,Palu Utara,7271,KOTA PALU,72,SULAWESI TENGAH
727105,Ulujadi,7271,KOTA PALU,72,SULAWESI TENGAH
727106,Tatanga,7271,KOTA PALU,72,SULAWESI TENGAH
727107,Tawaeli,7271,KOTA PALU,72,SULAWESI TENGAH
727108,Mantikulore,7271,KOTA PALU,72,SULAWESI TENGAH
730101,Benteng,7301,KABUPATEN KEPULAUAN SELAYAR,73,SULAWESI SELATAN
730102,Bontoharu,7301,KABUPATEN KEPULAUAN SELAYAR,73,SULAWESI SELATAN
730103,Bontomatene,7301,KABUPATEN KEPULAUAN SELAYAR,73,SULAWESI SELATAN
730104,Bontomanai,7301,KABUPATEN KEPULAUAN SELAYAR,73,SULAWESI SELATAN
730105,Bontosikuyu,7301,KABUPATEN KEPULAUAN SELAYAR,73,SULAWESI SELATAN
730106,Pasimasunggu,7301,KABUPATEN KEPULAUAN SELAYAR,73,SULAWESI SELATAN
730107,Pasimarannu,7301,KABUPATEN KEPULAUAN SELAYAR,73,SULAWESI SELATAN
730108,Taka Bonerate,7301,KABUPATEN KEPULAUAN SELAYAR,73,SULAWESI SELATAN
730109,Pasilambena,7301,KABUPATEN KEPULAUAN SELAYAR,73,SULAWESI SELATAN
730110,Pasimasunggu Timur,7301,KABUPATEN KEPULAUAN SELAYAR,73,SULAWESI SELATAN
730111,Buki,7301,KABUPATEN KEPULAUAN SELAYAR,73,SULAWESI SELATAN
730201,Gantorang,7302,KABUPATEN BULUKUMBA,73,SULAWESI SELATAN
730202,Ujung Bulu,7302,KABUPATEN BULUKUMBA,73,SULAWESI SELATAN
730203,Bonto Bahari,7302,KABUPATEN BULUKUMBA,73,SULAWESI SELATAN
730204,Bonto Tiro,7302,KABUPATEN BULUKUMBA,73,SULAWESI SELATAN
730205,Herlang,7302,KABUPATEN BULUKUMBA,73,SULAWESI SELATAN
730206,Kajang,7302,KABUPATEN BULUKUMBA,73,SULAWESI SELATAN
730207,Bulukumpa,7302,KABUPATEN BULUKUMBA,73,SULAWESI SELATAN
730208,Kindang,7302,KABUPATEN BULUKUMBA,73,SULAWESI SELATAN
730209,Ujungloe,7302,KABUPATEN BULUKUMBA,73,SULAWESI SELATAN
730210,Rilauale,7302,KABUPATEN BULUKUMBA,73,SULAWESI SELATAN
730301,Bissappu,7303,KABUPATEN BANTAENG,73,SULAWESI SELATAN
730302,Bantaeng,7303,KABUPATEN BANTAENG,73,SULAWESI SELATAN
730303,Eremerasa,7303,KABUPATEN BANTAENG,73,SULAWESI SELATAN
730304,Tompo Bulu,7303,KABUPATEN BANTAENG,73,SULAWESI SELATAN
730305,Pajukukang,7303,KABUPATEN BANTAENG,73,SULAWESI SELATAN
730306,Uluere,7303,KABUPATEN BANTAENG,73,SULAWESI SELATAN
730307,Gantarang Keke,7303,KABUPATEN BANTAENG,73,SULAWESI SELATAN
730308,Sinoa,7303,KABUPATEN BANTAENG,73,SULAWESI SELATAN
730401,Bangkala,7304,KABUPATEN JENEPONTO,73,SULAWESI SELATAN
730402,Tamalatea,7304,KABUPATEN JENEPONTO,73,SULAWESI SELATAN
730403,Binamu,7304,KABUPATEN JENEPONTO,73,SULAWESI SELATAN
730404,Batang,7304,KABUPATEN JENEPONTO,73,SULAWESI SELATAN
730405,Kelara,7304,KABUPATEN JENEPONTO,73,SULAWESI SELATAN
730406,Bangkala Barat,7304,KABUPATEN JENEPONTO,73,SULAWESI SELATAN
730407,Bontoramba,7304,KABUPATEN JENEPONTO,73,SULAWESI SELATAN
730408,Turatea,7304,KABUPATEN JENEPONTO,73,SULAWESI SELATAN
730409,Arungkeke,7304,KABUPATEN JENEPONTO,73,SULAWESI SELATAN
730410,Rumbia,7304,KABUPATEN JENEPONTO,73,SULAWESI SELATAN
730411,Tarowang,7304,KABUPATEN JENEPONTO,73,SULAWESI SELATAN
730501,Mappakasunggu,7305,KABUPATEN TAKALAR,73,SULAWESI SELATAN
730502,Mangarabombang,7305,KABUPATEN TAKALAR,73,SULAWESI SELATAN
730503,Polombangkeng Selatan,7305,KABUPATEN TAKALAR,73,SULAWESI SELATAN
730504,Polombangkeng Utara,7305,KABUPATEN TAKALAR,73,SULAWESI SELATAN
730505,Galesong Selatan,7305,KABUPATEN TAKALAR,73,SULAWESI SELATAN
730506,Galesong Utara,7305,KABUPATEN TAKALAR,73,SULAWESI SELATAN
730507,Pattallassang,7305,KABUPATEN TAKALAR,73,SULAWESI SELATAN
730508,Sanrobone,7305,KABUPATEN TAKALAR,73,SULAWESI SELATAN
730509,Galesong,7305,KABUPATEN TAKALAR,73,SULAWESI SELATAN
730510,Kepulauan Tanakeke,7305,KABUPATEN TAKALAR,73,SULAWESI SELATAN
730601,Bontonompo,7306,KABUPATEN GOWA,73,SULAWESI SELATAN
730602,Bajeng,7306,KABUPATEN GOWA,73,SULAWESI SELATAN
730603,Tompobullu,7306,KABUPATEN GOWA,73,SULAWESI SELATAN
730604,Tinggimoncong,7306,KABUPATEN GOWA,73,SULAWESI SELATAN
730605,Parangloe,7306,KABUPATEN GOWA,73,SULAWESI SELATAN
730606,Bontomarannu,7306,KABUPATEN GOWA,73,SULAWESI SELATAN
730607,Palangga,7306,KABUPATEN GOWA,73,SULAWESI SELATAN
730608,Somba Upu,7306,KABUPATEN GOWA,73,SULAWESI SELATAN
730609,Bungaya,7306,KABUPATEN GOWA,73,SULAWESI SELATAN
730610,Tombolopao,7306,KABUPATEN GOWA,73,SULAWESI SELATAN
730611,Biringbulu,7306,KABUPATEN GOWA,73,SULAWESI SELATAN
730612,Barombong,7306,KABUPATEN GOWA,73,SULAWESI SELATAN
730613,Pattalasang,7306,KABUPATEN GOWA,73,SULAWESI SELATAN
730614,Manuju,7306,KABUPATEN GOWA,73,SULAWESI SELATAN
730615,Bontolempangang,7306,KABUPATEN GOWA,73,SULAWESI SELATAN
730616,Bontonompo Selatan,7306,KABUPATEN GOWA,73,SULAWESI SELATAN
730617,Parigi,7306,KABUPATEN GOWA,73,SULAWESI SELATAN
730618,Bajeng Barat,7306,KABUPATEN GOWA,73,SULAWESI SELATAN
730701,Sinjai Barat,7307,KABUPATEN SINJAI,73,SULAWESI SELATAN
730702,Sinjai Selatan,7307,KABUPATEN SINJAI,73,SULAWESI SELATAN
730703,Sinjai Timur,7307,KABUPATEN SINJAI,73,SULAWESI SELATAN
730704,Sinjai Tengah,7307,KABUPATEN SINJAI,73,SULAWESI SELATAN
730705,Sinjai Utara,7307,KABUPATEN SINJAI,73,SULAWESI SELATAN
730706,Bulupoddo,7307,KABUPATEN SINJAI,73,SULAWESI SELATAN
730707,Sinjai Borong,7307,KABUPATEN SINJAI,73,SULAWESI SELATAN
730708,Tellu Limpoe,7307,KABUPATEN SINJAI,73,SULAWESI SELATAN
730709,Pulau Sembilan,7307,KABUPATEN SINJAI,73,SULAWESI SELATAN
730801,Bontocani,7308,KABUPATEN BONE,73,SULAWESI SELATAN
730802,Kahu,7308,KABUPATEN BONE,73,SULAWESI SELATAN
730803,Kajuara,7308,KABUPATEN BONE,73,SULAWESI SELATAN
730804,Salomekko,7308,KABUPATEN BONE,73,SULAWESI SELATAN
730805,Tonra,7308,KABUPATEN BONE,73,SULAWESI SELATAN
730806,Libureng,7308,KABUPATEN BONE,73,SULAWESI SELATAN
730807,Mare,7308,KABUPATEN BONE,73,SULAWESI SELATAN
730808,Sibulue,7308,KABUPATEN BONE,73,SULAWESI SELATAN
730809,Barebbo,7308,KABUPATEN BONE,73,SULAWESI SELATAN
730810,Cina,7308,KABUPATEN BONE,73,SULAWESI SELATAN
730811,Ponre,7308,KABUPATEN BONE,73,SULAWESI SELATAN
730812,Lappariaja,7308,KABUPATEN BONE,73,SULAWESI SELATAN
730813,Lamuru,7308,KABUPATEN BONE,73,SULAWESI SELATAN
730814,Ulaweng,7308,KABUPATEN BONE,73,SULAWESI SELATAN
730815,Palakka,7308,KABUPATEN BONE,73,SULAWESI SELATAN
730816,Awangpone,7308,KABUPATEN BONE,73,SULAWESI SELATAN
730817,Tellu Siattinge,7308,KABUPATEN BONE,73,SULAWESI SELATAN
730818,Ajangale,7308,KABUPATEN BONE,73,SULAWESI SELATAN
730819,Dua Boccoe,7308,KABUPATEN BONE,73,SULAWESI SELATAN
730820,Cenrana,7308,KABUPATEN BONE,73,SULAWESI SELATAN
730821,Tanete Riattang,7308,KABUPATEN BONE,73,SULAWESI SELATAN
730822,Tanete Riattang Barat,7308,KABUPATEN BONE,73,SULAWESI SELATAN
730823,Tanete Riattang Timur,7308,KABUPATEN BONE,73,SULAWESI SELATAN
730824,Amali,7308,KABUPATEN BONE,73,SULAWESI SELATAN
730825,Tellulimpoe,7308,KABUPATEN BONE,73,SULAWESI SELATAN
730826,Bengo,7308,KABUPATEN BONE,73,SULAWESI SELATAN
730827,Patimpeng,7308,KABUPATEN BONE,73,SULAWESI SELATAN
730901,Mandai,7309,KABUPATEN MAROS,73,SULAWESI SELATAN
730902,Camba,7309,KABUPATEN MAROS,73,SULAWESI SELATAN
730903,Bantimurung,7309,KABUPATEN MAROS,73,SULAWESI SELATAN
730904,Maros Baru,7309,KABUPATEN MAROS,73,SULAWESI SELATAN
730905,Bontoa,7309,KABUPATEN MAROS,73,SULAWESI SELATAN
730906,Malllawa,7309,KABUPATEN MAROS,73,SULAWESI SELATAN
730907,Tanralili,7309,KABUPATEN MAROS,73,SULAWESI SELATAN
730908,Marusu,7309,KABUPATEN MAROS,73,SULAWESI SELATAN
730909,Simbang,7309,KABUPATEN MAROS,73,SULAWESI SELATAN
730910,Cenrana,7309,KABUPATEN MAROS,73,SULAWESI SELATAN
730911,Tompobulu,7309,KABUPATEN MAROS,73,SULAWESI SELATAN
730912,Lau,7309,KABUPATEN MAROS,73,SULAWESI SELATAN
730913,Moncong Loe,7309,KABUPATEN MAROS,73,SULAWESI SELATAN
730914,Turikale,7309,KABUPATEN MAROS,73,SULAWESI SELATAN
731001,Liukang Tangaya,7310,KABUPATEN PANGKAJENE KEPULAUAN,73,SULAWESI SELATAN
731002,Liukang Kalmas,7310,KABUPATEN PANGKAJENE KEPULAUAN,73,SULAWESI SELATAN
731003,Liukang Tupabbiring,7310,KABUPATEN PANGKAJENE KEPULAUAN,73,SULAWESI SELATAN
731004,Pangkajene,7310,KABUPATEN PANGKAJENE KEPULAUAN,73,SULAWESI SELATAN
731005,Balocci,7310,KABUPATEN PANGKAJENE KEPULAUAN,73,SULAWESI SELATAN
731006,Bungoro,7310,KABUPATEN PANGKAJENE KEPULAUAN,73,SULAWESI SELATAN
731007,Labakkang,7310,KABUPATEN PANGKAJENE KEPULAUAN,73,SULAWESI SELATAN
731008,Marang,7310,KABUPATEN PANGKAJENE KEPULAUAN,73,SULAWESI SELATAN
731009,Segeri,7310,KABUPATEN PANGKAJENE KEPULAUAN,73,SULAWESI SELATAN
731010,Minasa Tene,7310,KABUPATEN PANGKAJENE KEPULAUAN,73,SULAWESI SELATAN
731011,Mandalle,7310,KABUPATEN PANGKAJENE KEPULAUAN,73,SULAWESI SELATAN
731012,Tondong Tallasa,7310,KABUPATEN PANGKAJENE KEPULAUAN,73,SULAWESI SELATAN
731013,Liukang Tupabbiring Utara,7310,KABUPATEN PANGKAJENE KEPULAUAN,73,SULAWESI SELATAN
731101,Tanete Riaja,7311,KABUPATEN BARRU,73,SULAWESI SELATAN
731102,Tanete Rilau,7311,KABUPATEN BARRU,73,SULAWESI SELATAN
731103,Barru,7311,KABUPATEN BARRU,73,SULAWESI SELATAN
731104,Soppeng Riaja,7311,KABUPATEN BARRU,73,SULAWESI SELATAN
731105,Mallusetasi,7311,KABUPATEN BARRU,73,SULAWESI SELATAN
731106,Pujananting,7311,KABUPATEN BARRU,73,SULAWESI SELATAN
731107,Balusu,7311,KABUPATEN BARRU,73,SULAWESI SELATAN
731201,Marioriwawo,7312,KABUPATEN SOPPENG,73,SULAWESI SELATAN
731202,Liliraja,7312,KABUPATEN SOPPENG,73,SULAWESI SELATAN
731203,Lilirilau,7312,KABUPATEN SOPPENG,73,SULAWESI SELATAN
731204,Lalabata,7312,KABUPATEN SOPPENG,73,SULAWESI SELATAN
731205,Marioriawa,7312,KABUPATEN SOPPENG,73,SULAWESI SELATAN
731206,Donri Donri,7312,KABUPATEN SOPPENG,73,SULAWESI SELATAN
731207,Ganra,7312,KABUPATEN SOPPENG,73,SULAWESI SELATAN
731208,Citta,7312,KABUPATEN SOPPENG,73,SULAWESI SELATAN
731301,Sabangparu,7313,KABUPATEN WAJO,73,SULAWESI SELATAN
731302,Pammana,7313,KABUPATEN WAJO,73,SULAWESI SELATAN
731303,Takkalalla,7313,KABUPATEN WAJO,73,SULAWESI SELATAN
731304,Sajoanging,7313,KABUPATEN WAJO,73,SULAWESI SELATAN
731305,Majauleng,7313,KABUPATEN WAJO,73,SULAWESI SELATAN
731306,Tempe,7313,KABUPATEN WAJO,73,SULAWESI SELATAN
731307,Belawa,7313,KABUPATEN WAJO,73,SULAWESI SELATAN
731308,Tanasitolo,7313,KABUPATEN WAJO,73,SULAWESI SELATAN
731309,Maniangpajo,7313,KABUPATEN WAJO,73,SULAWESI SELATAN
731310,Pitumpanua,7313,KABUPATEN WAJO,73,SULAWESI SELATAN
731311,Bola,7313,KABUPATEN WAJO,73,SULAWESI SELATAN
731312,Penrang,7313,KABUPATEN WAJO,73,SULAWESI SELATAN
731313,Gilireng,7313,KABUPATEN WAJO,73,SULAWESI SELATAN
731314,Keera,7313,KABUPATEN WAJO,73,SULAWESI SELATAN
731401,Panca Lautang,7314,KABUPATEN SIDENRENG RAPPANG,73,SULAWESI SELATAN
731402,Tellu Limpoe,7314,KABUPATEN SIDENRENG RAPPANG,73,SULAWESI SELATAN
731403,Watang Pulu,7314,KABUPATEN SIDENRENG RAPPANG,73,SULAWESI SELATAN
731404,Baranti,7314,KABUPATEN SIDENRENG RAPPANG,73,SULAWESI SELATAN
731405,Panca Rijang,7314,KABUPATEN SIDENRENG RAPPANG,73,SULAWESI SELATAN
731406,Kulo,7314,KABUPATEN SIDENRENG RAPPANG,73,SULAWESI SELATAN
731407,Maritengngae,7314,KABUPATEN SIDENRENG RAPPANG,73,SULAWESI SELATAN
731408,Watang Sidenreng,7314,KABUPATEN SIDENRENG RAPPANG,73,SULAWESI SELATAN
731409,Dua Pitue,7314,KABUPATEN SIDENRENG RAPPANG,73,SULAWESI SELATAN
731410,Pitu Riawa,7314,KABUPATEN SIDENRENG RAPPANG,73,SULAWESI SELATAN
731411,Pitu Riase,7314,KABUPATEN SIDENRENG RAPPANG,73,SULAWESI SELATAN
731501,Matirro Sompe,7315,KABUPATEN PINRANG,73,SULAWESI SELATAN
731502,Suppa,7315,KABUPATEN PINRANG,73,SULAWESI SELATAN
731503,Mattiro Bulu,7315,KABUPATEN PINRANG,73,SULAWESI SELATAN
731504,Watang Sawito,7315,KABUPATEN PINRANG,73,SULAWESI SELATAN
731505,Patampanua,7315,KABUPATEN PINRANG,73,SULAWESI SELATAN
731506,Duampanua,7315,KABUPATEN PINRANG,73,SULAWESI SELATAN
731507,Lembang,7315,KABUPATEN PINRANG,73,SULAWESI SELATAN
731508,Cempa,7315,KABUPATEN PINRANG,73,SULAWESI SELATAN
731509,Tiroang,7315,KABUPATEN PINRANG,73,SULAWESI SELATAN
731510,Lanrisang,7315,KABUPATEN PINRANG,73,SULAWESI SELATAN
731511,Paleteang,7315,KABUPATEN PINRANG,73,SULAWESI SELATAN
731512,Batu Lappa,7315,KABUPATEN PINRANG,73,SULAWESI SELATAN
731601,Maiwa,7316,KABUPATEN ENREKANG,73,SULAWESI SELATAN
731602,Enrekang,7316,KABUPATEN ENREKANG,73,SULAWESI SELATAN
731603,Baraka,7316,KABUPATEN ENREKANG,73,SULAWESI SELATAN
731604,Anggeraja,7316,KABUPATEN ENREKANG,73,SULAWESI SELATAN
731605,Alla,7316,KABUPATEN ENREKANG,73,SULAWESI SELATAN
731606,Bungin,7316,KABUPATEN ENREKANG,73,SULAWESI SELATAN
731607,Cendana,7316,KABUPATEN ENREKANG,73,SULAWESI SELATAN
731608,Curio,7316,KABUPATEN ENREKANG,73,SULAWESI SELATAN
731609,Malua,7316,KABUPATEN ENREKANG,73,SULAWESI SELATAN
731610,Buntu Batu,7316,KABUPATEN ENREKANG,73,SULAWESI SELATAN
731611,Masalle,7316,KABUPATEN ENREKANG,73,SULAWESI SELATAN
731612,Baroko,7316,KABUPATEN ENREKANG,73,SULAWESI SELATAN
731701,Basse Sangtempe,7317,KABUPATEN LUWU,73,SULAWESI SELATAN
731702,Larompong,7317,KABUPATEN LUWU,73,SULAWESI SELATAN
731703,Suli,7317,KABUPATEN LUWU,73,SULAWESI SELATAN
731704,Bajo,7317,KABUPATEN LUWU,73,SULAWESI SELATAN
731705,Bua Ponrang,7317,KABUPATEN LUWU,73,SULAWESI SELATAN
731706,Walenrang,7317,KABUPATEN LUWU,73,SULAWESI SELATAN
731707,Belopa,7317,KABUPATEN LUWU,73,SULAWESI SELATAN
731708,Bua,7317,KABUPATEN LUWU,73,SULAWESI SELATAN
731709,Lamasi,7317,KABUPATEN LUWU,73,SULAWESI SELATAN
731710,Larompong Selatan,7317,KABUPATEN LUWU,73,SULAWESI SELATAN
731711,Ponrang,7317,KABUPATEN LUWU,73,SULAWESI SELATAN
731712,Latimojong,7317,KABUPATEN LUWU,73,SULAWESI SELATAN
731713,Kamanre,7317,KABUPATEN LUWU,73,SULAWESI SELATAN
731714,Belopa Utara,7317,KABUPATEN LUWU,73,SULAWESI SELATAN
731715,Walenrang Barat,7317,KABUPATEN LUWU,73,SULAWESI SELATAN
731716,Walenrang Utara,7317,KABUPATEN LUWU,73,SULAWESI SELATAN
731717,Walenrang Timur,7317,KABUPATEN LUWU,73,SULAWESI SELATAN
731718,Lamasi Timur,7317,KABUPATEN LUWU,73,SULAWESI SELATAN
731719,Suli Barat,7317,KABUPATEN LUWU,73,SULAWESI SELATAN
731720,Bajo Barat,7317,KABUPATEN LUWU,73,SULAWESI SELATAN
731721,Ponrang Selatan,7317,KABUPATEN LUWU,73,SULAWESI SELATAN
731722,Basse Sangtempe Utara,7317,KABUPATEN LUWU,73,SULAWESI SELATAN
731801,Saluputi,7318,KABUPATEN TANA TORAJA,73,SULAWESI SELATAN
731802,Bittuang,7318,KABUPATEN TANA TORAJA,73,SULAWESI SELATAN
731803,Bonggakaradeng,7318,KABUPATEN TANA TORAJA,73,SULAWESI SELATAN
731805,Makale,7318,KABUPATEN TANA TORAJA,73,SULAWESI SELATAN
731809,Simbuang,7318,KABUPATEN TANA TORAJA,73,SULAWESI SELATAN
731811,Rantetayo,7318,KABUPATEN TANA TORAJA,73,SULAWESI SELATAN
731812,Mengkendek,7318,KABUPATEN TANA TORAJA,73,SULAWESI SELATAN
731813,Sangalla,7318,KABUPATEN TANA TORAJA,73,SULAWESI SELATAN
731819,Gandangbatu Sillanan,7318,KABUPATEN TANA TORAJA,73,SULAWESI SELATAN
731820,Rembon,7318,KABUPATEN TANA TORAJA,73,SULAWESI SELATAN
731827,Makale Utara,7318,KABUPATEN TANA TORAJA,73,SULAWESI SELATAN
731828,Mappak,7318,KABUPATEN TANA TORAJA,73,SULAWESI SELATAN
731829,Makale Selatan,7318,KABUPATEN TANA TORAJA,73,SULAWESI SELATAN
731831,Masanda,7318,KABUPATEN TANA TORAJA,73,SULAWESI SELATAN
731833,Sangalla Selatan,7318,KABUPATEN TANA TORAJA,73,SULAWESI SELATAN
731834,Sangalla Utara,7318,KABUPATEN TANA TORAJA,73,SULAWESI SELATAN
731835,Malimbong Balepe,7318,KABUPATEN TANA TORAJA,73,SULAWESI SELATAN
731837,Rano,7318,KABUPATEN TANA TORAJA,73,SULAWESI SELATAN
731838,Kurra,7318,KABUPATEN TANA TORAJA,73,SULAWESI SELATAN
732201,Malangke,7322,KABUPATEN LUWU UTARA,73,SULAWESI SELATAN
732202,Bone Bone,7322,KABUPATEN LUWU UTARA,73,SULAWESI SELATAN
732203,Masamba,7322,KABUPATEN LUWU UTARA,73,SULAWESI SELATAN
732204,Sabbang,7322,KABUPATEN LUWU UTARA,73,SULAWESI SELATAN
732205,Limbong,7322,KABUPATEN LUWU UTARA,73,SULAWESI SELATAN
732206,Sukamaju,7322,KABUPATEN LUWU UTARA,73,SULAWESI SELATAN
732207,Seko,7322,KABUPATEN LUWU UTARA,73,SULAWESI SELATAN
732208,Malangke Barat,7322,KABUPATEN LUWU UTARA,73,SULAWESI SELATAN
732209,Rampi,7322,KABUPATEN LUWU UTARA,73,SULAWESI SELATAN
732210,Mappedeceng,7322,KABUPATEN LUWU UTARA,73,SULAWESI SELATAN
732211,Baebunta,7322,KABUPATEN LUWU UTARA,73,SULAWESI SELATAN
732212,Tana Lili,7322,KABUPATEN LUWU UTARA,73,SULAWESI SELATAN
732213,Sukamaju Selatan,7322,KABUPATEN LUWU UTARA,73,SULAWESI SELATAN
732214,Baebunta Selatan,7322,KABUPATEN LUWU UTARA,73,SULAWESI SELATAN
732215,Sabbang Selatan,7322,KABUPATEN LUWU UTARA,73,SULAWESI SELATAN
732401,Mangkutana,7324,KABUPATEN LUWU TIMUR,73,SULAWESI SELATAN
732402,Nuha,7324,KABUPATEN LUWU TIMUR,73,SULAWESI SELATAN
732403,Towuti,7324,KABUPATEN LUWU TIMUR,73,SULAWESI SELATAN
732404,Malili,7324,KABUPATEN LUWU TIMUR,73,SULAWESI SELATAN
732405,Angkona,7324,KABUPATEN LUWU TIMUR,73,SULAWESI SELATAN
732406,Wotu,7324,KABUPATEN LUWU TIMUR,73,SULAWESI SELATAN
732407,Burau,7324,KABUPATEN LUWU TIMUR,73,SULAWESI SELATAN
732408,Tomoni,7324,KABUPATEN LUWU TIMUR,73,SULAWESI SELATAN
732409,Tomoni Timur,7324,KABUPATEN LUWU TIMUR,73,SULAWESI SELATAN
732410,Kalaena,7324,KABUPATEN LUWU TIMUR,73,SULAWESI SELATAN
732411,Wasuponda,7324,KABUPATEN LUWU TIMUR,73,SULAWESI SELATAN
732601,Rantepao,7326,KABUPATEN TORAJA UTARA,73,SULAWESI SELATAN
732602,Sesean,7326,KABUPATEN TORAJA UTARA,73,SULAWESI SELATAN
732603,Nanggala,7326,KABUPATEN TORAJA UTARA,73,SULAWESI SELATAN
732604,Rindingallo,7326,KABUPATEN TORAJA UTARA,73,SULAWESI SELATAN
732605,Buntao,7326,KABUPATEN TORAJA UTARA,73,SULAWESI SELATAN
732606,Sa'dan,7326,KABUPATEN TORAJA UTARA,73,SULAWESI SELATAN
732607,Sanggalangi,7326,KABUPATEN TORAJA UTARA,73,SULAWESI SELATAN
732608,Sopai,7326,KABUPATEN TORAJA UTARA,73,SULAWESI SELATAN
732609,Tikala,7326,KABUPATEN TORAJA UTARA,73,SULAWESI SELATAN
732610,Balusu,7326,KABUPATEN TORAJA UTARA,73,SULAWESI SELATAN
732611,Tallunglipu,7326,KABUPATEN TORAJA UTARA,73,SULAWESI SELATAN
732612,Dende' Piongan Napo,7326,KABUPATEN TORAJA UTARA,73,SULAWESI SELATAN
732613,Buntu Pepasan,7326,KABUPATEN TORAJA UTARA,73,SULAWESI SELATAN
732614,Baruppu,7326,KABUPATEN TORAJA UTARA,73,SULAWESI SELATAN
732615,Kesu,7326,KABUPATEN TORAJA UTARA,73,SULAWESI SELATAN
732616,Tondon,7326,KABUPATEN TORAJA UTARA,73,SULAWESI SELATAN
732617,Bangkelekila,7326,KABUPATEN TORAJA UTARA,73,SULAWESI SELATAN
732618,Rantebua,7326,KABUPATEN TORAJA UTARA,73,SULAWESI SELATAN
732619,Sesean Suloara,7326,KABUPATEN TORAJA UTARA,73,SULAWESI SELATAN
732620,Kapala Pitu,7326,KABUPATEN TORAJA UTARA,73,SULAWESI SELATAN
732621,Awan Rante Karua,7326,KABUPATEN TORAJA UTARA,73,SULAWESI SELATAN
737101,Mariso,7371,KOTA MAKASSAR,73,SULAWESI SELATAN
737102,Mamajang,7371,KOTA MAKASSAR,73,SULAWESI SELATAN
737103,Makassar,7371,KOTA MAKASSAR,73,SULAWESI SELATAN
737104,Ujung Pandang,7371,KOTA MAKASSAR,73,SULAWESI SELATAN
737105,Wajo,7371,KOTA MAKASSAR,73,SULAWESI SELATAN
737106,Bontoala,7371,KOTA MAKASSAR,73,SULAWESI SELATAN
737107,Tallo,7371,KOTA MAKASSAR,73,SULAWESI SELATAN
737108,Ujung Tanah,7371,KOTA MAKASSAR,73,SULAWESI SELATAN
737109,Panakkukang,7371,KOTA MAKASSAR,73,SULAWESI SELATAN
737110,Tamalate,7371,KOTA MAKASSAR,73,SULAWESI SELATAN
737111,Biringkanaya,7371,KOTA MAKASSAR,73,SULAWESI SELATAN
737112,Manggala,7371,KOTA MAKASSAR,73,SULAWESI SELATAN
737113,Rappocini,7371,KOTA MAKASSAR,73,SULAWESI SELATAN
737114,Tamalanrea,7371,KOTA MAKASSAR,73,SULAWESI SELATAN
737115,Kepulauan Sangkarrang,7371,KOTA MAKASSAR,73,SULAWESI SELATAN
737201,Bacukiki,7372,KOTA PARE PARE,73,SULAWESI SELATAN
737202,Ujung,7372,KOTA PARE PARE,73,SULAWESI SELATAN
737203,Soreang,7372,KOTA PARE PARE,73,SULAWESI SELATAN
737204,Bacukiki Barat,7372,KOTA PARE PARE,73,SULAWESI SELATAN
737301,Wara,7373,KOTA PALOPO,73,SULAWESI SELATAN
737302,Wara Utara,7373,KOTA PALOPO,73,SULAWESI SELATAN
737303,Wara Selatan,7373,KOTA PALOPO,73,SULAWESI SELATAN
737304,Telluwanua,7373,KOTA PALOPO,73,SULAWESI SELATAN
737305,Wara Timur,7373,KOTA PALOPO,73,SULAWESI SELATAN
737306,Wara Barat,7373,KOTA PALOPO,73,SULAWESI SELATAN
737307,Sendana,7373,KOTA PALOPO,73,SULAWESI SELATAN
737308,Mungkajang,7373,KOTA PALOPO,73,SULAWESI SELATAN
737309,Bara,7373,KOTA PALOPO,73,SULAWESI SELATAN
740101,Wundulako,7401,KABUPATEN KOLAKA,74,SULAWESI TENGGARA
740104,Kolaka,7401,KABUPATEN KOLAKA,74,SULAWESI TENGGARA
740107,Pomalaa,7401,KABUPATEN KOLAKA,74,SULAWESI TENGGARA
740108,Watubangga,7401,KABUPATEN KOLAKA,74,SULAWESI TENGGARA
740110,Wolo,7401,KABUPATEN KOLAKA,74,SULAWESI TENGGARA
740112,Baula,7401,KABUPATEN KOLAKA,74,SULAWESI TENGGARA
740114,Latambaga,7401,KABUPATEN KOLAKA,74,SULAWESI TENGGARA
740118,Tanggetada,7401,KABUPATEN KOLAKA,74,SULAWESI TENGGARA
740120,Samaturu,7401,KABUPATEN KOLAKA,74,SULAWESI TENGGARA
740124,Toari,7401,KABUPATEN KOLAKA,74,SULAWESI TENGGARA
740125,Polinggona,7401,KABUPATEN KOLAKA,74,SULAWESI TENGGARA
740127,Iwoimendaa,7401,KABUPATEN KOLAKA,74,SULAWESI TENGGARA
740201,Lambuya,7402,KABUPATEN KONAWE,74,SULAWESI TENGGARA
740202,Unaaha,7402,KABUPATEN KONAWE,74,SULAWESI TENGGARA
740203,Wawotobi,7402,KABUPATEN KONAWE,74,SULAWESI TENGGARA
740204,Pondidaha,7402,KABUPATEN KONAWE,74,SULAWESI TENGGARA
740205,Sampara,7402,KABUPATEN KONAWE,74,SULAWESI TENGGARA
740210,Abuki,7402,KABUPATEN KONAWE,74,SULAWESI TENGGARA
740211,Soropia,7402,KABUPATEN KONAWE,74,SULAWESI TENGGARA
740215,Tongauna,7402,KABUPATEN KONAWE,74,SULAWESI TENGGARA
740216,Latoma,7402,KABUPATEN KONAWE,74,SULAWESI TENGGARA
740217,Puriala,7402,KABUPATEN KONAWE,74,SULAWESI TENGGARA
740218,Uepai,7402,KABUPATEN KONAWE,74,SULAWESI TENGGARA
740219,Wonggeduku,7402,KABUPATEN KONAWE,74,SULAWESI TENGGARA
740220,Besulutu,7402,KABUPATEN KONAWE,74,SULAWESI TENGGARA
740221,Bondoala,7402,KABUPATEN KONAWE,74,SULAWESI TENGGARA
740223,Routa,7402,KABUPATEN KONAWE,74,SULAWESI TENGGARA
740224,Anggaberi,7402,KABUPATEN KONAWE,74,SULAWESI TENGGARA
740225,Meluhu,7402,KABUPATEN KONAWE,74,SULAWESI TENGGARA
740228,Amonggedo,7402,KABUPATEN KONAWE,74,SULAWESI TENGGARA
740231,Asinua,7402,KABUPATEN KONAWE,74,SULAWESI TENGGARA
740232,Konawe,7402,KABUPATEN KONAWE,74,SULAWESI TENGGARA
740233,Kapoiala,7402,KABUPATEN KONAWE,74,SULAWESI TENGGARA
740236,Lalonggasumeeto,7402,KABUPATEN KONAWE,74,SULAWESI TENGGARA
740237,Onembute,7402,KABUPATEN KONAWE,74,SULAWESI TENGGARA
740238,Padangguni,7402,KABUPATEN KONAWE,74,SULAWESI TENGGARA
740239,Morosi,7402,KABUPATEN KONAWE,74,SULAWESI TENGGARA
740240,Anggalomoare,7402,KABUPATEN KONAWE,74,SULAWESI TENGGARA
740241,Wonggeduku Barat,7402,KABUPATEN KONAWE,74,SULAWESI TENGGARA
740306,Napabalano,7403,KABUPATEN MUNA,74,SULAWESI TENGGARA
740307,Maligano,7403,KABUPATEN MUNA,74,SULAWESI TENGGARA
740313,Wakorumba Selatan,7403,KABUPATEN MUNA,74,SULAWESI TENGGARA
740314,Lasalepa,7403,KABUPATEN MUNA,74,SULAWESI TENGGARA
740315,Batalaiwaru,7403,KABUPATEN MUNA,74,SULAWESI TENGGARA
740316,Katobu,7403,KABUPATEN MUNA,74,SULAWESI TENGGARA
740317,Duruka,7403,KABUPATEN MUNA,74,SULAWESI TENGGARA
740318,Lohia,7403,KABUPATEN MUNA,74,SULAWESI TENGGARA
740319,Watopute,7403,KABUPATEN MUNA,74,SULAWESI TENGGARA
740320,Kontunaga,7403,KABUPATEN MUNA,74,SULAWESI TENGGARA
740323,Kabangka,7403,KABUPATEN MUNA,74,SULAWESI TENGGARA
740324,Kabawo,7403,KABUPATEN MUNA,74,SULAWESI TENGGARA
740325,Parigi,7403,KABUPATEN MUNA,74,SULAWESI TENGGARA
740326,Bone,7403,KABUPATEN MUNA,74,SULAWESI TENGGARA
740327,Tongkuno,7403,KABUPATEN MUNA,74,SULAWESI TENGGARA
740328,Pasir Putih,7403,KABUPATEN MUNA,74,SULAWESI TENGGARA
740330,Kontu Kowuna,7403,KABUPATEN MUNA,74,SULAWESI TENGGARA
740331,Marobo,7403,KABUPATEN MUNA,74,SULAWESI TENGGARA
740332,Tongkuno Selatan,7403,KABUPATEN MUNA,74,SULAWESI TENGGARA
740333,Pasi Kolaga,7403,KABUPATEN MUNA,74,SULAWESI TENGGARA
740334,Batukara,7403,KABUPATEN MUNA,74,SULAWESI TENGGARA
740337,Towea,7403,KABUPATEN MUNA,74,SULAWESI TENGGARA
740411,Pasarwajo,7404,KABUPATEN BUTON,74,SULAWESI TENGGARA
740422,Kapontori,7404,KABUPATEN BUTON,74,SULAWESI TENGGARA
740423,Lasalimu,7404,KABUPATEN BUTON,74,SULAWESI TENGGARA
740424,Lasalimu Selatan,7404,KABUPATEN BUTON,74,SULAWESI TENGGARA
740427,Siotapina,7404,KABUPATEN BUTON,74,SULAWESI TENGGARA
740428,Wolowa,7404,KABUPATEN BUTON,74,SULAWESI TENGGARA
740429,Wabula,7404,KABUPATEN BUTON,74,SULAWESI TENGGARA
740501,Tinanggea,7405,KABUPATEN KONAWE SELATAN,74,SULAWESI TENGGARA
740502,Angata,7405,KABUPATEN KONAWE SELATAN,74,SULAWESI TENGGARA
740503,Andoolo,7405,KABUPATEN KONAWE SELATAN,74,SULAWESI TENGGARA
740504,Palangga,7405,KABUPATEN KONAWE SELATAN,74,SULAWESI TENGGARA
740505,Landono,7405,KABUPATEN KONAWE SELATAN,74,SULAWESI TENGGARA
740506,Lainea,7405,KABUPATEN KONAWE SELATAN,74,SULAWESI TENGGARA
740507,Konda,7405,KABUPATEN KONAWE SELATAN,74,SULAWESI TENGGARA
740508,Ranomeeto,7405,KABUPATEN KONAWE SELATAN,74,SULAWESI TENGGARA
740509,Kolono,7405,KABUPATEN KONAWE SELATAN,74,SULAWESI TENGGARA
740510,Moramo,7405,KABUPATEN KONAWE SELATAN,74,SULAWESI TENGGARA
740511,Laonti,7405,KABUPATEN KONAWE SELATAN,74,SULAWESI TENGGARA
740512,Lalembuu,7405,KABUPATEN KONAWE SELATAN,74,SULAWESI TENGGARA
740513,Benua,7405,KABUPATEN KONAWE SELATAN,74,SULAWESI TENGGARA
740514,Palangga Selatan,7405,KABUPATEN KONAWE SELATAN,74,SULAWESI TENGGARA
740515,Mowila,7405,KABUPATEN KONAWE SELATAN,74,SULAWESI TENGGARA
740516,Moramo Utara,7405,KABUPATEN KONAWE SELATAN,74,SULAWESI TENGGARA
740517,Buke,7405,KABUPATEN KONAWE SELATAN,74,SULAWESI TENGGARA
740518,Wolasi,7405,KABUPATEN KONAWE SELATAN,74,SULAWESI TENGGARA
740519,Laeya,7405,KABUPATEN KONAWE SELATAN,74,SULAWESI TENGGARA
740520,Baito,7405,KABUPATEN KONAWE SELATAN,74,SULAWESI TENGGARA
740521,Basala,7405,KABUPATEN KONAWE SELATAN,74,SULAWESI TENGGARA
740522,Ranomeeto Barat,7405,KABUPATEN KONAWE SELATAN,74,SULAWESI TENGGARA
740523,Kolono Timur,7405,KABUPATEN KONAWE SELATAN,74,SULAWESI TENGGARA
740524,Sabulakoa,7405,KABUPATEN KONAWE SELATAN,74,SULAWESI TENGGARA
740525,Andoolo Barat,7405,KABUPATEN KONAWE SELATAN,74,SULAWESI TENGGARA
740601,Poleang,7406,KABUPATEN BOMBANA,74,SULAWESI TENGGARA
740602,Poleang Timur,7406,KABUPATEN BOMBANA,74,SULAWESI TENGGARA
740603,Rarowatu,7406,KABUPATEN BOMBANA,74,SULAWESI TENGGARA
740604,Rumbia,7406,KABUPATEN BOMBANA,74,SULAWESI TENGGARA
740605,Kabaena,7406,KABUPATEN BOMBANA,74,SULAWESI TENGGARA
740606,Kabaena Timur,7406,KABUPATEN BOMBANA,74,SULAWESI TENGGARA
740607,Poleang Barat,7406,KABUPATEN BOMBANA,74,SULAWESI TENGGARA
740608,Mata Oleo,7406,KABUPATEN BOMBANA,74,SULAWESI TENGGARA
740609,Rarowatu Utara,7406,KABUPATEN BOMBANA,74,SULAWESI TENGGARA
740610,Poleang Utara,7406,KABUPATEN BOMBANA,74,SULAWESI TENGGARA
740611,Poleang Selatan,7406,KABUPATEN BOMBANA,74,SULAWESI TENGGARA
740612,Poleang Tenggara,7406,KABUPATEN BOMBANA,74,SULAWESI TENGGARA
740613,Kabaena Selatan,7406,KABUPATEN BOMBANA,74,SULAWESI TENGGARA
740614,Kabaena Barat,7406,KABUPATEN BOMBANA,74,SULAWESI TENGGARA
740615,Kabaena Utara,7406,KABUPATEN BOMBANA,74,SULAWESI TENGGARA
740616,Kabaena Tengah,7406,KABUPATEN BOMBANA,74,SULAWESI TENGGARA
740617,Kep. Masaloka Raya,7406,KABUPATEN BOMBANA,74,SULAWESI TENGGARA
740618,Rumbia Tengah,7406,KABUPATEN BOMBANA,74,SULAWESI TENGGARA
740619,Poleang Tengah,7406,KABUPATEN BOMBANA,74,SULAWESI TENGGARA
740620,Tontonunu,7406,KABUPATEN BOMBANA,74,SULAWESI TENGGARA
740621,Lantari Jaya,7406,KABUPATEN BOMBANA,74,SULAWESI TENGGARA
740622,Mata Usu,7406,KABUPATEN BOMBANA,74,SULAWESI TENGGARA
740701,Wangi-Wangi,7407,KABUPATEN WAKATOBI,74,SULAWESI TENGGARA
740702,Kaledupa,7407,KABUPATEN WAKATOBI,74,SULAWESI TENGGARA
740703,Tomia,7407,KABUPATEN WAKATOBI,74,SULAWESI TENGGARA
740704,Binongko,7407,KABUPATEN WAKATOBI,74,SULAWESI TENGGARA
740705,Wangi Wangi Selatan,7407,KABUPATEN WAKATOBI,74,SULAWESI TENGGARA
740706,Kaledupa Selatan,7407,KABUPATEN WAKATOBI,74,SULAWESI TENGGARA
740707,Tomia Timur,7407,KABUPATEN WAKATOBI,74,SULAWESI TENGGARA
740708,Togo Binongko,7407,KABUPATEN WAKATOBI,74,SULAWESI TENGGARA
740801,Lasusua,7408,KABUPATEN KOLAKA UTARA,74,SULAWESI TENGGARA
740802,Pakue,7408,KABUPATEN KOLAKA UTARA,74,SULAWESI TENGGARA
740803,Batu Putih,7408,KABUPATEN KOLAKA UTARA,74,SULAWESI TENGGARA
740804,Rante Angin,7408,KABUPATEN KOLAKA UTARA,74,SULAWESI TENGGARA
740805,Kodeoha,7408,KABUPATEN KOLAKA UTARA,74,SULAWESI TENGGARA
740806,Ngapa,7408,KABUPATEN KOLAKA UTARA,74,SULAWESI TENGGARA
740807,Wawo,7408,KABUPATEN KOLAKA UTARA,74,SULAWESI TENGGARA
740808,Lambai,7408,KABUPATEN KOLAKA UTARA,74,SULAWESI TENGGARA
740809,Watunohu,7408,KABUPATEN KOLAKA UTARA,74,SULAWESI TENGGARA
740810,Pakue Tengah,7408,KABUPATEN KOLAKA UTARA,74,SULAWESI TENGGARA
740811,Pakue Utara,7408,KABUPATEN KOLAKA UTARA,74,SULAWESI TENGGARA
740812,Porehu,7408,KABUPATEN KOLAKA UTARA,74,SULAWESI TENGGARA
740813,Katoi,7408,KABUPATEN KOLAKA UTARA,74,SULAWESI TENGGARA
740814,Tiwu,7408,KABUPATEN KOLAKA UTARA,74,SULAWESI TENGGARA
740815,Tolala,7408,KABUPATEN KOLAKA UTARA,74,SULAWESI TENGGARA
740901,Asera,7409,KABUPATEN KONAWE UTARA,74,SULAWESI TENGGARA
740902,Wiwirano,7409,KABUPATEN KONAWE UTARA,74,SULAWESI TENGGARA
740903,Langgikima,7409,KABUPATEN KONAWE UTARA,74,SULAWESI TENGGARA
740904,Molawe,7409,KABUPATEN KONAWE UTARA,74,SULAWESI TENGGARA
740905,Lasolo,7409,KABUPATEN KONAWE UTARA,74,SULAWESI TENGGARA
740906,Lembo,7409,KABUPATEN KONAWE UTARA,74,SULAWESI TENGGARA
740907,Sawa,7409,KABUPATEN KONAWE UTARA,74,SULAWESI TENGGARA
740908,Oheo,7409,KABUPATEN KONAWE UTARA,74,SULAWESI TENGGARA
740909,Andowia,7409,KABUPATEN KONAWE UTARA,74,SULAWESI TENGGARA
740910,Motui,7409,KABUPATEN KONAWE UTARA,74,SULAWESI TENGGARA
740911,Wawolesea,7409,KABUPATEN KONAWE UTARA,74,SULAWESI TENGGARA
740912,Lasolo Kepulauan,7409,KABUPATEN KONAWE UTARA,74,SULAWESI TENGGARA
740913,Landawe,7409,KABUPATEN KONAWE UTARA,74,SULAWESI TENGGARA
741001,Kulisusu,7410,KABUPATEN BUTON UTARA,74,SULAWESI TENGGARA
741002,Kambowa,7410,KABUPATEN BUTON UTARA,74,SULAWESI TENGGARA
741003,Bonegunu,7410,KABUPATEN BUTON UTARA,74,SULAWESI TENGGARA
741004,Kulisusu Barat,7410,KABUPATEN BUTON UTARA,74,SULAWESI TENGGARA
741005,Kulisusu Utara,7410,KABUPATEN BUTON UTARA,74,SULAWESI TENGGARA
741006,Wakorumba Utara,7410,KABUPATEN BUTON UTARA,74,SULAWESI TENGGARA
741101,Tirawuta,7411,KABUPATEN KOLAKA TIMUR,74,SULAWESI TENGGARA
741102,Loea,7411,KABUPATEN KOLAKA TIMUR,74,SULAWESI TENGGARA
741103,Ladongi,7411,KABUPATEN KOLAKA TIMUR,74,SULAWESI TENGGARA
741104,Poli Polia,7411,KABUPATEN KOLAKA TIMUR,74,SULAWESI TENGGARA
741105,Lambandia,7411,KABUPATEN KOLAKA TIMUR,74,SULAWESI TENGGARA
741106,Lalolae,7411,KABUPATEN KOLAKA TIMUR,74,SULAWESI TENGGARA
741107,Mowewe,7411,KABUPATEN KOLAKA TIMUR,74,SULAWESI TENGGARA
741108,Uluiwoi,7411,KABUPATEN KOLAKA TIMUR,74,SULAWESI TENGGARA
741109,Tinondo,7411,KABUPATEN KOLAKA TIMUR,74,SULAWESI TENGGARA
741110,Aere,7411,KABUPATEN KOLAKA TIMUR,74,SULAWESI TENGGARA
741111,Ueesi,7411,KABUPATEN KOLAKA TIMUR,74,SULAWESI TENGGARA
741112,Dangia,7411,KABUPATEN KOLAKA TIMUR,74,SULAWESI TENGGARA
741201,Wawonii Barat,7412,KABUPATEN KONAWE KEPULAUAN,74,SULAWESI TENGGARA
741202,Wawonii Utara,7412,KABUPATEN KONAWE KEPULAUAN,74,SULAWESI TENGGARA
741203,Wawonii Timur Laut,7412,KABUPATEN KONAWE KEPULAUAN,74,SULAWESI TENGGARA
741204,Wawonii Timur,7412,KABUPATEN KONAWE KEPULAUAN,74,SULAWESI TENGGARA
741205,Wawonii Tenggara,7412,KABUPATEN KONAWE KEPULAUAN,74,SULAWESI TENGGARA
741206,Wawonii Selatan,7412,KABUPATEN KONAWE KEPULAUAN,74,SULAWESI TENGGARA
741207,Wawonii Tengah,7412,KABUPATEN KONAWE KEPULAUAN,74,SULAWESI TENGGARA
741301,Sawerigadi,7413,KABUPATEN MUNA BARAT,74,SULAWESI TENGGARA
741302,Barangka,7413,KABUPATEN MUNA BARAT,74,SULAWESI TENGGARA
741303,Lawa,7413,KABUPATEN MUNA BARAT,74,SULAWESI TENGGARA
741304,Wadaga,7413,KABUPATEN MUNA BARAT,74,SULAWESI TENGGARA
741305,Tiworo Selatan,7413,KABUPATEN MUNA BARAT,74,SULAWESI TENGGARA
741306,Maginti,7413,KABUPATEN MUNA BARAT,74,SULAWESI TENGGARA
741307,Tiworo Tengah,7413,KABUPATEN MUNA BARAT,74,SULAWESI TENGGARA
741308,Tiworo Utara,7413,KABUPATEN MUNA BARAT,74,SULAWESI TENGGARA
741309,Tiworo Kepulauan,7413,KABUPATEN MUNA BARAT,74,SULAWESI TENGGARA
741310,Kusambi,7413,KABUPATEN MUNA BARAT,74,SULAWESI TENGGARA
741311,Napano Kusambi,7413,KABUPATEN MUNA BARAT,74,SULAWESI TENGGARA
741401,Lakudo,7414,KABUPATEN BUTON TENGAH,74,SULAWESI TENGGARA
741402,Mawasangka Timur,7414,KABUPATEN BUTON TENGAH,74,SULAWESI TENGGARA
741403,Mawasangka Tengah,7414,KABUPATEN BUTON TENGAH,74,SULAWESI TENGGARA
741404,Mawasangka,7414,KABUPATEN BUTON TENGAH,74,SULAWESI TENGGARA
741405,Talaga Raya,7414,KABUPATEN BUTON TENGAH,74,SULAWESI TENGGARA
741406,Gu,7414,KABUPATEN BUTON TENGAH,74,SULAWESI TENGGARA
741407,Sangia Wambulu,7414,KABUPATEN BUTON TENGAH,74,SULAWESI TENGGARA
741501,Batauga,7415,KABUPATEN BUTON SELATAN,74,SULAWESI TENGGARA
741502,Sampolawa,7415,KABUPATEN BUTON SELATAN,74,SULAWESI TENGGARA
741503,Lapandewa,7415,KABUPATEN BUTON SELATAN,74,SULAWESI TENGGARA
741504,Batu Atas,7415,KABUPATEN BUTON SELATAN,74,SULAWESI TENGGARA
741505,Siompu Barat,7415,KABUPATEN BUTON SELATAN,74,SULAWESI TENGGARA
741506,Siompu,7415,KABUPATEN BUTON SELATAN,74,SULAWESI TENGGARA
741507,Kadatua,7415,KABUPATEN BUTON SELATAN,74,SULAWESI TENGGARA
747101,Mandonga,7471,KOTA KENDARI,74,SULAWESI TENGGARA
747102,Kendari,7471,KOTA KENDARI,74,SULAWESI TENGGARA
747103,Baruga,7471,KOTA KENDARI,74,SULAWESI TENGGARA
747104,Poasia,7471,KOTA KENDARI,74,SULAWESI TENGGARA
747105,Kendari Barat,7471,KOTA KENDARI,74,SULAWESI TENGGARA
747106,Abeli,7471,KOTA KENDARI,74,SULAWESI TENGGARA
747107,Wua-Wua,7471,KOTA KENDARI,74,SULAWESI TENGGARA
747108,Kadia,7471,KOTA KENDARI,74,SULAWESI TENGGARA
747109,Puuwatu,7471,KOTA KENDARI,74,SULAWESI TENGGARA
747110,Kambu,7471,KOTA KENDARI,74,SULAWESI TENGGARA
747111,Nambo,7471,KOTA KENDARI,74,SULAWESI TENGGARA
747201,Betoambari,7472,KOTA BAU BAU,74,SULAWESI TENGGARA
747202,Wolio,7472,KOTA BAU BAU,74,SULAWESI TENGGARA
747203,Sorawolio,7472,KOTA BAU BAU,74,SULAWESI TENGGARA
747204,Bungi,7472,KOTA BAU BAU,74,SULAWESI TENGGARA
747205,Kokalukuna,7472,KOTA BAU BAU,74,SULAWESI TENGGARA
747206,Murhum,7472,KOTA BAU BAU,74,SULAWESI TENGGARA
747207,Lea-Lea,7472,KOTA BAU BAU,74,SULAWESI TENGGARA
747208,Batupoaro,7472,KOTA BAU BAU,74,SULAWESI TENGGARA
750101,Limboto,7501,KABUPATEN GORONTALO,75,GORONTALO
750102,Telaga,7501,KABUPATEN GORONTALO,75,GORONTALO
750103,Batudaa,7501,KABUPATEN GORONTALO,75,GORONTALO
750104,Tibawa,7501,KABUPATEN GORONTALO,75,GORONTALO
750105,Batudaa Pantai,7501,KABUPATEN GORONTALO,75,GORONTALO
750109,Boliyohuto,7501,KABUPATEN GORONTALO,75,GORONTALO
750110,Telaga Biru,7501,KABUPATEN GORONTALO,75,GORONTALO
750111,Bongomeme,7501,KABUPATEN GORONTALO,75,GORONTALO
750113,Tolangohula,7501,KABUPATEN GORONTALO,75,GORONTALO
750114,Mootilango,7501,KABUPATEN GORONTALO,75,GORONTALO
750116,Pulubala,7501,KABUPATEN GORONTALO,75,GORONTALO
750117,Limboto Barat,7501,KABUPATEN GORONTALO,75,GORONTALO
750118,Tilango,7501,KABUPATEN GORONTALO,75,GORONTALO
750119,Tabongo,7501,KABUPATEN GORONTALO,75,GORONTALO
750120,Biluhu,7501,KABUPATEN GORONTALO,75,GORONTALO
750121,Asparaga,7501,KABUPATEN GORONTALO,75,GORONTALO
750122,Talaga Jaya,7501,KABUPATEN GORONTALO,75,GORONTALO
750123,Bilato,7501,KABUPATEN GORONTALO,75,GORONTALO
750124,Dungaliyo,7501,KABUPATEN GORONTALO,75,GORONTALO
750201,Paguyaman,7502,KABUPATEN BOALEMO,75,GORONTALO
750202,Wonosari,7502,KABUPATEN BOALEMO,75,GORONTALO
750203,Dulupi,7502,KABUPATEN BOALEMO,75,GORONTALO
750204,Tilamuta,7502,KABUPATEN BOALEMO,75,GORONTALO
750205,Mananggu,7502,KABUPATEN BOALEMO,75,GORONTALO
750206,Botumoita,7502,KABUPATEN BOALEMO,75,GORONTALO
750207,Paguyaman Pantai,7502,KABUPATEN BOALEMO,75,GORONTALO
750301,Tapa,7503,KABUPATEN BONE BOLANGO,75,GORONTALO
750302,Kabila,7503,KABUPATEN BONE BOLANGO,75,GORONTALO
750303,Suwawa,7503,KABUPATEN BONE BOLANGO,75,GORONTALO
750304,Bonepantai,7503,KABUPATEN BONE BOLANGO,75,GORONTALO
750305,Bulango Utara,7503,KABUPATEN BONE BOLANGO,75,GORONTALO
750306,Tilongkabila,7503,KABUPATEN BONE BOLANGO,75,GORONTALO
750307,Botupingge,7503,KABUPATEN BONE BOLANGO,75,GORONTALO
750308,Kabila Bone,7503,KABUPATEN BONE BOLANGO,75,GORONTALO
750309,Bone,7503,KABUPATEN BONE BOLANGO,75,GORONTALO
750310,Bone Raya,7503,KABUPATEN BONE BOLANGO,75,GORONTALO
750311,Suwawa Timur,7503,KABUPATEN BONE BOLANGO,75,GORONTALO
750312,Suwawa Selatan,7503,KABUPATEN BONE BOLANGO,75,GORONTALO
750313,Suwawa Tengah,7503,KABUPATEN BONE BOLANGO,75,GORONTALO
750314,Bulango Ulu,7503,KABUPATEN BONE BOLANGO,75,GORONTALO
750315,Bulango Selatan,7503,KABUPATEN BONE BOLANGO,75,GORONTALO
750316,Bulango Timur,7503,KABUPATEN BONE BOLANGO,75,GORONTALO
750317,Bulawa,7503,KABUPATEN BONE BOLANGO,75,GORONTALO
750318,Pinogu,7503,KABUPATEN BONE BOLANGO,75,GORONTALO
750401,Popayato,7504,KABUPATEN PAHUWATO,75,GORONTALO
750402,Lemito,7504,KABUPATEN PAHUWATO,75,GORONTALO
750403,Randangan,7504,KABUPATEN PAHUWATO,75,GORONTALO
750404,Marisa,7504,KABUPATEN PAHUWATO,75,GORONTALO
750405,Paguat,7504,KABUPATEN PAHUWATO,75,GORONTALO
750406,Patilanggio,7504,KABUPATEN PAHUWATO,75,GORONTALO
750407,Taluditi,7504,KABUPATEN PAHUWATO,75,GORONTALO
750408,Dengilo,7504,KABUPATEN PAHUWATO,75,GORONTALO
750409,Buntulia,7504,KABUPATEN PAHUWATO,75,GORONTALO
750410,Duhiadaa,7504,KABUPATEN PAHUWATO,75,GORONTALO
750411,Wanggarasi,7504,KABUPATEN PAHUWATO,75,GORONTALO
750412,Popayato Timur,7504,KABUPATEN PAHUWATO,75,GORONTALO
750413,Popayato Barat,7504,KABUPATEN PAHUWATO,75,GORONTALO
750501,Atinggola,7505,KABUPATEN GORONTALO UTARA,75,GORONTALO
750502,Kwandang,7505,KABUPATEN GORONTALO UTARA,75,GORONTALO
750503,Anggrek,7505,KABUPATEN GORONTALO UTARA,75,GORONTALO
750504,Sumalata,7505,KABUPATEN GORONTALO UTARA,75,GORONTALO
750505,Tolinggula,7505,KABUPATEN GORONTALO UTARA,75,GORONTALO
750506,Gentuma Raya,7505,KABUPATEN GORONTALO UTARA,75,GORONTALO
750507,Tomolito,7505,KABUPATEN GORONTALO UTARA,75,GORONTALO
750508,Ponelo Kepulauan,7505,KABUPATEN GORONTALO UTARA,75,GORONTALO
750509,Monano,7505,KABUPATEN GORONTALO UTARA,75,GORONTALO
750510,Biau,7505,KABUPATEN GORONTALO UTARA,75,GORONTALO
750511,Sumalata Timur,7505,KABUPATEN GORONTALO UTARA,75,GORONTALO
757101,Kota Barat,7571,KOTA GORONTALO,75,GORONTALO
757102,Kota Selatan,7571,KOTA GORONTALO,75,GORONTALO
757103,Kota Utara,7571,KOTA GORONTALO,75,GORONTALO
757104,Dungingi,7571,KOTA GORONTALO,75,GORONTALO
757105,Kota Timur,7571,KOTA GORONTALO,75,GORONTALO
757106,Kota Tengah,7571,KOTA GORONTALO,75,GORONTALO
757107,Sipatana,7571,KOTA GORONTALO,75,GORONTALO
757108,Dumbo Raya,7571,KOTA GORONTALO,75,GORONTALO
757109,Hulonthalangi,7571,KOTA GORONTALO,75,GORONTALO
760101,Bambalamotu,7601,KABUPATEN PASANGKAYU,76,SULAWESI BARAT
760102,Pasangkayu,7601,KABUPATEN PASANGKAYU,76,SULAWESI BARAT
760103,Baras,7601,KABUPATEN PASANGKAYU,76,SULAWESI BARAT
760104,Sarudu,7601,KABUPATEN PASANGKAYU,76,SULAWESI BARAT
760105,Dapurang,7601,KABUPATEN PASANGKAYU,76,SULAWESI BARAT
760106,Duripoku,7601,KABUPATEN PASANGKAYU,76,SULAWESI BARAT
760107,Bulu Taba,7601,KABUPATEN PASANGKAYU,76,SULAWESI BARAT
760108,Tikke Raya,7601,KABUPATEN PASANGKAYU,76,SULAWESI BARAT
760109,Pedongga,7601,KABUPATEN PASANGKAYU,76,SULAWESI BARAT
760110,Bambaira,7601,KABUPATEN PASANGKAYU,76,SULAWESI BARAT
760111,Sarjo,7601,KABUPATEN PASANGKAYU,76,SULAWESI BARAT
760112,Lariang,7601,KABUPATEN PASANGKAYU,76,SULAWESI BARAT
760201,Mamuju,7602,KABUPATEN MAMUJU,76,SULAWESI BARAT
760202,Tapalang,7602,KABUPATEN MAMUJU,76,SULAWESI BARAT
760203,Kalukku,7602,KABUPATEN MAMUJU,76,SULAWESI BARAT
760204,Kalumpang,7602,KABUPATEN MAMUJU,76,SULAWESI BARAT
760207,Papalang,7602,KABUPATEN MAMUJU,76,SULAWESI BARAT
760208,Sampaga,7602,KABUPATEN MAMUJU,76,SULAWESI BARAT
760211,Tommo,7602,KABUPATEN MAMUJU,76,SULAWESI BARAT
760212,Simboro dan Kepulauan,7602,KABUPATEN MAMUJU,76,SULAWESI BARAT
760213,Tapalang Barat,7602,KABUPATEN MAMUJU,76,SULAWESI BARAT
760215,Bonehau,7602,KABUPATEN MAMUJU,76,SULAWESI BARAT
760216,Kep. Bala Balakang,7602,KABUPATEN MAMUJU,76,SULAWESI BARAT
760301,Mambi,7603,KABUPATEN MAMASA,76,SULAWESI BARAT
760302,Aralle,7603,KABUPATEN MAMASA,76,SULAWESI BARAT
760303,Mamasa,7603,KABUPATEN MAMASA,76,SULAWESI BARAT
760304,Pana,7603,KABUPATEN MAMASA,76,SULAWESI BARAT
760305,Tabulahan,7603,KABUPATEN MAMASA,76,SULAWESI BARAT
760306,Sumarorong,7603,KABUPATEN MAMASA,76,SULAWESI BARAT
760307,Messawa,7603,KABUPATEN MAMASA,76,SULAWESI BARAT
760308,Sesenapadang,7603,KABUPATEN MAMASA,76,SULAWESI BARAT
760309,Tanduk Kalua,7603,KABUPATEN MAMASA,76,SULAWESI BARAT
760310,Tabang,7603,KABUPATEN MAMASA,76,SULAWESI BARAT
760311,Bambang,7603,KABUPATEN MAMASA,76,SULAWESI BARAT
760312,Balla,7603,KABUPATEN MAMASA,76,SULAWESI BARAT
760313,Nosu,7603,KABUPATEN MAMASA,76,SULAWESI BARAT
760314,Tawalian,7603,KABUPATEN MAMASA,76,SULAWESI BARAT
760315,Rantebulahan Timur,7603,KABUPATEN MAMASA,76,SULAWESI BARAT
760316,Buntumalangka,7603,KABUPATEN MAMASA,76,SULAWESI BARAT
760317,Mehalaan,7603,KABUPATEN MAMASA,76,SULAWESI BARAT
760401,Tinambung,7604,KABUPATEN POLEWALI MANDAR,76,SULAWESI BARAT
760402,Campalagian,7604,KABUPATEN POLEWALI MANDAR,76,SULAWESI BARAT
760403,Wonomulyo,7604,KABUPATEN POLEWALI MANDAR,76,SULAWESI BARAT
760404,Polewali,7604,KABUPATEN POLEWALI MANDAR,76,SULAWESI BARAT
760405,Tutar,7604,KABUPATEN POLEWALI MANDAR,76,SULAWESI BARAT
760406,Binuang,7604,KABUPATEN POLEWALI MANDAR,76,SULAWESI BARAT
760407,Tapango,7604,KABUPATEN POLEWALI MANDAR,76,SULAWESI BARAT
760408,Mapilli,7604,KABUPATEN POLEWALI MANDAR,76,SULAWESI BARAT
760409,Matangnga,7604,KABUPATEN POLEWALI MANDAR,76,SULAWESI BARAT
760410,Luyo,7604,KABUPATEN POLEWALI MANDAR,76,SULAWESI BARAT
760411,Limboro,7604,KABUPATEN POLEWALI MANDAR,76,SULAWESI BARAT
760412,Balanipa,7604,KABUPATEN POLEWALI MANDAR,76,SULAWESI BARAT
760413,Anreapi,7604,KABUPATEN POLEWALI MANDAR,76,SULAWESI BARAT
760414,Matakali,7604,KABUPATEN POLEWALI MANDAR,76,SULAWESI BARAT
760415,Allu,7604,KABUPATEN POLEWALI MANDAR,76,SULAWESI BARAT
760416,Bulo,7604,KABUPATEN POLEWALI MANDAR,76,SULAWESI BARAT
760501,Banggae,7605,KABUPATEN MAJENE,76,SULAWESI BARAT
760502,Pamboang,7605,KABUPATEN MAJENE,76,SULAWESI BARAT
760503,Sendana,7605,KABUPATEN MAJENE,76,SULAWESI BARAT
760504,Malunda,7605,KABUPATEN MAJENE,76,SULAWESI BARAT
760505,Ulumanda,7605,KABUPATEN MAJENE,76,SULAWESI BARAT
760506,Tammerodo Sendana,7605,KABUPATEN MAJENE,76,SULAWESI BARAT
760507,Tubo Sendana,7605,KABUPATEN MAJENE,76,SULAWESI BARAT
760508,Banggae Timur,7605,KABUPATEN MAJENE,76,SULAWESI BARAT
760601,Tobadak,7606,KABUPATEN MAMUJU TENGAH,76,SULAWESI BARAT
760602,Pangale,7606,KABUPATEN MAMUJU TENGAH,76,SULAWESI BARAT
760603,Budong-Budong,7606,KABUPATEN MAMUJU TENGAH,76,SULAWESI BARAT
760604,Topoyo,7606,KABUPATEN MAMUJU TENGAH,76,SULAWESI BARAT
760605,Karossa,7606,KABUPATEN MAMUJU TENGAH,76,SULAWESI BARAT
810101,Amahai,8101,KABUPATEN MALUKU TENGAH,81,MALUKU
810102,Teon Nila Serua,8101,KABUPATEN MALUKU TENGAH,81,MALUKU
810106,Seram Utara,8101,KABUPATEN MALUKU TENGAH,81,MALUKU
810109,Banda,8101,KABUPATEN MALUKU TENGAH,81,MALUKU
810111,Tehoru,8101,KABUPATEN MALUKU TENGAH,81,MALUKU
810112,Saparua,8101,KABUPATEN MALUKU TENGAH,81,MALUKU
810113,Pulau Haruku,8101,KABUPATEN MALUKU TENGAH,81,MALUKU
810114,Salahutu,8101,KABUPATEN MALUKU TENGAH,81,MALUKU
810115,Leihitu,8101,KABUPATEN MALUKU TENGAH,81,MALUKU
810116,Nusa Laut,8101,KABUPATEN MALUKU TENGAH,81,MALUKU
810117,Kota Masohi,8101,KABUPATEN MALUKU TENGAH,81,MALUKU
810120,Seram Utara Barat,8101,KABUPATEN MALUKU TENGAH,81,MALUKU
810121,Teluk Elpaputih,8101,KABUPATEN MALUKU TENGAH,81,MALUKU
810122,Leihitu Barat,8101,KABUPATEN MALUKU TENGAH,81,MALUKU
810123,Telutih,8101,KABUPATEN MALUKU TENGAH,81,MALUKU
810124,Seram Utara Timur Seti,8101,KABUPATEN MALUKU TENGAH,81,MALUKU
810125,Seram Utara Timur Kobi,8101,KABUPATEN MALUKU TENGAH,81,MALUKU
810126,Saparua Timur,8101,KABUPATEN MALUKU TENGAH,81,MALUKU
810201,Kei Kecil,8102,KABUPATEN MALUKU TENGGARA,81,MALUKU
810203,Kei Besar,8102,KABUPATEN MALUKU TENGGARA,81,MALUKU
810204,Kei Besar Selatan,8102,KABUPATEN MALUKU TENGGARA,81,MALUKU
810205,Kei Besar Utara Timur,8102,KABUPATEN MALUKU TENGGARA,81,MALUKU
810213,Kei Kecil Timur,8102,KABUPATEN MALUKU TENGGARA,81,MALUKU
810214,Kei Kecil Barat,8102,KABUPATEN MALUKU TENGGARA,81,MALUKU
810215,Manyeuw,8102,KABUPATEN MALUKU TENGGARA,81,MALUKU
810216,Hoat Sorbay,8102,KABUPATEN MALUKU TENGGARA,81,MALUKU
810217,Kei Besar Utara Barat,8102,KABUPATEN MALUKU TENGGARA,81,MALUKU
810218,Kei Besar Selatan Barat,8102,KABUPATEN MALUKU TENGGARA,81,MALUKU
810219,Kei Kecil Timur Selatan,8102,KABUPATEN MALUKU TENGGARA,81,MALUKU
810301,Tanimbar Selatan,8103,KABUPATEN KEPULAUAN TANIMBAR,81,MALUKU
810302,Selaru,8103,KABUPATEN KEPULAUAN TANIMBAR,81,MALUKU
810303,Wer Tamrian,8103,KABUPATEN KEPULAUAN TANIMBAR,81,MALUKU
810304,Wer Maktian,8103,KABUPATEN KEPULAUAN TANIMBAR,81,MALUKU
810305,Tanimbar Utara,8103,KABUPATEN KEPULAUAN TANIMBAR,81,MALUKU
810306,Yaru,8103,KABUPATEN KEPULAUAN TANIMBAR,81,MALUKU
810307,Wuar Labobar,8103,KABUPATEN KEPULAUAN TANIMBAR,81,MALUKU
810308,Kormomolin,8103,KABUPATEN KEPULAUAN TANIMBAR,81,MALUKU
810309,Nirunmas,8103,KABUPATEN KEPULAUAN TANIMBAR,81,MALUKU
810318,Molu Maru,8103,KABUPATEN KEPULAUAN TANIMBAR,81,MALUKU
810401,Namlea,8104,KABUPATEN BURU,81,MALUKU
810402,Air Buaya,8104,KABUPATEN BURU,81,MALUKU
810403,Waeapo,8104,KABUPATEN BURU,81,MALUKU
810406,Waplau,8104,KABUPATEN BURU,81,MALUKU
810410,Batabual,8104,KABUPATEN BURU,81,MALUKU
810411,Lolong Guba,8104,KABUPATEN BURU,81,MALUKU
810412,Waelata,8104,KABUPATEN BURU,81,MALUKU
810413,Fena Leisela,8104,KABUPATEN BURU,81,MALUKU
810414,Teluk Kaiely,8104,KABUPATEN BURU,81,MALUKU
810415,Lilialy,8104,KABUPATEN BURU,81,MALUKU
810501,Bula,8105,KABUPATEN SERAM BAGIAN TIMUR,81,MALUKU
810502,Seram Timur,8105,KABUPATEN SERAM BAGIAN TIMUR,81,MALUKU
810503,Werinama,8105,KABUPATEN SERAM BAGIAN TIMUR,81,MALUKU
810504,Pulau Gorom,8105,KABUPATEN SERAM BAGIAN TIMUR,81,MALUKU
810505,Wakate,8105,KABUPATEN SERAM BAGIAN TIMUR,81,MALUKU
810506,Tutuk Tolu,8105,KABUPATEN SERAM BAGIAN TIMUR,81,MALUKU
810507,Siwalalat,8105,KABUPATEN SERAM BAGIAN TIMUR,81,MALUKU
810508,Kilmury,8105,KABUPATEN SERAM BAGIAN TIMUR,81,MALUKU
810509,Pulau Panjang,8105,KABUPATEN SERAM BAGIAN TIMUR,81,MALUKU
810510,Teor,8105,KABUPATEN SERAM BAGIAN TIMUR,81,MALUKU
810511,Gorom Timur,8105,KABUPATEN SERAM BAGIAN TIMUR,81,MALUKU
810512,Bula Barat,8105,KABUPATEN SERAM BAGIAN TIMUR,81,MALUKU
810513,Kian Darat,8105,KABUPATEN SERAM BAGIAN TIMUR,81,MALUKU
810514,Siritaun Wida Timur,8105,KABUPATEN SERAM BAGIAN TIMUR,81,MALUKU
810515,Teluk Waru,8105,KABUPATEN SERAM BAGIAN TIMUR,81,MALUKU
810601,Kairatu,8106,KABUPATEN SERAM BAGIAN BARAT,81,MALUKU
810602,Seram Barat,8106,KABUPATEN SERAM BAGIAN BARAT,81,MALUKU
810603,Taniwel,8106,KABUPATEN SERAM BAGIAN BARAT,81,MALUKU
810604,Huamual Belakang,8106,KABUPATEN SERAM BAGIAN BARAT,81,MALUKU
810605,Amalatu,8106,KABUPATEN SERAM BAGIAN BARAT,81,MALUKU
810606,Inamosol,8106,KABUPATEN SERAM BAGIAN BARAT,81,MALUKU
810607,Kairatu Barat,8106,KABUPATEN SERAM BAGIAN BARAT,81,MALUKU
810608,Huamual,8106,KABUPATEN SERAM BAGIAN BARAT,81,MALUKU
810609,Kepulauan Manipa,8106,KABUPATEN SERAM BAGIAN BARAT,81,MALUKU
810610,Taniwel Timur,8106,KABUPATEN SERAM BAGIAN BARAT,81,MALUKU
810611,Elpaputih,8106,KABUPATEN SERAM BAGIAN BARAT,81,MALUKU
810701,Pulau-Pulau Aru,8107,KABUPATEN KEPULAUAN ARU,81,MALUKU
810702,Aru Selatan,8107,KABUPATEN KEPULAUAN ARU,81,MALUKU
810703,Aru Tengah,8107,KABUPATEN KEPULAUAN ARU,81,MALUKU
810704,Aru Utara,8107,KABUPATEN KEPULAUAN ARU,81,MALUKU
810705,Aru Utara Timur Batuley,8107,KABUPATEN KEPULAUAN ARU,81,MALUKU
810706,Sir-Sir,8107,KABUPATEN KEPULAUAN ARU,81,MALUKU
810707,Aru Tengah Timur,8107,KABUPATEN KEPULAUAN ARU,81,MALUKU
810708,Aru Tengah Selatan,8107,KABUPATEN KEPULAUAN ARU,81,MALUKU
810709,Aru Selatan Timur,8107,KABUPATEN KEPULAUAN ARU,81,MALUKU
810710,Aru Selatan Utara,8107,KABUPATEN KEPULAUAN ARU,81,MALUKU
810801,Moa Lakor,8108,KABUPATEN MALUKU BARAT DAYA,81,MALUKU
810802,Damer,8108,KABUPATEN MALUKU BARAT DAYA,81,MALUKU
810803,Mndona Hiera,8108,KABUPATEN MALUKU BARAT DAYA,81,MALUKU
810804,Pulau-Pulau Babar,8108,KABUPATEN MALUKU BARAT DAYA,81,MALUKU
810805,Pulau-pulau Babar Timur,8108,KABUPATEN MALUKU BARAT DAYA,81,MALUKU
810806,Wetar,8108,KABUPATEN MALUKU BARAT DAYA,81,MALUKU
810807,Pulau-pulau Terselatan,8108,KABUPATEN MALUKU BARAT DAYA,81,MALUKU
810808,Pulau Leti,8108,KABUPATEN MALUKU BARAT DAYA,81,MALUKU
810809,Pulau Masela,8108,KABUPATEN MALUKU BARAT DAYA,81,MALUKU
810810,Dawelor Dawera,8108,KABUPATEN MALUKU BARAT DAYA,81,MALUKU
810811,Pulau Wetang,8108,KABUPATEN MALUKU BARAT DAYA,81,MALUKU
810812,Pulau Lakor,8108,KABUPATEN MALUKU BARAT DAYA,81,MALUKU
810813,Wetar Utara,8108,KABUPATEN MALUKU BARAT DAYA,81,MALUKU
810814,Wetar Barat,8108,KABUPATEN MALUKU BARAT DAYA,81,MALUKU
810815,Wetar Timur,8108,KABUPATEN MALUKU BARAT DAYA,81,MALUKU
810816,Kepulauan Romang,8108,KABUPATEN MALUKU BARAT DAYA,81,MALUKU
810817,Kisar Utara,8108,KABUPATEN MALUKU BARAT DAYA,81,MALUKU
810901,Namrole,8109,KABUPATEN BURU SELATAN,81,MALUKU
810902,Waesama,8109,KABUPATEN BURU SELATAN,81,MALUKU
810903,Ambalau,8109,KABUPATEN BURU SELATAN,81,MALUKU
810904,Kepala Madan,8109,KABUPATEN BURU SELATAN,81,MALUKU
810905,Leksula,8109,KABUPATEN BURU SELATAN,81,MALUKU
810906,Fena Fafan,8109,KABUPATEN BURU SELATAN,81,MALUKU
817101,Nusaniwe,8171,KOTA AMBON,81,MALUKU
817102,Sirimau,8171,KOTA AMBON,81,MALUKU
817103,Baguala,8171,KOTA AMBON,81,MALUKU
817104,Teluk Ambon,8171,KOTA AMBON,81,MALUKU
817105,Leitimur Selatan,8171,KOTA AMBON,81,MALUKU
817201,Pulau Dullah Utara,8172,KOTA TUAL,81,MALUKU
817202,Pulau Dullah Selatan,8172,KOTA TUAL,81,MALUKU
817203,Tayando Tam,8172,KOTA TUAL,81,MALUKU
817204,Pulau-Pulau Kur,8172,KOTA TUAL,81,MALUKU
817205,Kur Selatan,8172,KOTA TUAL,81,MALUKU
820101,Jailolo,8201,KABUPATEN HALMAHERA BARAT,82,MALUKU UTARA
820102,Loloda,8201,KABUPATEN HALMAHERA BARAT,82,MALUKU UTARA
820103,Ibu,8201,KABUPATEN HALMAHERA BARAT,82,MALUKU UTARA
820104,Sahu,8201,KABUPATEN HALMAHERA BARAT,82,MALUKU UTARA
820105,Jailolo Selatan,8201,KABUPATEN HALMAHERA BARAT,82,MALUKU UTARA
820107,Ibu Utara,8201,KABUPATEN HALMAHERA BARAT,82,MALUKU UTARA
820108,Ibu Selatan,8201,KABUPATEN HALMAHERA BARAT,82,MALUKU UTARA
820109,Sahu Timur,8201,KABUPATEN HALMAHERA BARAT,82,MALUKU UTARA
820110,Loloda Tengah,8201,KABUPATEN HALMAHERA BARAT,82,MALUKU UTARA
820201,Weda,8202,KABUPATEN HALMAHERA TENGAH,82,MALUKU UTARA
820202,Patani,8202,KABUPATEN HALMAHERA TENGAH,82,MALUKU UTARA
820203,Pulau Gebe,8202,KABUPATEN HALMAHERA TENGAH,82,MALUKU UTARA
820204,Weda Utara,8202,KABUPATEN HALMAHERA TENGAH,82,MALUKU UTARA
820205,Weda Selatan,8202,KABUPATEN HALMAHERA TENGAH,82,MALUKU UTARA
820206,Patani Utara,8202,KABUPATEN HALMAHERA TENGAH,82,MALUKU UTARA
820207,Weda Tengah,8202,KABUPATEN HALMAHERA TENGAH,82,MALUKU UTARA
820208,Patani Barat,8202,KABUPATEN HALMAHERA TENGAH,82,MALUKU UTARA
820209,Weda Timur,8202,KABUPATEN HALMAHERA TENGAH,82,MALUKU UTARA
820210,Patani Timur,8202,KABUPATEN HALMAHERA TENGAH,82,MALUKU UTARA
820304,Galela,8203,KABUPATEN HALMAHERA UTARA,82,MALUKU UTARA
820305,Tobelo,8203,KABUPATEN HALMAHERA UTARA,82,MALUKU UTARA
820306,Tobelo Selatan,8203,KABUPATEN HALMAHERA UTARA,82,MALUKU UTARA
820307,Kao,8203,KABUPATEN HALMAHERA UTARA,82,MALUKU UTARA
820308,Malifut,8203,KABUPATEN HALMAHERA UTARA,82,MALUKU UTARA
820309,Loloda Utara,8203,KABUPATEN HALMAHERA UTARA,82,MALUKU UTARA
820310,Tobelo Utara,8203,KABUPATEN HALMAHERA UTARA,82,MALUKU UTARA
820311,Tobelo Tengah,8203,KABUPATEN HALMAHERA UTARA,82,MALUKU UTARA
820312,Tobelo Timur,8203,KABUPATEN HALMAHERA UTARA,82,MALUKU UTARA
820313,Tobelo Barat,8203,KABUPATEN HALMAHERA UTARA,82,MALUKU UTARA
820314,Galela Barat,8203,KABUPATEN HALMAHERA UTARA,82,MALUKU UTARA
820315,Galela Utara,8203,KABUPATEN HALMAHERA UTARA,82,MALUKU UTARA
820316,Galela Selatan,8203,KABUPATEN HALMAHERA UTARA,82,MALUKU UTARA
820319,Loloda Kepulauan,8203,KABUPATEN HALMAHERA UTARA,82,MALUKU UTARA
820320,Kao Utara,8203,KABUPATEN HALMAHERA UTARA,82,MALUKU UTARA
820321,Kao Barat,8203,KABUPATEN HALMAHERA UTARA,82,MALUKU UTARA
820322,Kao Teluk,8203,KABUPATEN HALMAHERA UTARA,82,MALUKU UTARA
820401,Pulau Makian,8204,KABUPATEN HALMAHERA SELATAN,82,MALUKU UTARA
820402,Kayoa,8204,KABUPATEN HALMAHERA SELATAN,82,MALUKU UTARA
820403,Gane Timur,8204,KABUPATEN HALMAHERA SELATAN,82,MALUKU UTARA
820404,Gane Barat,8204,KABUPATEN HALMAHERA SELATAN,82,MALUKU UTARA
820405,Obi Selatan,8204,KABUPATEN HALMAHERA SELATAN,82,MALUKU UTARA
820406,Obi,8204,KABUPATEN HALMAHERA SELATAN,82,MALUKU UTARA
820407,Bacan Timur,8204,KABUPATEN HALMAHERA SELATAN,82,MALUKU UTARA
820408,Bacan,8204,KABUPATEN HALMAHERA SELATAN,82,MALUKU UTARA
820409,Bacan Barat,8204,KABUPATEN HALMAHERA SELATAN,82,MALUKU UTARA
820410,Makian Barat,8204,KABUPATEN HALMAHERA SELATAN,82,MALUKU UTARA
820411,Kayoa Barat,8204,KABUPATEN HALMAHERA SELATAN,82,MALUKU UTARA
820412,Kayoa Selatan,8204,KABUPATEN HALMAHERA SELATAN,82,MALUKU UTARA
820413,Kayoa Utara,8204,KABUPATEN HALMAHERA SELATAN,82,MALUKU UTARA
820414,Bacan Barat Utara,8204,KABUPATEN HALMAHERA SELATAN,82,MALUKU UTARA
820415,Kasiruta Barat,8204,KABUPATEN HALMAHERA SELATAN,82,MALUKU UTARA
820416,Kasiruta Timur,8204,KABUPATEN HALMAHERA SELATAN,82,MALUKU UTARA
820417,Bacan Selatan,8204,KABUPATEN HALMAHERA SELATAN,82,MALUKU UTARA
820418,Kepulauan Botanglomang,8204,KABUPATEN HALMAHERA SELATAN,82,MALUKU UTARA
820419,Mandioli Selatan,8204,KABUPATEN HALMAHERA SELATAN,82,MALUKU UTARA
820420,Mandioli Utara,8204,KABUPATEN HALMAHERA SELATAN,82,MALUKU UTARA
820421,Bacan Timur Selatan,8204,KABUPATEN HALMAHERA SELATAN,82,MALUKU UTARA
820422,Bacan Timur Tengah,8204,KABUPATEN HALMAHERA SELATAN,82,MALUKU UTARA
820423,Gane Barat Selatan,8204,KABUPATEN HALMAHERA SELATAN,82,MALUKU UTARA
820424,Gane Barat Utara,8204,KABUPATEN HALMAHERA SELATAN,82,MALUKU UTARA
820425,Kepulauan Joronga,8204,KABUPATEN HALMAHERA SELATAN,82,MALUKU UTARA
820426,Gane Timur Selatan,8204,KABUPATEN HALMAHERA SELATAN,82,MALUKU UTARA
820427,Gane Timur Tengah,8204,KABUPATEN HALMAHERA SELATAN,82,MALUKU UTARA
820428,Obi Barat,8204,KABUPATEN HALMAHERA SELATAN,82,MALUKU UTARA
820429,Obi Timur,8204,KABUPATEN HALMAHERA SELATAN,82,MALUKU UTARA
820430,Obi Utara,8204,KABUPATEN HALMAHERA SELATAN,82,MALUKU UTARA
820501,Mangoli Timur,8205,KABUPATEN KEPULAUAN SULA,82,MALUKU UTARA
820502,Sanana,8205,KABUPATEN KEPULAUAN SULA,82,MALUKU UTARA
820503,Sulabesi Barat,8205,KABUPATEN KEPULAUAN SULA,82,MALUKU UTARA
820506,Mangoli Barat,8205,KABUPATEN KEPULAUAN SULA,82,MALUKU UTARA
820507,Sulabesi Tengah,8205,KABUPATEN KEPULAUAN SULA,82,MALUKU UTARA
820508,Sulabesi Timur,8205,KABUPATEN KEPULAUAN SULA,82,MALUKU UTARA
820509,Sulabesi Selatan,8205,KABUPATEN KEPULAUAN SULA,82,MALUKU UTARA
820510,Mangoli Utara Timur,8205,KABUPATEN KEPULAUAN SULA,82,MALUKU UTARA
820511,Mangoli Tengah,8205,KABUPATEN KEPULAUAN SULA,82,MALUKU UTARA
820512,Mangoli Selatan,8205,KABUPATEN KEPULAUAN SULA,82,MALUKU UTARA
820513,Mangoli Utara,8205,KABUPATEN KEPULAUAN SULA,82,MALUKU UTARA
820518,Sanana Utara,8205,KABUPATEN KEPULAUAN SULA,82,MALUKU UTARA
820601,Wasile,8206,KABUPATEN HALMAHERA TIMUR,82,MALUKU UTARA
820602,Maba,8206,KABUPATEN HALMAHERA TIMUR,82,MALUKU UTARA
820603,Maba Selatan,8206,KABUPATEN HALMAHERA TIMUR,82,MALUKU UTARA
820604,Wasile Selatan,8206,KABUPATEN HALMAHERA TIMUR,82,MALUKU UTARA
820605,Wasile Tengah,8206,KABUPATEN HALMAHERA TIMUR,82,MALUKU UTARA
820606,Wasile Utara,8206,KABUPATEN HALMAHERA TIMUR,82,MALUKU UTARA
820607,Wasile Timur,8206,KABUPATEN HALMAHERA TIMUR,82,MALUKU UTARA
820608,Maba Tengah,8206,KABUPATEN HALMAHERA TIMUR,82,MALUKU UTARA
820609,Maba Utara,8206,KABUPATEN HALMAHERA TIMUR,82,MALUKU UTARA
820610,Kota Maba,8206,KABUPATEN HALMAHERA TIMUR,82,MALUKU UTARA
820701,Morotai Selatan,8207,KABUPATEN PULAU MOROTAI,82,MALUKU UTARA
820702,Morotai Selatan Barat,8207,KABUPATEN PULAU MOROTAI,82,MALUKU UTARA
820703,Morotai Jaya,8207,KABUPATEN PULAU MOROTAI,82,MALUKU UTARA
820704,Morotai Utara,8207,KABUPATEN PULAU MOROTAI,82,MALUKU UTARA
820705,Morotai Timur,8207,KABUPATEN PULAU MOROTAI,82,MALUKU UTARA
820706,Pulau Rao,8207,KABUPATEN PULAU MOROTAI,82,MALUKU UTARA
820801,Taliabu Barat,8208,KABUPATEN PULAU TALIABU,82,MALUKU UTARA
820802,Taliabu Barat Laut,8208,KABUPATEN PULAU TALIABU,82,MALUKU UTARA
820803,Lede,8208,KABUPATEN PULAU TALIABU,82,MALUKU UTARA
820804,Taliabu Utara,8208,KABUPATEN PULAU TALIABU,82,MALUKU UTARA
820805,Taliabu Timur,8208,KABUPATEN PULAU TALIABU,82,MALUKU UTARA
820806,Taliabu Timur Selatan,8208,KABUPATEN PULAU TALIABU,82,MALUKU UTARA
820807,Taliabu Selatan,8208,KABUPATEN PULAU TALIABU,82,MALUKU UTARA
820808,Tabona,8208,KABUPATEN PULAU TALIABU,82,MALUKU UTARA
827101,Pulau Ternate,8271,KOTA TERNATE,82,MALUKU UTARA
827102,Kota Ternate Selatan,8271,KOTA TERNATE,82,MALUKU UTARA
827103,Kota Ternate Utara,8271,KOTA TERNATE,82,MALUKU UTARA
827104,Moti,8271,KOTA TERNATE,82,MALUKU UTARA
827105,Pulau Batang Dua,8271,KOTA TERNATE,82,MALUKU UTARA
827106,Kota Ternate Tengah,8271,KOTA TERNATE,82,MALUKU UTARA
827107,Pulau Hiri,8271,KOTA TERNATE,82,MALUKU UTARA
827108,Ternate Barat,8271,KOTA TERNATE,82,MALUKU UTARA
827201,Tidore,8272,KOTA TIDORE KEPULAUAN,82,MALUKU UTARA
827202,Oba Utara,8272,KOTA TIDORE KEPULAUAN,82,MALUKU UTARA
827203,Oba,8272,KOTA TIDORE KEPULAUAN,82,MALUKU UTARA
827204,Tidore Selatan,8272,KOTA TIDORE KEPULAUAN,82,MALUKU UTARA
827205,Tidore Utara,8272,KOTA TIDORE KEPULAUAN,82,MALUKU UTARA
827206,Oba Tengah,8272,KOTA TIDORE KEPULAUAN,82,MALUKU UTARA
827207,Oba Selatan,8272,KOTA TIDORE KEPULAUAN,82,MALUKU UTARA
827208,Tidore Timur,8272,KOTA TIDORE KEPULAUAN,82,MALUKU UTARA
910101,Merauke,9101,KABUPATEN MERAUKE,91,PAPUA
910102,Muting,9101,KABUPATEN MERAUKE,91,PAPUA
910103,Okaba,9101,KABUPATEN MERAUKE,91,PAPUA
910104,Kimaam,9101,KABUPATEN MERAUKE,91,PAPUA
910105,Semangga,9101,KABUPATEN MERAUKE,91,PAPUA
910106,Tanah Miring,9101,KABUPATEN MERAUKE,91,PAPUA
910107,Jagebob,9101,KABUPATEN MERAUKE,91,PAPUA
910108,Sota,9101,KABUPATEN MERAUKE,91,PAPUA
910109,Ulilin,9101,KABUPATEN MERAUKE,91,PAPUA
910110,Elikobal,9101,KABUPATEN MERAUKE,91,PAPUA
910111,Kurik,9101,KABUPATEN MERAUKE,91,PAPUA
910112,Naukenjerai,9101,KABUPATEN MERAUKE,91,PAPUA
910113,Animha,9101,KABUPATEN MERAUKE,91,PAPUA
910114,Malind,9101,KABUPATEN MERAUKE,91,PAPUA
910115,Tubang,9101,KABUPATEN MERAUKE,91,PAPUA
910116,Ngguti,9101,KABUPATEN MERAUKE,91,PAPUA
910117,Kaptel,9101,KABUPATEN MERAUKE,91,PAPUA
910118,Tabonji,9101,KABUPATEN MERAUKE,91,PAPUA
910119,Waan,9101,KABUPATEN MERAUKE,91,PAPUA
910120,Ilwayab,9101,KABUPATEN MERAUKE,91,PAPUA
910121,Padua,9101,KABUPATEN MERAUKE,91,PAPUA
910122,Kontuar,9101,KABUPATEN MERAUKE,91,PAPUA
910201,Wamena,9102,KABUPATEN JAYAWIJAYA,91,PAPUA
910203,Kurulu,9102,KABUPATEN JAYAWIJAYA,91,PAPUA
910204,Asologaima,9102,KABUPATEN JAYAWIJAYA,91,PAPUA
910212,Hubikosi,9102,KABUPATEN JAYAWIJAYA,91,PAPUA
910215,Bolakme,9102,KABUPATEN JAYAWIJAYA,91,PAPUA
910225,Walelagama,9102,KABUPATEN JAYAWIJAYA,91,PAPUA
910227,Musatfak,9102,KABUPATEN JAYAWIJAYA,91,PAPUA
910228,Wolo,9102,KABUPATEN JAYAWIJAYA,91,PAPUA
910229,Asolokobal,9102,KABUPATEN JAYAWIJAYA,91,PAPUA
910234,Pelebaga,9102,KABUPATEN JAYAWIJAYA,91,PAPUA
910235,Yalengga,9102,KABUPATEN JAYAWIJAYA,91,PAPUA
910240,Trikora,9102,KABUPATEN JAYAWIJAYA,91,PAPUA
910241,Napua,9102,KABUPATEN JAYAWIJAYA,91,PAPUA
910242,Walaik,9102,KABUPATEN JAYAWIJAYA,91,PAPUA
910243,Wouma,9102,KABUPATEN JAYAWIJAYA,91,PAPUA
910244,Hubikiak,9102,KABUPATEN JAYAWIJAYA,91,PAPUA
910245,Ibele,9102,KABUPATEN JAYAWIJAYA,91,PAPUA
910246,Taelarek,9102,KABUPATEN JAYAWIJAYA,91,PAPUA
910247,Itlay Hisage,9102,KABUPATEN JAYAWIJAYA,91,PAPUA
910248,Siepkosi,9102,KABUPATEN JAYAWIJAYA,91,PAPUA
910249,Usilimo,9102,KABUPATEN JAYAWIJAYA,91,PAPUA
910250,Wita Waya,9102,KABUPATEN JAYAWIJAYA,91,PAPUA
910251,Libarek,9102,KABUPATEN JAYAWIJAYA,91,PAPUA
910252,Wadangku,9102,KABUPATEN JAYAWIJAYA,91,PAPUA
910253,Pisugi,9102,KABUPATEN JAYAWIJAYA,91,PAPUA
910254,Koragi,9102,KABUPATEN JAYAWIJAYA,91,PAPUA
910255,Tagime,9102,KABUPATEN JAYAWIJAYA,91,PAPUA
910256,Molagalome,9102,KABUPATEN JAYAWIJAYA,91,PAPUA
910257,Tagineri,9102,KABUPATEN JAYAWIJAYA,91,PAPUA
910258,Silo Karno Doga,9102,KABUPATEN JAYAWIJAYA,91,PAPUA
910259,Piramid,9102,KABUPATEN JAYAWIJAYA,91,PAPUA
910260,Muliama,9102,KABUPATEN JAYAWIJAYA,91,PAPUA
910261,Bugi,9102,KABUPATEN JAYAWIJAYA,91,PAPUA
910262,Bpiri,9102,KABUPATEN JAYAWIJAYA,91,PAPUA
910263,Welesi,9102,KABUPATEN JAYAWIJAYA,91,PAPUA
910264,Asotipo,9102,KABUPATEN JAYAWIJAYA,91,PAPUA
910265,Maima,9102,KABUPATEN JAYAWIJAYA,91,PAPUA
910266,Popugoba,9102,KABUPATEN JAYAWIJAYA,91,PAPUA
910267,Wame,9102,KABUPATEN JAYAWIJAYA,91,PAPUA
910268,Wesaput,9102,KABUPATEN JAYAWIJAYA,91,PAPUA
910301,Sentani,9103,KABUPATEN JAYAPURA,91,PAPUA
910302,Sentani Timur,9103,KABUPATEN JAYAPURA,91,PAPUA
910303,Depapre,9103,KABUPATEN JAYAPURA,91,PAPUA
910304,Sentani Barat,9103,KABUPATEN JAYAPURA,91,PAPUA
910305,Kemtuk,9103,KABUPATEN JAYAPURA,91,PAPUA
910306,Kemtuk Gresi,9103,KABUPATEN JAYAPURA,91,PAPUA
910307,Nimboran,9103,KABUPATEN JAYAPURA,91,PAPUA
910308,Nimbokrang,9103,KABUPATEN JAYAPURA,91,PAPUA
910309,Unurum Guay,9103,KABUPATEN JAYAPURA,91,PAPUA
910310,Demta,9103,KABUPATEN JAYAPURA,91,PAPUA
910311,Kaureh,9103,KABUPATEN JAYAPURA,91,PAPUA
910312,Ebungfao,9103,KABUPATEN JAYAPURA,91,PAPUA
910313,Waibu,9103,KABUPATEN JAYAPURA,91,PAPUA
910314,Nambluong,9103,KABUPATEN JAYAPURA,91,PAPUA
910315,Yapsi,9103,KABUPATEN JAYAPURA,91,PAPUA
910316,Airu,9103,KABUPATEN JAYAPURA,91,PAPUA
910317,Raveni Rara,9103,KABUPATEN JAYAPURA,91,PAPUA
910318,Gresi Selatan,9103,KABUPATEN JAYAPURA,91,PAPUA
910319,Yokari,9103,KABUPATEN JAYAPURA,91,PAPUA
910401,Nabire,9104,KABUPATEN NABIRE,91,PAPUA
910402,Napan,9104,KABUPATEN NABIRE,91,PAPUA
910403,Yaur,9104,KABUPATEN NABIRE,91,PAPUA
910406,Uwapa,9104,KABUPATEN NABIRE,91,PAPUA
910407,Wanggar,9104,KABUPATEN NABIRE,91,PAPUA
910410,Siriwo,9104,KABUPATEN NABIRE,91,PAPUA
910411,Makimi,9104,KABUPATEN NABIRE,91,PAPUA
910412,Teluk Umar,9104,KABUPATEN NABIRE,91,PAPUA
910416,Teluk Kimi,9104,KABUPATEN NABIRE,91,PAPUA
910417,Yaro,9104,KABUPATEN NABIRE,91,PAPUA
910421,Wapoga,9104,KABUPATEN NABIRE,91,PAPUA
910422,Nabire Barat,9104,KABUPATEN NABIRE,91,PAPUA
910423,Moora,9104,KABUPATEN NABIRE,91,PAPUA
910424,Dipa,9104,KABUPATEN NABIRE,91,PAPUA
910425,Menou,9104,KABUPATEN NABIRE,91,PAPUA
910501,Yapen Selatan,9105,KABUPATEN KEPULAUAN YAPEN,91,PAPUA
910502,Yapen Barat,9105,KABUPATEN KEPULAUAN YAPEN,91,PAPUA
910503,Yapen Timur,9105,KABUPATEN KEPULAUAN YAPEN,91,PAPUA
910504,Angkaisera,9105,KABUPATEN KEPULAUAN YAPEN,91,PAPUA
910505,Poom,9105,KABUPATEN KEPULAUAN YAPEN,91,PAPUA
910506,Kosiwo,9105,KABUPATEN KEPULAUAN YAPEN,91,PAPUA
910507,Yapen Utara,9105,KABUPATEN KEPULAUAN YAPEN,91,PAPUA
910508,Raimbawi,9105,KABUPATEN KEPULAUAN YAPEN,91,PAPUA
910509,Teluk Ampimoi,9105,KABUPATEN KEPULAUAN YAPEN,91,PAPUA
910510,Kepulauan Ambai,9105,KABUPATEN KEPULAUAN YAPEN,91,PAPUA
910511,Wonawa,9105,KABUPATEN KEPULAUAN YAPEN,91,PAPUA
910512,Windesi,9105,KABUPATEN KEPULAUAN YAPEN,91,PAPUA
910513,Pulau Kurudu,9105,KABUPATEN KEPULAUAN YAPEN,91,PAPUA
910514,Pulau Yerui,9105,KABUPATEN KEPULAUAN YAPEN,91,PAPUA
910515,Anotaurei,9105,KABUPATEN KEPULAUAN YAPEN,91,PAPUA
910516,Yawakukat,9105,KABUPATEN KEPULAUAN YAPEN,91,PAPUA
910601,Biak Kota,9106,KABUPATEN BIAK NUMFOR,91,PAPUA
910602,Biak Utara,9106,KABUPATEN BIAK NUMFOR,91,PAPUA
910603,Biak Timur,9106,KABUPATEN BIAK NUMFOR,91,PAPUA
910604,Numfor Barat,9106,KABUPATEN BIAK NUMFOR,91,PAPUA
910605,Numfor Timur,9106,KABUPATEN BIAK NUMFOR,91,PAPUA
910608,Biak Barat,9106,KABUPATEN BIAK NUMFOR,91,PAPUA
910609,Warsa,9106,KABUPATEN BIAK NUMFOR,91,PAPUA
910610,Padaido,9106,KABUPATEN BIAK NUMFOR,91,PAPUA
910611,Yendidori,9106,KABUPATEN BIAK NUMFOR,91,PAPUA
910612,Samofa,9106,KABUPATEN BIAK NUMFOR,91,PAPUA
910613,Yawosi,9106,KABUPATEN BIAK NUMFOR,91,PAPUA
910614,Andey,9106,KABUPATEN BIAK NUMFOR,91,PAPUA
910615,Swandiwe,9106,KABUPATEN BIAK NUMFOR,91,PAPUA
910616,Bruyadori,9106,KABUPATEN BIAK NUMFOR,91,PAPUA
910617,Orkeri,9106,KABUPATEN BIAK NUMFOR,91,PAPUA
910618,Poiru,9106,KABUPATEN BIAK NUMFOR,91,PAPUA
910619,Aimando Padaido,9106,KABUPATEN BIAK NUMFOR,91,PAPUA
910620,Oridek,9106,KABUPATEN BIAK NUMFOR,91,PAPUA
910621,Bondifuar,9106,KABUPATEN BIAK NUMFOR,91,PAPUA
910701,Mulia,9107,KABUPATEN PUNCAK JAYA,91,PAPUA
910703,Ilu,9107,KABUPATEN PUNCAK JAYA,91,PAPUA
910706,Fawi,9107,KABUPATEN PUNCAK JAYA,91,PAPUA
910707,Mewoluk,9107,KABUPATEN PUNCAK JAYA,91,PAPUA
910708,Yamo,9107,KABUPATEN PUNCAK JAYA,91,PAPUA
910710,Nume,9107,KABUPATEN PUNCAK JAYA,91,PAPUA
910711,Torere,9107,KABUPATEN PUNCAK JAYA,91,PAPUA
910712,Tingginambut,9107,KABUPATEN PUNCAK JAYA,91,PAPUA
910717,Pagaleme,9107,KABUPATEN PUNCAK JAYA,91,PAPUA
910718,Gurage,9107,KABUPATEN PUNCAK JAYA,91,PAPUA
910719,Irimuli,9107,KABUPATEN PUNCAK JAYA,91,PAPUA
910720,Muara,9107,KABUPATEN PUNCAK JAYA,91,PAPUA
910721,Ilamburawi,9107,KABUPATEN PUNCAK JAYA,91,PAPUA
910722,Yambi,9107,KABUPATEN PUNCAK JAYA,91,PAPUA
910723,Lumo,9107,KABUPATEN PUNCAK JAYA,91,PAPUA
910724,Molanikime,9107,KABUPATEN PUNCAK JAYA,91,PAPUA
910725,Dokome,9107,KABUPATEN PUNCAK JAYA,91,PAPUA
910726,Kalome,9107,KABUPATEN PUNCAK JAYA,91,PAPUA
910727,Wanwi,9107,KABUPATEN PUNCAK JAYA,91,PAPUA
910728,Yamoneri,9107,KABUPATEN PUNCAK JAYA,91,PAPUA
910729,Waegi,9107,KABUPATEN PUNCAK JAYA,91,PAPUA
910730,Nioga,9107,KABUPATEN PUNCAK JAYA,91,PAPUA
910731,Gubume,9107,KABUPATEN PUNCAK JAYA,91,PAPUA
910732,Taganombak,9107,KABUPATEN PUNCAK JAYA,91,PAPUA
910733,Dagai,9107,KABUPATEN PUNCAK JAYA,91,PAPUA
910734,Kiyage,9107,KABUPATEN PUNCAK JAYA,91,PAPUA
910801,Paniai Timur,9108,KABUPATEN PANIAI,91,PAPUA
910802,Paniai Barat,9108,KABUPATEN PANIAI,91,PAPUA
910804,Aradide,9108,KABUPATEN PANIAI,91,PAPUA
910807,Bogabaida,9108,KABUPATEN PANIAI,91,PAPUA
910809,Bibida,9108,KABUPATEN PANIAI,91,PAPUA
910812,Dumadama,9108,KABUPATEN PANIAI,91,PAPUA
910813,Siriwo,9108,KABUPATEN PANIAI,91,PAPUA
910819,Kebo,9108,KABUPATEN PANIAI,91,PAPUA
910820,Yatamo,9108,KABUPATEN PANIAI,91,PAPUA
910821,Ekadide,9108,KABUPATEN PANIAI,91,PAPUA
910822,Wegee Muka,9108,KABUPATEN PANIAI,91,PAPUA
910823,Wegee Bino,9108,KABUPATEN PANIAI,91,PAPUA
910824,Pugo Dagi,9108,KABUPATEN PANIAI,91,PAPUA
910825,Muye,9108,KABUPATEN PANIAI,91,PAPUA
910826,Nakama,9108,KABUPATEN PANIAI,91,PAPUA
910827,Teluk Deya,9108,KABUPATEN PANIAI,91,PAPUA
910828,Yagai,9108,KABUPATEN PANIAI,91,PAPUA
910829,Youtadi,9108,KABUPATEN PANIAI,91,PAPUA
910830,Baya Biru,9108,KABUPATEN PANIAI,91,PAPUA
910831,Deiyai Miyo,9108,KABUPATEN PANIAI,91,PAPUA
910832,Dogomo,9108,KABUPATEN PANIAI,91,PAPUA
910833,Aweida,9108,KABUPATEN PANIAI,91,PAPUA
910834,Topiyai,9108,KABUPATEN PANIAI,91,PAPUA
910901,Mimika Baru,9109,KABUPATEN MIMIKA,91,PAPUA
910902,Agimuga,9109,KABUPATEN MIMIKA,91,PAPUA
910903,Mimika Timur,9109,KABUPATEN MIMIKA,91,PAPUA
910904,Mimika Barat,9109,KABUPATEN MIMIKA,91,PAPUA
910905,Jita,9109,KABUPATEN MIMIKA,91,PAPUA
910906,Jila,9109,KABUPATEN MIMIKA,91,PAPUA
910907,Mimika Timur Jauh,9109,KABUPATEN MIMIKA,91,PAPUA
910908,Mimika Tengah,9109,KABUPATEN MIMIKA,91,PAPUA
910909,Kuala Kencana,9109,KABUPATEN MIMIKA,91,PAPUA
910910,Tembagapura,9109,KABUPATEN MIMIKA,91,PAPUA
910911,Mimika Barat Jauh,9109,KABUPATEN MIMIKA,91,PAPUA
910912,Mimika Barat Tengah,9109,KABUPATEN MIMIKA,91,PAPUA
910913,Kwamki Narama,9109,KABUPATEN MIMIKA,91,PAPUA
910914,Hoya,9109,KABUPATEN MIMIKA,91,PAPUA
910915,Iwaka,9109,KABUPATEN MIMIKA,91,PAPUA
910916,Wania,9109,KABUPATEN MIMIKA,91,PAPUA
910917,Amar,9109,KABUPATEN MIMIKA,91,PAPUA
910918,Alama,9109,KABUPATEN MIMIKA,91,PAPUA
911001,Sarmi,9110,KABUPATEN SARMI,91,PAPUA
911002,Tor Atas,9110,KABUPATEN SARMI,91,PAPUA
911003,Pantai Barat,9110,KABUPATEN SARMI,91,PAPUA
911004,Pantai Timur,9110,KABUPATEN SARMI,91,PAPUA
911005,Bonggo,9110,KABUPATEN SARMI,91,PAPUA
911009,Apawer Hulu,9110,KABUPATEN SARMI,91,PAPUA
911012,Sarmi Selatan,9110,KABUPATEN SARMI,91,PAPUA
911013,Sarmi Timur,9110,KABUPATEN SARMI,91,PAPUA
911014,Pantai Timur Bagian Barat,9110,KABUPATEN SARMI,91,PAPUA
911015,Bonggo Timur,9110,KABUPATEN SARMI,91,PAPUA
911101,Waris,9111,KABUPATEN KEEROM,91,PAPUA
911102,Arso,9111,KABUPATEN KEEROM,91,PAPUA
911103,Senggi,9111,KABUPATEN KEEROM,91,PAPUA
911104,Web,9111,KABUPATEN KEEROM,91,PAPUA
911105,Skanto,9111,KABUPATEN KEEROM,91,PAPUA
911106,Arso Timur,9111,KABUPATEN KEEROM,91,PAPUA
911107,Towe,9111,KABUPATEN KEEROM,91,PAPUA
911108,Arso Barat,9111,KABUPATEN KEEROM,91,PAPUA
911109,Mannem,9111,KABUPATEN KEEROM,91,PAPUA
911110,Yaffi,9111,KABUPATEN KEEROM,91,PAPUA
911111,Kaisenar,9111,KABUPATEN KEEROM,91,PAPUA
911201,Oksibil,9112,KABUPATEN PEGUNUNGAN BINTANG,91,PAPUA
911202,Kiwirok,9112,KABUPATEN PEGUNUNGAN BINTANG,91,PAPUA
911203,Okbibab,9112,KABUPATEN PEGUNUNGAN BINTANG,91,PAPUA
911204,Iwur,9112,KABUPATEN PEGUNUNGAN BINTANG,91,PAPUA
911205,Batom,9112,KABUPATEN PEGUNUNGAN BINTANG,91,PAPUA
911206,Borme,9112,KABUPATEN PEGUNUNGAN BINTANG,91,PAPUA
911207,Kiwirok Timur,9112,KABUPATEN PEGUNUNGAN BINTANG,91,PAPUA
911208,Aboy,9112,KABUPATEN PEGUNUNGAN BINTANG,91,PAPUA
911209,Pepera,9112,KABUPATEN PEGUNUNGAN BINTANG,91,PAPUA
911210,Bime,9112,KABUPATEN PEGUNUNGAN BINTANG,91,PAPUA
911211,Alemsom,9112,KABUPATEN PEGUNUNGAN BINTANG,91,PAPUA
911212,Okbape,9112,KABUPATEN PEGUNUNGAN BINTANG,91,PAPUA
911213,Kalomdol,9112,KABUPATEN PEGUNUNGAN BINTANG,91,PAPUA
911214,Oksop,9112,KABUPATEN PEGUNUNGAN BINTANG,91,PAPUA
911215,Serambakon,9112,KABUPATEN PEGUNUNGAN BINTANG,91,PAPUA
911216,Ok Aom,9112,KABUPATEN PEGUNUNGAN BINTANG,91,PAPUA
911217,Kawor,9112,KABUPATEN PEGUNUNGAN BINTANG,91,PAPUA
911218,Awinbon,9112,KABUPATEN PEGUNUNGAN BINTANG,91,PAPUA
911219,Tarup,9112,KABUPATEN PEGUNUNGAN BINTANG,91,PAPUA
911220,Okhika,9112,KABUPATEN PEGUNUNGAN BINTANG,91,PAPUA
911221,Oksamol,9112,KABUPATEN PEGUNUNGAN BINTANG,91,PAPUA
911222,Oklip,9112,KABUPATEN PEGUNUNGAN BINTANG,91,PAPUA
911223,Okbemtau,9112,KABUPATEN PEGUNUNGAN BINTANG,91,PAPUA
911224,Oksebang,9112,KABUPATEN PEGUNUNGAN BINTANG,91,PAPUA
911225,Okbab,9112,KABUPATEN PEGUNUNGAN BINTANG,91,PAPUA
911226,Batani,9112,KABUPATEN PEGUNUNGAN BINTANG,91,PAPUA
911227,Weime,9112,KABUPATEN PEGUNUNGAN BINTANG,91,PAPUA
911228,Murkim,9112,KABUPATEN PEGUNUNGAN BINTANG,91,PAPUA
911229,Mofinop,9112,KABUPATEN PEGUNUNGAN BINTANG,91,PAPUA
911230,Jetfa,9112,KABUPATEN PEGUNUNGAN BINTANG,91,PAPUA
911231,Teiraplu,9112,KABUPATEN PEGUNUNGAN BINTANG,91,PAPUA
911232,Eipumek,9112,KABUPATEN PEGUNUNGAN BINTANG,91,PAPUA
911233,Pamek,9112,KABUPATEN PEGUNUNGAN BINTANG,91,PAPUA
911234,Nongme,9112,KABUPATEN PEGUNUNGAN BINTANG,91,PAPUA
911301,Kurima,9113,KABUPATEN YAHUKIMO,91,PAPUA
911302,Anggruk,9113,KABUPATEN YAHUKIMO,91,PAPUA
911303,Ninia,9113,KABUPATEN YAHUKIMO,91,PAPUA
911306,Silimo,9113,KABUPATEN YAHUKIMO,91,PAPUA
911307,Samenage,9113,KABUPATEN YAHUKIMO,91,PAPUA
911308,Nalca,9113,KABUPATEN YAHUKIMO,91,PAPUA
911309,Dekai,9113,KABUPATEN YAHUKIMO,91,PAPUA
911310,Obio,9113,KABUPATEN YAHUKIMO,91,PAPUA
911311,Suru Suru,9113,KABUPATEN YAHUKIMO,91,PAPUA
911312,Wusama,9113,KABUPATEN YAHUKIMO,91,PAPUA
911313,Amuma,9113,KABUPATEN YAHUKIMO,91,PAPUA
911314,Musaik,9113,KABUPATEN YAHUKIMO,91,PAPUA
911315,Pasema,9113,KABUPATEN YAHUKIMO,91,PAPUA
911316,Hogio,9113,KABUPATEN YAHUKIMO,91,PAPUA
911317,Mugi,9113,KABUPATEN YAHUKIMO,91,PAPUA
911318,Soba,9113,KABUPATEN YAHUKIMO,91,PAPUA
911319,Werima,9113,KABUPATEN YAHUKIMO,91,PAPUA
911320,Tangma,9113,KABUPATEN YAHUKIMO,91,PAPUA
911321,Ukha,9113,KABUPATEN YAHUKIMO,91,PAPUA
911322,Panggema,9113,KABUPATEN YAHUKIMO,91,PAPUA
911323,Kosarek,9113,KABUPATEN YAHUKIMO,91,PAPUA
911324,Nipsan,9113,KABUPATEN YAHUKIMO,91,PAPUA
911325,Ubahak,9113,KABUPATEN YAHUKIMO,91,PAPUA
911326,Pronggoli,9113,KABUPATEN YAHUKIMO,91,PAPUA
911327,Walma,9113,KABUPATEN YAHUKIMO,91,PAPUA
911328,Yahuliambut,9113,KABUPATEN YAHUKIMO,91,PAPUA
911329,Hereapini,9113,KABUPATEN YAHUKIMO,91,PAPUA
911330,Ubalihi,9113,KABUPATEN YAHUKIMO,91,PAPUA
911331,Talambo,9113,KABUPATEN YAHUKIMO,91,PAPUA
911332,Puldama,9113,KABUPATEN YAHUKIMO,91,PAPUA
911333,Endomen,9113,KABUPATEN YAHUKIMO,91,PAPUA
911334,Kona,9113,KABUPATEN YAHUKIMO,91,PAPUA
911335,Dirwemna,9113,KABUPATEN YAHUKIMO,91,PAPUA
911336,Holuon,9113,KABUPATEN YAHUKIMO,91,PAPUA
911337,Lolat,9113,KABUPATEN YAHUKIMO,91,PAPUA
911338,Soloikma,9113,KABUPATEN YAHUKIMO,91,PAPUA
911339,Sela,9113,KABUPATEN YAHUKIMO,91,PAPUA
911340,Korupun,9113,KABUPATEN YAHUKIMO,91,PAPUA
911341,Langda,9113,KABUPATEN YAHUKIMO,91,PAPUA
911342,Bomela,9113,KABUPATEN YAHUKIMO,91,PAPUA
911343,Suntamon,9113,KABUPATEN YAHUKIMO,91,PAPUA
911344,Seredela,9113,KABUPATEN YAHUKIMO,91,PAPUA
911345,Sobaham,9113,KABUPATEN YAHUKIMO,91,PAPUA
911346,Kabianggama,9113,KABUPATEN YAHUKIMO,91,PAPUA
911347,Kwelemdua,9113,KABUPATEN YAHUKIMO,91,PAPUA
911348,Kwikma,9113,KABUPATEN YAHUKIMO,91,PAPUA
911349,Hilipuk,9113,KABUPATEN YAHUKIMO,91,PAPUA
911350,Duram,9113,KABUPATEN YAHUKIMO,91,PAPUA
911351,Yogosem,9113,KABUPATEN YAHUKIMO,91,PAPUA
911352,Kayo,9113,KABUPATEN YAHUKIMO,91,PAPUA
911353,Sumo,9113,KABUPATEN YAHUKIMO,91,PAPUA
911401,Karubaga,9114,KABUPATEN TOLIKARA,91,PAPUA
911402,Bokondini,9114,KABUPATEN TOLIKARA,91,PAPUA
911403,Kanggime,9114,KABUPATEN TOLIKARA,91,PAPUA
911404,Kembu,9114,KABUPATEN TOLIKARA,91,PAPUA
911405,Goyage,9114,KABUPATEN TOLIKARA,91,PAPUA
911406,Wunim,9114,KABUPATEN TOLIKARA,91,PAPUA
911407,Wina,9114,KABUPATEN TOLIKARA,91,PAPUA
911408,Umagi,9114,KABUPATEN TOLIKARA,91,PAPUA
911409,Panaga,9114,KABUPATEN TOLIKARA,91,PAPUA
911410,Woniki,9114,KABUPATEN TOLIKARA,91,PAPUA
911411,Kubu,9114,KABUPATEN TOLIKARA,91,PAPUA
911412,Konda/ Kondaga,9114,KABUPATEN TOLIKARA,91,PAPUA
911413,Nelawi,9114,KABUPATEN TOLIKARA,91,PAPUA
911414,Kuari,9114,KABUPATEN TOLIKARA,91,PAPUA
911415,Bokoneri,9114,KABUPATEN TOLIKARA,91,PAPUA
911416,Bewani,9114,KABUPATEN TOLIKARA,91,PAPUA
911418,Nabunage,9114,KABUPATEN TOLIKARA,91,PAPUA
911419,Gilubandu,9114,KABUPATEN TOLIKARA,91,PAPUA
911420,Nunggawi,9114,KABUPATEN TOLIKARA,91,PAPUA
911421,Gundagi,9114,KABUPATEN TOLIKARA,91,PAPUA
911422,Numba,9114,KABUPATEN TOLIKARA,91,PAPUA
911423,Timori,9114,KABUPATEN TOLIKARA,91,PAPUA
911424,Dundu,9114,KABUPATEN TOLIKARA,91,PAPUA
911425,Geya,9114,KABUPATEN TOLIKARA,91,PAPUA
911426,Egiam,9114,KABUPATEN TOLIKARA,91,PAPUA
911427,Poganeri,9114,KABUPATEN TOLIKARA,91,PAPUA
911428,Kamboneri,9114,KABUPATEN TOLIKARA,91,PAPUA
911429,Airgaram,9114,KABUPATEN TOLIKARA,91,PAPUA
911430,Wari/Taiyeve II,9114,KABUPATEN TOLIKARA,91,PAPUA
911431,Dow,9114,KABUPATEN TOLIKARA,91,PAPUA
911432,Tagineri,9114,KABUPATEN TOLIKARA,91,PAPUA
911433,Yuneri,9114,KABUPATEN TOLIKARA,91,PAPUA
911434,Wakuwo,9114,KABUPATEN TOLIKARA,91,PAPUA
911435,Gika,9114,KABUPATEN TOLIKARA,91,PAPUA
911436,Telenggeme,9114,KABUPATEN TOLIKARA,91,PAPUA
911437,Anawi,9114,KABUPATEN TOLIKARA,91,PAPUA
911438,Wenam,9114,KABUPATEN TOLIKARA,91,PAPUA
911439,Wugi,9114,KABUPATEN TOLIKARA,91,PAPUA
911440,Danime,9114,KABUPATEN TOLIKARA,91,PAPUA
911441,Tagime,9114,KABUPATEN TOLIKARA,91,PAPUA
911442,Kai,9114,KABUPATEN TOLIKARA,91,PAPUA
911443,Aweku,9114,KABUPATEN TOLIKARA,91,PAPUA
911444,Bogonuk,9114,KABUPATEN TOLIKARA,91,PAPUA
911445,Li Anogomma,9114,KABUPATEN TOLIKARA,91,PAPUA
911446,Biuk,9114,KABUPATEN TOLIKARA,91,PAPUA
911447,Yuko,9114,KABUPATEN TOLIKARA,91,PAPUA
911501,Waropen Bawah,9115,KABUPATEN WAROPEN,91,PAPUA
911503,Masirei,9115,KABUPATEN WAROPEN,91,PAPUA
911507,Risei Sayati,9115,KABUPATEN WAROPEN,91,PAPUA
911508,Urei Faisei,9115,KABUPATEN WAROPEN,91,PAPUA
911509,Inggerus,9115,KABUPATEN WAROPEN,91,PAPUA
911510,Kirihi,9115,KABUPATEN WAROPEN,91,PAPUA
911511,Oudate,9115,KABUPATEN WAROPEN,91,PAPUA
911512,Wapoga,9115,KABUPATEN WAROPEN,91,PAPUA
911513,Demba,9115,KABUPATEN WAROPEN,91,PAPUA
911514,Wonti,9115,KABUPATEN WAROPEN,91,PAPUA
911515,Soyoi Mambai,9115,KABUPATEN WAROPEN,91,PAPUA
911601,Mandobo,9116,KABUPATEN BOVEN DIGOEL,91,PAPUA
911602,Mindiptana,9116,KABUPATEN BOVEN DIGOEL,91,PAPUA
911603,Waropko,9116,KABUPATEN BOVEN DIGOEL,91,PAPUA
911604,Kouh,9116,KABUPATEN BOVEN DIGOEL,91,PAPUA
911605,Jair,9116,KABUPATEN BOVEN DIGOEL,91,PAPUA
911606,Bomakia,9116,KABUPATEN BOVEN DIGOEL,91,PAPUA
911607,Kombut,9116,KABUPATEN BOVEN DIGOEL,91,PAPUA
911608,Iniyandit,9116,KABUPATEN BOVEN DIGOEL,91,PAPUA
911609,Arimop,9116,KABUPATEN BOVEN DIGOEL,91,PAPUA
911610,Fofi,9116,KABUPATEN BOVEN DIGOEL,91,PAPUA
911611,Ambatkwi,9116,KABUPATEN BOVEN DIGOEL,91,PAPUA
911612,Manggelum,9116,KABUPATEN BOVEN DIGOEL,91,PAPUA
911613,Firiwage,9116,KABUPATEN BOVEN DIGOEL,91,PAPUA
911614,Yaniruma,9116,KABUPATEN BOVEN DIGOEL,91,PAPUA
911615,Subur,9116,KABUPATEN BOVEN DIGOEL,91,PAPUA
911616,Kombay,9116,KABUPATEN BOVEN DIGOEL,91,PAPUA
911617,Ninati,9116,KABUPATEN BOVEN DIGOEL,91,PAPUA
911618,Sesnuk,9116,KABUPATEN BOVEN DIGOEL,91,PAPUA
911619,Ki,9116,KABUPATEN BOVEN DIGOEL,91,PAPUA
911620,Kawagit,9116,KABUPATEN BOVEN DIGOEL,91,PAPUA
911701,Obaa,9117,KABUPATEN MAPPI,91,PAPUA
911702,Mambioman Bapai,9117,KABUPATEN MAPPI,91,PAPUA
911703,Citak-Mitak,9117,KABUPATEN MAPPI,91,PAPUA
911704,Edera,9117,KABUPATEN MAPPI,91,PAPUA
911705,Haju,9117,KABUPATEN MAPPI,91,PAPUA
911706,Assue,9117,KABUPATEN MAPPI,91,PAPUA
911707,Kaibar,9117,KABUPATEN MAPPI,91,PAPUA
911708,Passue,9117,KABUPATEN MAPPI,91,PAPUA
911709,Minyamur,9117,KABUPATEN MAPPI,91,PAPUA
911710,Venaha,9117,KABUPATEN MAPPI,91,PAPUA
911711,Syahcame,9117,KABUPATEN MAPPI,91,PAPUA
911712,Yakomi,9117,KABUPATEN MAPPI,91,PAPUA
911713,Bamgi,9117,KABUPATEN MAPPI,91,PAPUA
911714,Passue Bawah,9117,KABUPATEN MAPPI,91,PAPUA
911715,Ti Zain,9117,KABUPATEN MAPPI,91,PAPUA
911801,Agats,9118,KABUPATEN ASMAT,91,PAPUA
911802,Atsj,9118,KABUPATEN ASMAT,91,PAPUA
911803,Sawa Erma,9118,KABUPATEN ASMAT,91,PAPUA
911804,Akat,9118,KABUPATEN ASMAT,91,PAPUA
911805,Fayit,9118,KABUPATEN ASMAT,91,PAPUA
911806,Pantai Kasuari,9118,KABUPATEN ASMAT,91,PAPUA
911807,Suator,9118,KABUPATEN ASMAT,91,PAPUA
911808,Suru-suru,9118,KABUPATEN ASMAT,91,PAPUA
911809,Kolf Braza,9118,KABUPATEN ASMAT,91,PAPUA
911810,Unir Sirau,9118,KABUPATEN ASMAT,91,PAPUA
911811,Joerat,9118,KABUPATEN ASMAT,91,PAPUA
911812,Pulau Tiga,9118,KABUPATEN ASMAT,91,PAPUA
911813,Jetsy,9118,KABUPATEN ASMAT,91,PAPUA
911814,Der Koumur,9118,KABUPATEN ASMAT,91,PAPUA
911815,Kopay,9118,KABUPATEN ASMAT,91,PAPUA
911816,Safan,9118,KABUPATEN ASMAT,91,PAPUA
911817,Sirets,9118,KABUPATEN ASMAT,91,PAPUA
911818,Ayip,9118,KABUPATEN ASMAT,91,PAPUA
911819,Betcbamu,9118,KABUPATEN ASMAT,91,PAPUA
911820,Joutu,9118,KABUPATEN ASMAT,91,PAPUA
911821,Aswi,9118,KABUPATEN ASMAT,91,PAPUA
911822,Awyu,9118,KABUPATEN ASMAT,91,PAPUA
911823,Koroway Buluanop,9118,KABUPATEN ASMAT,91,PAPUA
911901,Supiori Selatan,9119,KABUPATEN SUPIORI,91,PAPUA
911902,Supiori Utara,9119,KABUPATEN SUPIORI,91,PAPUA
911903,Supiori Timur,9119,KABUPATEN SUPIORI,91,PAPUA
911904,Kepulauan Aruri,9119,KABUPATEN SUPIORI,91,PAPUA
911905,Supiori Barat,9119,KABUPATEN SUPIORI,91,PAPUA
912001,Mamberamo Tengah,9120,KABUPATEN MAMBERAMO RAYA,91,PAPUA
912002,Mamberamo Hulu,9120,KABUPATEN MAMBERAMO RAYA,91,PAPUA
912003,Rufaer,9120,KABUPATEN MAMBERAMO RAYA,91,PAPUA
912004,Mamberamo Tengah Timur,9120,KABUPATEN MAMBERAMO RAYA,91,PAPUA
912005,Mamberamo Hilir,9120,KABUPATEN MAMBERAMO RAYA,91,PAPUA
912006,Waropen Atas,9120,KABUPATEN MAMBERAMO RAYA,91,PAPUA
912007,Benuki,9120,KABUPATEN MAMBERAMO RAYA,91,PAPUA
912008,Sawai,9120,KABUPATEN MAMBERAMO RAYA,91,PAPUA
912101,Kobagma,9121,KABUPATEN MAMBERAMO TENGAH,91,PAPUA
912102,Kelila,9121,KABUPATEN MAMBERAMO TENGAH,91,PAPUA
912103,Eragayam,9121,KABUPATEN MAMBERAMO TENGAH,91,PAPUA
912104,Megambilis,9121,KABUPATEN MAMBERAMO TENGAH,91,PAPUA
912105,Ilugwa,9121,KABUPATEN MAMBERAMO TENGAH,91,PAPUA
912201,Elelim,9122,KABUPATEN YALIMO,91,PAPUA
912202,Apalapsili,9122,KABUPATEN YALIMO,91,PAPUA
912203,Abenaho,9122,KABUPATEN YALIMO,91,PAPUA
912204,Benawa,9122,KABUPATEN YALIMO,91,PAPUA
912205,Welarek,9122,KABUPATEN YALIMO,91,PAPUA
912301,Tiom,9123,KABUPATEN LANNY JAYA,91,PAPUA
912302,Pirime,9123,KABUPATEN LANNY JAYA,91,PAPUA
912303,Makki,9123,KABUPATEN LANNY JAYA,91,PAPUA
912304,Gamelia,9123,KABUPATEN LANNY JAYA,91,PAPUA
912305,Dimba,9123,KABUPATEN LANNY JAYA,91,PAPUA
912306,Melagineri,9123,KABUPATEN LANNY JAYA,91,PAPUA
912307,Balingga,9123,KABUPATEN LANNY JAYA,91,PAPUA
912308,Tiomneri,9123,KABUPATEN LANNY JAYA,91,PAPUA
912309,Kuyawage,9123,KABUPATEN LANNY JAYA,91,PAPUA
912310,Poga,9123,KABUPATEN LANNY JAYA,91,PAPUA
912311,Niname,9123,KABUPATEN LANNY JAYA,91,PAPUA
912312,Nogi,9123,KABUPATEN LANNY JAYA,91,PAPUA
912313,Yiginua,9123,KABUPATEN LANNY JAYA,91,PAPUA
912314,Tiom Ollo,9123,KABUPATEN LANNY JAYA,91,PAPUA
912315,Yugungwi,9123,KABUPATEN LANNY JAYA,91,PAPUA
912316,Mokoni,9123,KABUPATEN LANNY JAYA,91,PAPUA
912317,Wereka,9123,KABUPATEN LANNY JAYA,91,PAPUA
912318,Milimbo,9123,KABUPATEN LANNY JAYA,91,PAPUA
912319,Wiringgambut,9123,KABUPATEN LANNY JAYA,91,PAPUA
912320,Gollo,9123,KABUPATEN LANNY JAYA,91,PAPUA
912321,Awina,9123,KABUPATEN LANNY JAYA,91,PAPUA
912322,Ayumnati,9123,KABUPATEN LANNY JAYA,91,PAPUA
912323,Wano Barat,9123,KABUPATEN LANNY JAYA,91,PAPUA
912324,Goa Balim,9123,KABUPATEN LANNY JAYA,91,PAPUA
912325,Bruwa,9123,KABUPATEN LANNY JAYA,91,PAPUA
912326,Balingga Barat,9123,KABUPATEN LANNY JAYA,91,PAPUA
912327,Gupura,9123,KABUPATEN LANNY JAYA,91,PAPUA
912328,Kolawa,9123,KABUPATEN LANNY JAYA,91,PAPUA
912329,Gelok Beam,9123,KABUPATEN LANNY JAYA,91,PAPUA
912330,Kuly Lanny,9123,KABUPATEN LANNY JAYA,91,PAPUA
912331,Lannyna,9123,KABUPATEN LANNY JAYA,91,PAPUA
912332,Karu,9123,KABUPATEN LANNY JAYA,91,PAPUA
912333,Yiluk,9123,KABUPATEN LANNY JAYA,91,PAPUA
912334,Guna,9123,KABUPATEN LANNY JAYA,91,PAPUA
912335,Kelulome,9123,KABUPATEN LANNY JAYA,91,PAPUA
912336,Nikogwe,9123,KABUPATEN LANNY JAYA,91,PAPUA
912337,Muara,9123,KABUPATEN LANNY JAYA,91,PAPUA
912338,Buguk Gona,9123,KABUPATEN LANNY JAYA,91,PAPUA
912339,Melagi,9123,KABUPATEN LANNY JAYA,91,PAPUA
912401,Kenyam,9124,KABUPATEN NDUGA,91,PAPUA
912402,Mapenduma,9124,KABUPATEN NDUGA,91,PAPUA
912403,Yigi,9124,KABUPATEN NDUGA,91,PAPUA
912404,Wosak,9124,KABUPATEN NDUGA,91,PAPUA
912405,Geselma,9124,KABUPATEN NDUGA,91,PAPUA
912406,Mugi,9124,KABUPATEN NDUGA,91,PAPUA
912407,Mbuwa,9124,KABUPATEN NDUGA,91,PAPUA
912408,Gearek,9124,KABUPATEN NDUGA,91,PAPUA
912409,Koroptak,9124,KABUPATEN NDUGA,91,PAPUA
912410,Kegayem,9124,KABUPATEN NDUGA,91,PAPUA
912411,Paro,9124,KABUPATEN NDUGA,91,PAPUA
912412,Mebarok,9124,KABUPATEN NDUGA,91,PAPUA
912413,Yenggelo,9124,KABUPATEN NDUGA,91,PAPUA
912414,Kilmid,9124,KABUPATEN NDUGA,91,PAPUA
912415,Alama,9124,KABUPATEN NDUGA,91,PAPUA
912416,Yal,9124,KABUPATEN NDUGA,91,PAPUA
912417,Mam,9124,KABUPATEN NDUGA,91,PAPUA
912418,Dal,9124,KABUPATEN NDUGA,91,PAPUA
912419,Nirkuri,9124,KABUPATEN NDUGA,91,PAPUA
912420,Inikgal,9124,KABUPATEN NDUGA,91,PAPUA
912421,Iniye,9124,KABUPATEN NDUGA,91,PAPUA
912422,Mbulmu Yalma,9124,KABUPATEN NDUGA,91,PAPUA
912423,Mbua Tengah,9124,KABUPATEN NDUGA,91,PAPUA
912424,Embetpen,9124,KABUPATEN NDUGA,91,PAPUA
912425,Kora,9124,KABUPATEN NDUGA,91,PAPUA
912426,Wusi,9124,KABUPATEN NDUGA,91,PAPUA
912427,Pija,9124,KABUPATEN NDUGA,91,PAPUA
912428,Moba,9124,KABUPATEN NDUGA,91,PAPUA
912429,Wutpaga,9124,KABUPATEN NDUGA,91,PAPUA
912430,Nenggeagin,9124,KABUPATEN NDUGA,91,PAPUA
912431,Krepkuri,9124,KABUPATEN NDUGA,91,PAPUA
912432,Pasir Putih,9124,KABUPATEN NDUGA,91,PAPUA
912501,Ilaga,9125,KABUPATEN PUNCAK,91,PAPUA
912502,Wangbe,9125,KABUPATEN PUNCAK,91,PAPUA
912503,Beoga,9125,KABUPATEN PUNCAK,91,PAPUA
912504,Doufo,9125,KABUPATEN PUNCAK,91,PAPUA
912505,Pogoma,9125,KABUPATEN PUNCAK,91,PAPUA
912506,Sinak,9125,KABUPATEN PUNCAK,91,PAPUA
912507,Agandugume,9125,KABUPATEN PUNCAK,91,PAPUA
912508,Gome,9125,KABUPATEN PUNCAK,91,PAPUA
912509,Dervos,9125,KABUPATEN PUNCAK,91,PAPUA
912510,Beoga Barat,9125,KABUPATEN PUNCAK,91,PAPUA
912511,Beoga Timur,9125,KABUPATEN PUNCAK,91,PAPUA
912512,Ogamanim,9125,KABUPATEN PUNCAK,91,PAPUA
912513,Kembru,9125,KABUPATEN PUNCAK,91,PAPUA
912514,Bina,9125,KABUPATEN PUNCAK,91,PAPUA
912515,Sinak Barat,9125,KABUPATEN PUNCAK,91,PAPUA
912516,Mage'abume,9125,KABUPATEN PUNCAK,91,PAPUA
912517,Yugumuak,9125,KABUPATEN PUNCAK,91,PAPUA
912518,Ilaga Utara,9125,KABUPATEN PUNCAK,91,PAPUA
912519,Mabugi,9125,KABUPATEN PUNCAK,91,PAPUA
912520,Omukia,9125,KABUPATEN PUNCAK,91,PAPUA
912521,Lambewi,9125,KABUPATEN PUNCAK,91,PAPUA
912522,Oneri,9125,KABUPATEN PUNCAK,91,PAPUA
912523,Amungkalpia,9125,KABUPATEN PUNCAK,91,PAPUA
912524,Gome Utara,9125,KABUPATEN PUNCAK,91,PAPUA
912525,Erelmakawia,9125,KABUPATEN PUNCAK,91,PAPUA
912601,Kamu,9126,KABUPATEN DOGIYAI,91,PAPUA
912602,Mapia,9126,KABUPATEN DOGIYAI,91,PAPUA
912603,Piyaiye,9126,KABUPATEN DOGIYAI,91,PAPUA
912604,Kamu Utara,9126,KABUPATEN DOGIYAI,91,PAPUA
912605,Sukikai Selatan,9126,KABUPATEN DOGIYAI,91,PAPUA
912606,Mapia Barat,9126,KABUPATEN DOGIYAI,91,PAPUA
912607,Kamu Selatan,9126,KABUPATEN DOGIYAI,91,PAPUA
912608,Kamu Timur,9126,KABUPATEN DOGIYAI,91,PAPUA
912609,Mapia Tengah,9126,KABUPATEN DOGIYAI,91,PAPUA
912610,Dogiyai,9126,KABUPATEN DOGIYAI,91,PAPUA
912701,Sugapa,9127,KABUPATEN INTAN JAYA,91,PAPUA
912702,Homeyo,9127,KABUPATEN INTAN JAYA,91,PAPUA
912703,Wandai,9127,KABUPATEN INTAN JAYA,91,PAPUA
912704,Biandoga,9127,KABUPATEN INTAN JAYA,91,PAPUA
912705,Agisiga,9127,KABUPATEN INTAN JAYA,91,PAPUA
912706,Hitadipa,9127,KABUPATEN INTAN JAYA,91,PAPUA
912707,Ugimba,9127,KABUPATEN INTAN JAYA,91,PAPUA
912708,Tomosiga,9127,KABUPATEN INTAN JAYA,91,PAPUA
912801,Tigi,9128,KABUPATEN DEIYAI,91,PAPUA
912802,Tigi Timur,9128,KABUPATEN DEIYAI,91,PAPUA
912803,Bowobado,9128,KABUPATEN DEIYAI,91,PAPUA
912804,Tigi Barat,9128,KABUPATEN DEIYAI,91,PAPUA
912805,Kapiraya,9128,KABUPATEN DEIYAI,91,PAPUA
917101,Jayapura Utara,9171,KOTA JAYAPURA,91,PAPUA
917102,Jayapura Selatan,9171,KOTA JAYAPURA,91,PAPUA
917103,Abepura,9171,KOTA JAYAPURA,91,PAPUA
917104,Muara Tami,9171,KOTA JAYAPURA,91,PAPUA
917105,Heram,9171,KOTA JAYAPURA,91,PAPUA
920101,Makbon,9201,KABUPATEN SORONG,92,PAPUA BARAT
920104,Beraur,9201,KABUPATEN SORONG,92,PAPUA BARAT
920105,Salawati,9201,KABUPATEN SORONG,92,PAPUA BARAT
920106,Seget,9201,KABUPATEN SORONG,92,PAPUA BARAT
920107,Aimas,9201,KABUPATEN SORONG,92,PAPUA BARAT
920108,Klamono,9201,KABUPATEN SORONG,92,PAPUA BARAT
920110,Sayosa,9201,KABUPATEN SORONG,92,PAPUA BARAT
920112,Segun,9201,KABUPATEN SORONG,92,PAPUA BARAT
920113,Mayamuk,9201,KABUPATEN SORONG,92,PAPUA BARAT
920114,Salawati Selatan,9201,KABUPATEN SORONG,92,PAPUA BARAT
920117,Klabot,9201,KABUPATEN SORONG,92,PAPUA BARAT
920118,Klawak,9201,KABUPATEN SORONG,92,PAPUA BARAT
920120,Maudus,9201,KABUPATEN SORONG,92,PAPUA BARAT
920139,Mariat,9201,KABUPATEN SORONG,92,PAPUA BARAT
920140,Klayili,9201,KABUPATEN SORONG,92,PAPUA BARAT
920141,Klaso,9201,KABUPATEN SORONG,92,PAPUA BARAT
920142,Moisegen,9201,KABUPATEN SORONG,92,PAPUA BARAT
920143,Sorong,9201,KABUPATEN SORONG,92,PAPUA BARAT
920144,Bagun,9201,KABUPATEN SORONG,92,PAPUA BARAT
920145,Wemak,9201,KABUPATEN SORONG,92,PAPUA BARAT
920146,Sunook,9201,KABUPATEN SORONG,92,PAPUA BARAT
920147,Buk,9201,KABUPATEN SORONG,92,PAPUA BARAT
920148,Saengkeduk,9201,KABUPATEN SORONG,92,PAPUA BARAT
920149,Malabotom,9201,KABUPATEN SORONG,92,PAPUA BARAT
920150,Konhir,9201,KABUPATEN SORONG,92,PAPUA BARAT
920151,Klasafet,9201,KABUPATEN SORONG,92,PAPUA BARAT
920152,Hobard,9201,KABUPATEN SORONG,92,PAPUA BARAT
920153,Salawati Tengah,9201,KABUPATEN SORONG,92,PAPUA BARAT
920154,Botain,9201,KABUPATEN SORONG,92,PAPUA BARAT
920155,Sayosa Timur,9201,KABUPATEN SORONG,92,PAPUA BARAT
920203,Warmare,9202,KABUPATEN MANOKWARI,92,PAPUA BARAT
920204,Prafi,9202,KABUPATEN MANOKWARI,92,PAPUA BARAT
920205,Masni,9202,KABUPATEN MANOKWARI,92,PAPUA BARAT
920212,Manokwari Barat,9202,KABUPATEN MANOKWARI,92,PAPUA BARAT
920213,Manokwari Timur,9202,KABUPATEN MANOKWARI,92,PAPUA BARAT
920214,Manokwari Utara,9202,KABUPATEN MANOKWARI,92,PAPUA BARAT
920215,Manokwari Selatan,9202,KABUPATEN MANOKWARI,92,PAPUA BARAT
920217,Tanah Rubuh,9202,KABUPATEN MANOKWARI,92,PAPUA BARAT
920221,Sidey,9202,KABUPATEN MANOKWARI,92,PAPUA BARAT
920301,Fak-Fak,9203,KABUPATEN FAK FAK,92,PAPUA BARAT
920302,Fak-Fak Barat,9203,KABUPATEN FAK FAK,92,PAPUA BARAT
920303,Fak-Fak Timur,9203,KABUPATEN FAK FAK,92,PAPUA BARAT
920304,Kokas,9203,KABUPATEN FAK FAK,92,PAPUA BARAT
920305,Fak-Fak Tengah,9203,KABUPATEN FAK FAK,92,PAPUA BARAT
920306,Karas,9203,KABUPATEN FAK FAK,92,PAPUA BARAT
920307,Bomberay,9203,KABUPATEN FAK FAK,92,PAPUA BARAT
920308,Kramongmongga,9203,KABUPATEN FAK FAK,92,PAPUA BARAT
920309,Teluk Patipi,9203,KABUPATEN FAK FAK,92,PAPUA BARAT
920310,Pariwari,9203,KABUPATEN FAK FAK,92,PAPUA BARAT
920311,Wartutin,9203,KABUPATEN FAK FAK,92,PAPUA BARAT
920312,Fakfak Timur Tengah,9203,KABUPATEN FAK FAK,92,PAPUA BARAT
920313,Arguni,9203,KABUPATEN FAK FAK,92,PAPUA BARAT
920314,Mbahamdandara,9203,KABUPATEN FAK FAK,92,PAPUA BARAT
920315,Kayauni,9203,KABUPATEN FAK FAK,92,PAPUA BARAT
920316,Furwagi,9203,KABUPATEN FAK FAK,92,PAPUA BARAT
920317,Tomage,9203,KABUPATEN FAK FAK,92,PAPUA BARAT
920401,Teminabuan,9204,KABUPATEN SORONG SELATAN,92,PAPUA BARAT
920404,Inanwatan,9204,KABUPATEN SORONG SELATAN,92,PAPUA BARAT
920406,Sawiat,9204,KABUPATEN SORONG SELATAN,92,PAPUA BARAT
920409,Kokoda,9204,KABUPATEN SORONG SELATAN,92,PAPUA BARAT
920410,Moswaren,9204,KABUPATEN SORONG SELATAN,92,PAPUA BARAT
920411,Seremuk,9204,KABUPATEN SORONG SELATAN,92,PAPUA BARAT
920412,Wayer,9204,KABUPATEN SORONG SELATAN,92,PAPUA BARAT
920414,Kais,9204,KABUPATEN SORONG SELATAN,92,PAPUA BARAT
920415,Konda,9204,KABUPATEN SORONG SELATAN,92,PAPUA BARAT
920420,Matemani,9204,KABUPATEN SORONG SELATAN,92,PAPUA BARAT
920421,Kokoda Utara,9204,KABUPATEN SORONG SELATAN,92,PAPUA BARAT
920422,Saifi,9204,KABUPATEN SORONG SELATAN,92,PAPUA BARAT
920424,Fokour,9204,KABUPATEN SORONG SELATAN,92,PAPUA BARAT
920425,Salkma,9204,KABUPATEN SORONG SELATAN,92,PAPUA BARAT
920426,Kais Darat,9204,KABUPATEN SORONG SELATAN,92,PAPUA BARAT
920501,Misool (Misool Utara),9205,KABUPATEN RAJA AMPAT,92,PAPUA BARAT
920502,Waigeo Utara,9205,KABUPATEN RAJA AMPAT,92,PAPUA BARAT
920503,Waigeo Selatan,9205,KABUPATEN RAJA AMPAT,92,PAPUA BARAT
920504,Salawati Utara,9205,KABUPATEN RAJA AMPAT,92,PAPUA BARAT
920505,Kepulauan Ayau,9205,KABUPATEN RAJA AMPAT,92,PAPUA BARAT
920506,Misool Timur,9205,KABUPATEN RAJA AMPAT,92,PAPUA BARAT
920507,Waigeo Barat,9205,KABUPATEN RAJA AMPAT,92,PAPUA BARAT
920508,Waigeo Timur,9205,KABUPATEN RAJA AMPAT,92,PAPUA BARAT
920509,Teluk Mayalibit,9205,KABUPATEN RAJA AMPAT,92,PAPUA BARAT
920510,Kofiau,9205,KABUPATEN RAJA AMPAT,92,PAPUA BARAT
920511,Meos Mansar,9205,KABUPATEN RAJA AMPAT,92,PAPUA BARAT
920513,Misool Selatan,9205,KABUPATEN RAJA AMPAT,92,PAPUA BARAT
920514,Warwarbomi,9205,KABUPATEN RAJA AMPAT,92,PAPUA BARAT
920515,Waigeo Barat Kepulauan,9205,KABUPATEN RAJA AMPAT,92,PAPUA BARAT
920516,Misool Barat,9205,KABUPATEN RAJA AMPAT,92,PAPUA BARAT
920517,Kepulauan Sembilan,9205,KABUPATEN RAJA AMPAT,92,PAPUA BARAT
920518,Kota Waisai,9205,KABUPATEN RAJA AMPAT,92,PAPUA BARAT
920519,Tiplol Mayalibit,9205,KABUPATEN RAJA AMPAT,92,PAPUA BARAT
920520,Batanta Utara,9205,KABUPATEN RAJA AMPAT,92,PAPUA BARAT
920521,Salawati Barat,9205,KABUPATEN RAJA AMPAT,92,PAPUA BARAT
920522,Salawati Tengah,9205,KABUPATEN RAJA AMPAT,92,PAPUA BARAT
920523,Supnin,9205,KABUPATEN RAJA AMPAT,92,PAPUA BARAT
920524,Ayau,9205,KABUPATEN RAJA AMPAT,92,PAPUA BARAT
920525,Batanta Selatan,9205,KABUPATEN RAJA AMPAT,92,PAPUA BARAT
920601,Bintuni,9206,KABUPATEN TELUK BINTUNI,92,PAPUA BARAT
920602,Merdey,9206,KABUPATEN TELUK BINTUNI,92,PAPUA BARAT
920603,Babo,9206,KABUPATEN TELUK BINTUNI,92,PAPUA BARAT
920604,Aranday,9206,KABUPATEN TELUK BINTUNI,92,PAPUA BARAT
920605,Moskona Selatan,9206,KABUPATEN TELUK BINTUNI,92,PAPUA BARAT
920606,Moskona Utara,9206,KABUPATEN TELUK BINTUNI,92,PAPUA BARAT
920607,Wamesa,9206,KABUPATEN TELUK BINTUNI,92,PAPUA BARAT
920608,Fafurwar,9206,KABUPATEN TELUK BINTUNI,92,PAPUA BARAT
920609,Tembuni,9206,KABUPATEN TELUK BINTUNI,92,PAPUA BARAT
920610,Kuri,9206,KABUPATEN TELUK BINTUNI,92,PAPUA BARAT
920611,Manimeri,9206,KABUPATEN TELUK BINTUNI,92,PAPUA BARAT
920612,Tuhiba,9206,KABUPATEN TELUK BINTUNI,92,PAPUA BARAT
920613,Dataran Beimes,9206,KABUPATEN TELUK BINTUNI,92,PAPUA BARAT
920614,Sumuri,9206,KABUPATEN TELUK BINTUNI,92,PAPUA BARAT
920615,Kaitaro,9206,KABUPATEN TELUK BINTUNI,92,PAPUA BARAT
920616,Aroba,9206,KABUPATEN TELUK BINTUNI,92,PAPUA BARAT
920617,Masyeta,9206,KABUPATEN TELUK BINTUNI,92,PAPUA BARAT
920618,Biscoop,9206,KABUPATEN TELUK BINTUNI,92,PAPUA BARAT
920619,Tomu,9206,KABUPATEN TELUK BINTUNI,92,PAPUA BARAT
920620,Kamundan,9206,KABUPATEN TELUK BINTUNI,92,PAPUA BARAT
920621,Weriagar,9206,KABUPATEN TELUK BINTUNI,92,PAPUA BARAT
920622,Moskona Barat,9206,KABUPATEN TELUK BINTUNI,92,PAPUA BARAT
920623,Meyado,9206,KABUPATEN TELUK BINTUNI,92,PAPUA BARAT
920624,Moskona Timur,9206,KABUPATEN TELUK BINTUNI,92,PAPUA BARAT
920701,Wasior,9207,KABUPATEN TELUK WONDAMA,92,PAPUA BARAT
920702,Windesi,9207,KABUPATEN TELUK WONDAMA,92,PAPUA BARAT
920703,Teluk Duairi,9207,KABUPATEN TELUK WONDAMA,92,PAPUA BARAT
920704,Wondiboy,9207,KABUPATEN TELUK WONDAMA,92,PAPUA BARAT
920705,Wamesa,9207,KABUPATEN TELUK WONDAMA,92,PAPUA BARAT
920706,Rumberpon,9207,KABUPATEN TELUK WONDAMA,92,PAPUA BARAT
920707,Naikere,9207,KABUPATEN TELUK WONDAMA,92,PAPUA BARAT
920708,Rasiei,9207,KABUPATEN TELUK WONDAMA,92,PAPUA BARAT
920709,Kuri Wamesa,9207,KABUPATEN TELUK WONDAMA,92,PAPUA BARAT
920710,Roon,9207,KABUPATEN TELUK WONDAMA,92,PAPUA BARAT
920711,Roswar,9207,KABUPATEN TELUK WONDAMA,92,PAPUA BARAT
920712,Nikiwar,9207,KABUPATEN TELUK WONDAMA,92,PAPUA BARAT
920713,Soug Jaya,9207,KABUPATEN TELUK WONDAMA,92,PAPUA BARAT
920801,Kaimana,9208,KABUPATEN KAIMANA,92,PAPUA BARAT
920802,Buruway,9208,KABUPATEN KAIMANA,92,PAPUA BARAT
920803,Teluk Arguni Atas,9208,KABUPATEN KAIMANA,92,PAPUA BARAT
920804,Teluk Etna,9208,KABUPATEN KAIMANA,92,PAPUA BARAT
920805,Kambrau,9208,KABUPATEN KAIMANA,92,PAPUA BARAT
920806,Teluk Arguni Bawah,9208,KABUPATEN KAIMANA,92,PAPUA BARAT
920807,Yamor,9208,KABUPATEN KAIMANA,92,PAPUA BARAT
920901,Fef,9209,KABUPATEN TAMBRAUW,92,PAPUA BARAT
920902,Miyah,9209,KABUPATEN TAMBRAUW,92,PAPUA BARAT
920903,Yembun,9209,KABUPATEN TAMBRAUW,92,PAPUA BARAT
920904,Kwoor,9209,KABUPATEN TAMBRAUW,92,PAPUA BARAT
920905,Sausapor,9209,KABUPATEN TAMBRAUW,92,PAPUA BARAT
920906,Abun,9209,KABUPATEN TAMBRAUW,92,PAPUA BARAT
920907,Syujak,9209,KABUPATEN TAMBRAUW,92,PAPUA BARAT
920908,Moraid,9209,KABUPATEN TAMBRAUW,92,PAPUA BARAT
920909,Kebar,9209,KABUPATEN TAMBRAUW,92,PAPUA BARAT
920910,Amberbaken,9209,KABUPATEN TAMBRAUW,92,PAPUA BARAT
920911,Senopi,9209,KABUPATEN TAMBRAUW,92,PAPUA BARAT
920912,Mubrani,9209,KABUPATEN TAMBRAUW,92,PAPUA BARAT
920913,Bikar,9209,KABUPATEN TAMBRAUW,92,PAPUA BARAT
920914,Bamusbama,9209,KABUPATEN TAMBRAUW,92,PAPUA BARAT
920915,Ases,9209,KABUPATEN TAMBRAUW,92,PAPUA BARAT
920916,Miyah Selatan,9209,KABUPATEN TAMBRAUW,92,PAPUA BARAT
920917,Ireres,9209,KABUPATEN TAMBRAUW,92,PAPUA BARAT
920918,Tobouw,9209,KABUPATEN TAMBRAUW,92,PAPUA BARAT
920919,Wilhem Roumbouts,9209,KABUPATEN TAMBRAUW,92,PAPUA BARAT
920920,Tinggouw,9209,KABUPATEN TAMBRAUW,92,PAPUA BARAT
920921,Kwesefo,9209,KABUPATEN TAMBRAUW,92,PAPUA BARAT
920922,Mawabuan,9209,KABUPATEN TAMBRAUW,92,PAPUA BARAT
920923,Kebar Timur,9209,KABUPATEN TAMBRAUW,92,PAPUA BARAT
920924,Kebar Selatan,9209,KABUPATEN TAMBRAUW,92,PAPUA BARAT
920925,Manekar,9209,KABUPATEN TAMBRAUW,92,PAPUA BARAT
920926,Mpur,9209,KABUPATEN TAMBRAUW,92,PAPUA BARAT
920927,Amberbaken Barat,9209,KABUPATEN TAMBRAUW,92,PAPUA BARAT
920928,Kasi,9209,KABUPATEN TAMBRAUW,92,PAPUA BARAT
920929,Selemkai,9209,KABUPATEN TAMBRAUW,92,PAPUA BARAT
921001,Aifat,9210,KABUPATEN MAYBRAT,92,PAPUA BARAT
921002,Aifat Utara,9210,KABUPATEN MAYBRAT,92,PAPUA BARAT
921003,Aifat Timur,9210,KABUPATEN MAYBRAT,92,PAPUA BARAT
921004,Aifat Selatan,9210,KABUPATEN MAYBRAT,92,PAPUA BARAT
921005,Aitinyo Barat,9210,KABUPATEN MAYBRAT,92,PAPUA BARAT
921006,Aitinyo,9210,KABUPATEN MAYBRAT,92,PAPUA BARAT
921007,Aitinyo Utara,9210,KABUPATEN MAYBRAT,92,PAPUA BARAT
921008,Ayamaru,9210,KABUPATEN MAYBRAT,92,PAPUA BARAT
921009,Ayamaru Utara,9210,KABUPATEN MAYBRAT,92,PAPUA BARAT
921010,Ayamaru Timur,9210,KABUPATEN MAYBRAT,92,PAPUA BARAT
921011,Mare,9210,KABUPATEN MAYBRAT,92,PAPUA BARAT
921012,Aifat Timur Tengah,9210,KABUPATEN MAYBRAT,92,PAPUA BARAT
921013,Aifat Timur Jauh,9210,KABUPATEN MAYBRAT,92,PAPUA BARAT
921014,Aifat Timur Selatan,9210,KABUPATEN MAYBRAT,92,PAPUA BARAT
921015,Ayamaru Selatan,9210,KABUPATEN MAYBRAT,92,PAPUA BARAT
921016,Ayamaru Jaya,9210,KABUPATEN MAYBRAT,92,PAPUA BARAT
921017,Ayamaru Selatan Jaya,9210,KABUPATEN MAYBRAT,92,PAPUA BARAT
921018,Ayamaru Timur Selatan,9210,KABUPATEN MAYBRAT,92,PAPUA BARAT
921019,Ayamaru Utara Timur,9210,KABUPATEN MAYBRAT,92,PAPUA BARAT
921020,Ayamaru Tengah,9210,KABUPATEN MAYBRAT,92,PAPUA BARAT
921021,Ayamaru Barat,9210,KABUPATEN MAYBRAT,92,PAPUA BARAT
921022,Aitinyo Tengah,9210,KABUPATEN MAYBRAT,92,PAPUA BARAT
921023,Aitinyo Raya,9210,KABUPATEN MAYBRAT,92,PAPUA BARAT
921024,Mare Selatan,9210,KABUPATEN MAYBRAT,92,PAPUA BARAT
921101,Ransiki,9211,KABUPATEN MANOKWARI SELATAN,92,PAPUA BARAT
921102,Oransbari,9211,KABUPATEN MANOKWARI SELATAN,92,PAPUA BARAT
921103,Neney,9211,KABUPATEN MANOKWARI SELATAN,92,PAPUA BARAT
921104,Dataran Isim,9211,KABUPATEN MANOKWARI SELATAN,92,PAPUA BARAT
921105,Momi Waren,9211,KABUPATEN MANOKWARI SELATAN,92,PAPUA BARAT
921106,Tahota,9211,KABUPATEN MANOKWARI SELATAN,92,PAPUA BARAT
921201,Anggi,9212,KABUPATEN PEGUNUNGAN ARFAK,92,PAPUA BARAT
921202,Anggi Gida,9212,KABUPATEN PEGUNUNGAN ARFAK,92,PAPUA BARAT
921203,Membey,9212,KABUPATEN PEGUNUNGAN ARFAK,92,PAPUA BARAT
921204,Sururey,9212,KABUPATEN PEGUNUNGAN ARFAK,92,PAPUA BARAT
921205,Didohu,9212,KABUPATEN PEGUNUNGAN ARFAK,92,PAPUA BARAT
921206,Taige,9212,KABUPATEN PEGUNUNGAN ARFAK,92,PAPUA BARAT
921207,Catubouw,9212,KABUPATEN PEGUNUNGAN ARFAK,92,PAPUA BARAT
921208,Testega,9212,KABUPATEN PEGUNUNGAN ARFAK,92,PAPUA BARAT
921209,Minyambaouw,9212,KABUPATEN PEGUNUNGAN ARFAK,92,PAPUA BARAT
921210,Hingk,9212,KABUPATEN PEGUNUNGAN ARFAK,92,PAPUA BARAT
927101,Sorong,9271,KOTA SORONG,92,PAPUA BARAT
927102,Sorong Timur,9271,KOTA SORONG,92,PAPUA BARAT
927103,Sorong Barat,9271,KOTA SORONG,92,PAPUA BARAT
927104,Sorong Kepulauan,9271,KOTA SORONG,92,PAPUA BARAT
927105,Sorong Utara,9271,KOTA SORONG,92,PAPUA BARAT
927106,Sorong Manoi,9271,KOTA SORONG,92,PAPUA BARAT
927107,Sorong Kota,9271,KOTA SORONG,92,PAPUA BARAT
927108,Klaurung,9271,KOTA SORONG,92,PAPUA BARAT
927109,Malaimsimsa,9271,KOTA SORONG,92,PAPUA BARAT
927110,Maladum Mes,9271,KOTA SORONG,92,PAPUA BARAT
